-- phpMyAdmin SQL Dump
-- version 4.0.10.14
-- http://www.phpmyadmin.net
--
-- Host: localhost:3306
-- Generation Time: May 18, 2016 at 08:15 AM
-- Server version: 5.5.49-cll
-- PHP Version: 5.4.31

SET SQL_MODE = "NO_AUTO_VALUE_ON_ZERO";
SET time_zone = "+00:00";


/*!40101 SET @OLD_CHARACTER_SET_CLIENT=@@CHARACTER_SET_CLIENT */;
/*!40101 SET @OLD_CHARACTER_SET_RESULTS=@@CHARACTER_SET_RESULTS */;
/*!40101 SET @OLD_COLLATION_CONNECTION=@@COLLATION_CONNECTION */;
/*!40101 SET NAMES utf8 */;

--
-- Database: `pearlroy_pearlroyaleadmin`
--

-- --------------------------------------------------------

--
-- Table structure for table `about_us`
--

CREATE TABLE IF NOT EXISTS `about_us` (
  `id` int(10) NOT NULL AUTO_INCREMENT,
  `content` text NOT NULL,
  `created_date` timestamp NOT NULL DEFAULT CURRENT_TIMESTAMP,
  PRIMARY KEY (`id`)
) ENGINE=MyISAM  DEFAULT CHARSET=latin1 AUTO_INCREMENT=2 ;

--
-- Dumping data for table `about_us`
--

INSERT INTO `about_us` (`id`, `content`, `created_date`) VALUES
(1, '<p>\n	Pearl Royale is an online bidding App. Where you can bid on your favourite item and buy it.</p>\n<p>\n	Pearl Royale Auction House is owned and run by Pearl Sarkar W.L.L. Bahrain.&nbsp;</p>\n<p>\n	Telephone number: +97336812636</p>\n<p>\n	Right to transaction, viewing and admission are reserved by Pearl Royal (Pearl Sarkar W.L.L.)</p>\n<p>\n	For Mumbai contact +917738882878 or +912240056369</p>\n<p>\n	Siddharth Sarkar +919322251480</p>\n<p>\n	All prices are in US$ and transactions will be converted to local currency of the respective countries of Auction.</p>\n<p>\n	The bidder and the seller is accepting all the terms and conditions before doing any transaction with us.</p>\n<p>\n	All the bidder have to make payment within 5 working days after closing of the auction.</p>\n<p>\n	In case of Non payment, Goods will be returned to the owner.&nbsp;</p>\n<p>\n	Pearl Royale Auction House has the right to take deposit from the bidder as and when and whichever amount they find appropriate.&nbsp;</p>\n<p>\n	Email us at info@pearlroyale.com</p>\n<p>\n	Website: www.pearlroyale.com</p>\n', '2015-09-29 21:05:35');

-- --------------------------------------------------------

--
-- Table structure for table `auctions`
--

CREATE TABLE IF NOT EXISTS `auctions` (
  `id` int(10) NOT NULL AUTO_INCREMENT,
  `auction_name` varchar(150) NOT NULL,
  `address` varchar(250) NOT NULL,
  `city` varchar(100) NOT NULL,
  `country` varchar(100) NOT NULL,
  `auction_start_date` date NOT NULL,
  `auction_start_time` time NOT NULL,
  `auction_end_date` date NOT NULL,
  `auction_end_time` time NOT NULL,
  `auction_archive_date` date NOT NULL,
  `auction_archive_time` time NOT NULL,
  `created_date` timestamp NOT NULL DEFAULT CURRENT_TIMESTAMP,
  PRIMARY KEY (`id`)
) ENGINE=MyISAM  DEFAULT CHARSET=latin1 AUTO_INCREMENT=14 ;

--
-- Dumping data for table `auctions`
--

INSERT INTO `auctions` (`id`, `auction_name`, `address`, `city`, `country`, `auction_start_date`, `auction_start_time`, `auction_end_date`, `auction_end_time`, `auction_archive_date`, `auction_archive_time`, `created_date`) VALUES
(1, 'BKC', 'Andheri', 'Mumbai', 'Maharashtra', '2015-08-10', '06:06:00', '2015-08-22', '17:45:00', '2015-08-22', '17:45:00', '2015-02-21 17:13:06'),
(4, 'Mumbai', 'Panchratna ', 'Mumbai ', 'India ', '2015-08-20', '06:00:00', '2015-08-27', '19:00:00', '2016-03-03', '12:25:00', '2015-08-15 07:42:12'),
(7, '28 to 30 October 2015', 'Shreeji Chambers', 'Mumbai', 'India', '2015-10-28', '11:00:00', '2015-10-30', '18:00:00', '2016-03-02', '15:31:00', '2015-10-27 12:05:03'),
(6, 'Shreeji Chambers', '102, Shreeji Chambers', 'Mumbai', 'India', '2015-10-14', '11:00:00', '2015-10-22', '18:00:00', '2016-03-02', '18:00:00', '2015-10-12 12:11:09'),
(8, '2 to 6 November 2015', 'Shreeji Chambers ', 'Mumbai', 'India ', '2015-11-02', '11:00:00', '2015-11-06', '18:00:00', '2016-03-02', '18:00:00', '2015-10-31 08:16:27'),
(9, 'Dummy for Apple phone checking', 'At office', 'Mumbai', 'India', '2015-11-05', '11:00:00', '2015-12-01', '18:00:00', '2016-03-02', '18:31:00', '2015-11-05 07:24:39'),
(10, '20 to 27 November 2015', '102, Shreeji Chambers', 'Mumbai', 'India', '2015-11-20', '11:00:00', '2015-11-27', '18:00:00', '2016-03-02', '15:30:00', '2015-11-19 09:50:41'),
(13, '1 to 12 February 2016', '102, Shreeji Chambers', 'Mumbai ', 'India ', '2016-02-01', '13:00:00', '2016-02-12', '18:00:00', '2016-05-02', '18:00:00', '2016-02-01 06:30:54'),
(12, '15 to 27 January 2016', '102, Shreeji Chambers', 'Mumbai', 'India', '2016-01-15', '12:00:00', '2016-01-27', '18:00:00', '2016-03-02', '18:00:00', '2016-01-15 06:10:17');

-- --------------------------------------------------------

--
-- Table structure for table `categories`
--

CREATE TABLE IF NOT EXISTS `categories` (
  `id` int(10) NOT NULL AUTO_INCREMENT,
  `category_name` varchar(150) NOT NULL,
  `image` varchar(250) NOT NULL,
  `priority` int(5) NOT NULL,
  `created_date` timestamp NOT NULL DEFAULT CURRENT_TIMESTAMP,
  PRIMARY KEY (`id`)
) ENGINE=MyISAM  DEFAULT CHARSET=latin1 AUTO_INCREMENT=4 ;

--
-- Dumping data for table `categories`
--

INSERT INTO `categories` (`id`, `category_name`, `image`, `priority`, `created_date`) VALUES
(1, 'Yelllow Sapphire', '56138-55520-yellowsapphire.jpg', 1, '2015-02-21 16:28:35'),
(2, 'Diamonds', '367f5-image.jpg', 2, '2015-02-24 17:43:53'),
(3, 'Pearl', '849bb-image.jpg', 3, '2015-02-27 21:12:53');

-- --------------------------------------------------------

--
-- Table structure for table `categoryfilterrel`
--

CREATE TABLE IF NOT EXISTS `categoryfilterrel` (
  `id` int(10) NOT NULL AUTO_INCREMENT,
  `category_id` int(10) NOT NULL,
  `filter_name` varchar(150) NOT NULL,
  `filter_type` enum('Numeric','Alphanumeric','Dropdown') NOT NULL,
  `created_date` timestamp NOT NULL DEFAULT CURRENT_TIMESTAMP,
  PRIMARY KEY (`id`)
) ENGINE=MyISAM  DEFAULT CHARSET=latin1 AUTO_INCREMENT=47 ;

--
-- Dumping data for table `categoryfilterrel`
--

INSERT INTO `categoryfilterrel` (`id`, `category_id`, `filter_name`, `filter_type`, `created_date`) VALUES
(1, 1, 'Weight Carat', 'Dropdown', '2015-02-21 16:31:05'),
(2, 1, 'No. Of. Pcs', 'Dropdown', '2015-02-21 16:34:47'),
(3, 1, 'Chaw', 'Dropdown', '2015-02-21 16:35:09'),
(4, 1, 'MM1', 'Dropdown', '2015-02-21 16:35:30'),
(5, 1, 'MM2', 'Dropdown', '2015-02-21 16:35:36'),
(6, 1, 'MM3', 'Alphanumeric', '2015-02-21 16:35:41'),
(7, 1, 'Drill', 'Alphanumeric', '2015-02-21 16:35:54'),
(8, 1, 'Shape', 'Alphanumeric', '2015-02-21 16:37:13'),
(9, 1, 'Clarity', 'Alphanumeric', '2015-02-21 16:37:21'),
(10, 1, 'Cutting', 'Alphanumeric', '2015-02-21 16:37:27'),
(11, 1, 'color', 'Dropdown', '2015-02-21 16:37:35'),
(13, 2, 'Weight', 'Dropdown', '2015-02-24 17:50:36'),
(14, 2, 'MM1', 'Dropdown', '2015-02-24 19:23:40'),
(26, 3, 'Shape', 'Dropdown', '2015-03-31 09:08:00'),
(27, 3, 'Quality', 'Dropdown', '2015-03-31 09:08:18'),
(24, 3, 'Carat', 'Numeric', '2015-03-31 09:07:24'),
(25, 3, 'Colour', 'Dropdown', '2015-03-31 09:07:48'),
(28, 3, 'MM1', 'Numeric', '2015-03-31 09:08:40'),
(29, 3, 'MM2', 'Numeric', '2015-03-31 09:08:50'),
(30, 3, 'MM3', 'Numeric', '2015-03-31 09:09:13'),
(31, 3, 'Certificate no:', 'Alphanumeric', '2015-03-31 09:10:30'),
(32, 3, 'Certified by', 'Dropdown', '2015-08-10 06:34:56'),
(33, 3, 'Origin', 'Dropdown', '2015-08-10 06:36:22'),
(34, 3, 'No of pearls', 'Alphanumeric', '2015-08-10 07:46:25'),
(35, 3, 'Chaws', 'Alphanumeric', '2015-08-10 07:46:47'),
(36, 3, 'Drill', 'Dropdown', '2015-08-10 07:47:16'),
(37, 3, 'Overtone', 'Dropdown', '2015-08-10 07:47:35'),
(38, 3, 'Orient', 'Dropdown', '2015-08-10 07:47:52'),
(39, 3, 'Luster', 'Dropdown', '2015-08-10 07:48:10'),
(40, 3, 'Surface', 'Dropdown', '2015-08-10 07:48:32'),
(41, 3, 'Nacre', 'Dropdown', '2015-08-10 07:48:50'),
(42, 3, 'Matching', 'Dropdown', '2015-08-10 07:49:12'),
(43, 3, 'Gram', 'Alphanumeric', '2015-08-10 07:50:52'),
(44, 3, 'Kilogram', 'Alphanumeric', '2015-08-10 07:51:18'),
(45, 3, 'Strings', 'Numeric', '2015-08-12 09:30:57'),
(46, 3, 'Type', 'Dropdown', '2015-08-14 09:58:52');

-- --------------------------------------------------------

--
-- Table structure for table `groups`
--

CREATE TABLE IF NOT EXISTS `groups` (
  `id` mediumint(8) unsigned NOT NULL AUTO_INCREMENT,
  `name` varchar(20) NOT NULL,
  `description` varchar(100) NOT NULL,
  PRIMARY KEY (`id`)
) ENGINE=InnoDB  DEFAULT CHARSET=utf8 AUTO_INCREMENT=3 ;

--
-- Dumping data for table `groups`
--

INSERT INTO `groups` (`id`, `name`, `description`) VALUES
(1, 'admin', 'Administrator'),
(2, 'members', 'General User');

-- --------------------------------------------------------

--
-- Table structure for table `itemfilterrel`
--

CREATE TABLE IF NOT EXISTS `itemfilterrel` (
  `id` int(10) NOT NULL AUTO_INCREMENT,
  `item_id` int(10) NOT NULL,
  `filter_id` int(10) NOT NULL,
  `filter_value` varchar(500) NOT NULL,
  `created_date` timestamp NOT NULL DEFAULT CURRENT_TIMESTAMP,
  PRIMARY KEY (`id`)
) ENGINE=MyISAM  DEFAULT CHARSET=latin1 AUTO_INCREMENT=1830 ;

--
-- Dumping data for table `itemfilterrel`
--

INSERT INTO `itemfilterrel` (`id`, `item_id`, `filter_id`, `filter_value`, `created_date`) VALUES
(1, 2, 14, '50', '2015-02-24 19:25:42'),
(2, 1, 7, '5', '2015-02-24 19:49:20'),
(3, 1, 11, 'red', '2015-02-26 17:56:02'),
(4, 1, 4, '1.15', '2015-02-26 17:56:17'),
(5, 2, 13, '65grms', '2015-02-26 17:58:19'),
(6, 2, 11, 'yelllow', '2015-03-02 22:54:48'),
(7, 4, 11, 'blue', '2015-03-02 22:57:46'),
(8, 7, 15, '500 ', '2015-03-12 13:22:13'),
(9, 7, 18, 'white', '2015-03-12 13:24:18'),
(10, 8, 24, '450.77', '2015-03-31 08:47:21'),
(11, 8, 25, 'Cream', '2015-03-31 08:47:45'),
(12, 8, 31, 'Freshwater Pearl', '2015-03-31 08:48:16'),
(13, 8, 28, '8.70', '2015-03-31 08:48:34'),
(14, 8, 29, '5.54', '2015-03-31 08:48:48'),
(15, 8, 30, '3.30', '2015-03-31 08:49:04'),
(20, 9, 24, '759.40', '2015-03-31 09:00:35'),
(17, 8, 27, 'B1', '2015-03-31 08:51:23'),
(18, 8, 26, 'Mix', '2015-03-31 08:51:36'),
(19, 8, 0, '', '2015-03-31 08:51:43'),
(21, 9, 25, 'White', '2015-03-31 09:00:48'),
(22, 9, 31, 'Southsea Pearls', '2015-03-31 09:01:07'),
(23, 9, 28, '14.20', '2015-03-31 09:01:21'),
(24, 9, 29, '10.52', '2015-03-31 09:01:39'),
(25, 9, 30, '7.30', '2015-03-31 09:01:51'),
(29, 10, 24, '629.50', '2015-03-31 09:45:20'),
(27, 9, 27, 'B1', '2015-03-31 09:02:13'),
(28, 9, 26, 'Near Round', '2015-03-31 09:02:32'),
(30, 10, 25, 'Cream', '2015-03-31 09:45:35'),
(31, 10, 31, 'Freshwater', '2015-03-31 09:45:48'),
(32, 10, 28, '8.50', '2015-03-31 09:49:00'),
(33, 10, 29, '5.66', '2015-03-31 09:49:22'),
(34, 10, 30, '3.40', '2015-03-31 09:49:35'),
(35, 10, 27, 'B1', '2015-03-31 09:49:50'),
(36, 10, 26, 'Mix', '2015-03-31 09:50:04'),
(37, 11, 24, '311.81', '2015-03-31 10:02:17'),
(38, 11, 25, 'Multi Colour', '2015-03-31 10:02:48'),
(39, 11, 31, 'Southsea', '2015-03-31 10:03:10'),
(40, 11, 28, '14.00', '2015-03-31 10:03:30'),
(41, 11, 29, '7.65', '2015-03-31 10:03:45'),
(42, 11, 30, '5.00', '2015-03-31 10:03:57'),
(43, 11, 27, 'B1', '2015-03-31 10:04:10'),
(44, 11, 26, 'Near Round', '2015-03-31 10:04:34'),
(45, 12, 24, '268.36', '2015-03-31 10:05:10'),
(46, 12, 25, 'White', '2015-03-31 10:05:26'),
(47, 12, 31, 'Freshwater', '2015-03-31 10:05:41'),
(48, 12, 28, '45.00', '2015-03-31 10:05:55'),
(49, 12, 29, '40.65', '2015-03-31 10:07:05'),
(50, 12, 30, '39.00', '2015-03-31 10:07:16'),
(51, 12, 27, 'B1', '2015-03-31 10:07:29'),
(52, 12, 26, 'Baroque', '2015-03-31 10:07:51'),
(53, 13, 24, '879.25', '2015-03-31 10:14:28'),
(54, 13, 25, 'Multi Colour', '2015-03-31 10:14:48'),
(55, 13, 31, 'Southsea', '2015-03-31 10:15:02'),
(56, 13, 28, '14.00', '2015-03-31 10:15:17'),
(57, 13, 29, '9.45', '2015-03-31 10:15:37'),
(58, 13, 30, '7.60', '2015-03-31 10:18:04'),
(59, 13, 27, 'B1', '2015-03-31 10:18:21'),
(60, 13, 26, 'Near Round', '2015-03-31 10:18:56'),
(61, 14, 24, '636.05', '2015-03-31 10:27:08'),
(62, 14, 25, 'Cream', '2015-03-31 10:27:25'),
(63, 14, 31, 'Freshwater', '2015-03-31 10:27:45'),
(64, 14, 28, '8.40', '2015-03-31 10:28:06'),
(65, 14, 29, '5.32', '2015-03-31 10:28:22'),
(66, 14, 30, '3.20', '2015-03-31 10:28:43'),
(67, 14, 27, 'B1', '2015-03-31 10:29:02'),
(68, 14, 26, 'Mix', '2015-03-31 10:29:19'),
(69, 15, 24, '506.68', '2015-03-31 10:35:31'),
(70, 15, 25, 'White', '2015-03-31 10:35:52'),
(71, 15, 31, 'Southsea', '2015-03-31 10:36:13'),
(72, 15, 28, '14.70', '2015-03-31 10:36:26'),
(73, 15, 29, '11.60', '2015-03-31 10:36:44'),
(74, 15, 30, '7.50', '2015-03-31 10:36:57'),
(75, 15, 27, 'B1', '2015-03-31 10:37:09'),
(76, 15, 26, 'Near Round', '2015-03-31 10:37:40'),
(77, 7, 24, '450', '2015-05-06 08:45:46'),
(78, 1, 2, '141', '2015-08-10 07:23:48'),
(79, 1, 3, '22.50', '2015-08-10 07:23:51'),
(80, 16, 24, '220', '2015-08-10 07:28:12'),
(82, 16, 31, 'Ggsctbjfr333', '2015-08-10 07:53:58'),
(88, 16, 36, 'Drilled', '2015-08-11 08:05:35'),
(87, 16, 25, 'White', '2015-08-11 08:05:18'),
(85, 16, 32, 'Hirco ', '2015-08-10 07:54:32'),
(89, 16, 39, 'Very good', '2015-08-11 08:05:55'),
(90, 16, 42, 'Good', '2015-08-11 08:06:07'),
(91, 16, 41, 'Thick', '2015-08-11 08:06:29'),
(92, 16, 34, 'Not counted', '2015-08-11 08:06:54'),
(93, 16, 38, 'Present', '2015-08-11 08:07:15'),
(94, 16, 33, 'Fresh water', '2015-08-11 08:07:30'),
(95, 16, 37, 'Pink', '2015-08-11 08:07:45'),
(96, 16, 26, 'Mix', '2015-08-11 08:08:04'),
(97, 16, 40, 'Spot', '2015-08-11 08:08:23'),
(99, 17, 43, '6214', '2015-08-12 09:21:48'),
(101, 17, 45, '188', '2015-08-12 09:31:44'),
(102, 17, 28, '5 to 15', '2015-08-12 09:32:42'),
(104, 17, 26, 'Boroque', '2015-08-12 09:34:39'),
(105, 17, 27, 'B3', '2015-08-12 09:34:59'),
(106, 17, 25, 'White to brown mix', '2015-08-12 09:35:23'),
(108, 17, 42, 'Good', '2015-08-12 09:36:32'),
(111, 19, 24, '5710', '2015-08-14 10:35:32'),
(112, 19, 25, 'Yellow to grey', '2015-08-14 10:36:10'),
(113, 19, 36, 'Undrilled ', '2015-08-14 10:36:32'),
(114, 19, 28, '10 to 16', '2015-08-14 10:37:29'),
(115, 19, 33, 'Saltwater ', '2015-08-14 10:38:09'),
(116, 19, 26, 'Boroque', '2015-08-14 10:38:33'),
(117, 19, 46, 'Cultivated ', '2015-08-14 10:39:03'),
(119, 20, 24, '1904', '2015-08-14 10:50:03'),
(120, 20, 25, 'Black', '2015-08-14 10:50:21'),
(121, 20, 36, 'Drilled', '2015-08-14 10:50:37'),
(122, 20, 42, 'Good', '2015-08-14 10:50:55'),
(123, 20, 28, '10.5 to 17', '2015-08-14 10:51:17'),
(124, 20, 26, 'Boroque ', '2015-08-14 10:51:51'),
(125, 20, 45, '4', '2015-08-14 10:53:31'),
(126, 20, 46, 'Cultivated ', '2015-08-14 10:53:52'),
(127, 21, 24, '50', '2015-08-14 11:03:47'),
(128, 21, 25, 'Golden', '2015-08-14 11:04:29'),
(129, 21, 36, 'Undrilled', '2015-08-14 11:04:52'),
(130, 21, 28, '14 to 18', '2015-08-14 11:05:22'),
(131, 21, 34, '2', '2015-08-14 11:05:40'),
(132, 21, 33, 'Freshwater', '2015-08-14 11:06:07'),
(133, 21, 26, 'Boroque drop', '2015-08-14 11:06:33'),
(134, 21, 46, 'Cultivated', '2015-08-14 11:07:05'),
(135, 22, 24, '1485', '2015-08-14 11:37:42'),
(136, 22, 25, 'White to gold', '2015-08-14 11:38:09'),
(137, 22, 36, 'Undrilled', '2015-08-14 11:38:25'),
(138, 22, 28, '6 to 16.5', '2015-08-14 11:38:53'),
(139, 22, 26, 'Mix boroque', '2015-08-14 11:39:23'),
(140, 22, 46, 'Cultivated', '2015-08-14 11:39:58'),
(141, 22, 33, 'Saltwater ', '2015-08-14 11:42:42'),
(1053, 132, 46, 'Cultivated', '2015-10-13 10:25:16'),
(1044, 23, 45, '20', '2015-08-24 15:04:06'),
(1045, 23, 25, 'Cream', '2015-08-24 15:04:41'),
(1046, 23, 36, 'Drilled ', '2015-08-24 15:04:51'),
(1047, 23, 28, '7.5 to 8', '2015-08-24 15:06:34'),
(149, 25, 24, '4190', '2015-08-14 12:14:58'),
(150, 25, 25, 'Cream pink', '2015-08-14 12:15:24'),
(151, 25, 36, 'Drilled', '2015-08-14 12:15:41'),
(152, 25, 28, '6 to 7', '2015-08-14 12:16:03'),
(153, 25, 26, 'Boroque ', '2015-08-14 12:16:58'),
(154, 25, 45, '34', '2015-08-14 12:17:12'),
(155, 25, 46, 'Cultivated ', '2015-08-14 12:17:50'),
(156, 27, 25, 'Pink', '2015-08-14 12:43:00'),
(157, 27, 36, 'Drilled', '2015-08-14 12:43:14'),
(158, 27, 43, '139', '2015-08-14 12:43:42'),
(159, 27, 28, '5.5 to 6', '2015-08-14 12:44:11'),
(160, 27, 33, 'Freshwater ', '2015-08-14 12:44:28'),
(161, 27, 26, 'Near round', '2015-08-14 12:44:48'),
(162, 27, 45, '7', '2015-08-14 12:45:05'),
(163, 27, 46, 'Cultivated ', '2015-08-14 12:45:21'),
(164, 28, 25, 'Black to brown', '2015-08-15 06:14:20'),
(165, 28, 36, 'Drilled ', '2015-08-15 06:14:33'),
(166, 28, 43, '827', '2015-08-15 06:14:49'),
(167, 28, 28, '4.5 to 6', '2015-08-15 06:15:19'),
(168, 28, 26, 'Near round', '2015-08-15 06:15:50'),
(169, 28, 45, '51', '2015-08-15 06:16:20'),
(170, 28, 46, 'Cultivated', '2015-08-15 06:16:46'),
(171, 29, 25, 'Cream ', '2015-08-15 06:28:46'),
(172, 29, 36, 'Drilled ', '2015-08-15 06:29:02'),
(173, 29, 43, '2017', '2015-08-15 06:29:16'),
(174, 29, 28, '5 to 6.5', '2015-08-15 06:29:42'),
(175, 29, 33, 'Freshwater ', '2015-08-15 06:30:00'),
(176, 29, 26, 'Round oval drop mix', '2015-08-15 06:30:26'),
(177, 29, 45, '102', '2015-08-15 06:30:48'),
(178, 29, 46, 'Cultivated ', '2015-08-15 06:31:03'),
(179, 30, 25, 'Light cream ', '2015-08-15 06:44:18'),
(180, 30, 36, 'Drilled', '2015-08-15 06:44:30'),
(181, 30, 43, '1936', '2015-08-15 06:44:50'),
(182, 30, 28, '6 to 7', '2015-08-15 06:45:09'),
(183, 30, 33, 'Freshwater ', '2015-08-15 06:45:24'),
(187, 31, 25, 'White', '2015-08-15 06:57:38'),
(185, 30, 45, '67', '2015-08-15 06:45:55'),
(186, 30, 46, 'Cultivated ', '2015-08-15 06:46:23'),
(188, 31, 36, 'Drilled ', '2015-08-15 06:57:49'),
(189, 31, 43, '687', '2015-08-15 06:58:05'),
(190, 31, 28, '9.5 to 10.5', '2015-08-15 06:58:43'),
(191, 31, 33, 'Freshwater ', '2015-08-15 06:59:09'),
(196, 32, 25, 'Light cream ', '2015-08-15 07:06:43'),
(193, 31, 26, 'Near round ', '2015-08-15 06:59:29'),
(194, 31, 45, '12', '2015-08-15 06:59:53'),
(195, 31, 46, 'Cultivated ', '2015-08-15 07:00:11'),
(197, 32, 36, 'Drilled ', '2015-08-15 07:06:56'),
(198, 32, 43, '1370', '2015-08-15 07:07:29'),
(199, 32, 28, '4 to 5', '2015-08-15 07:07:50'),
(200, 32, 33, 'Freshwater ', '2015-08-15 07:08:03'),
(201, 32, 26, 'Oval', '2015-08-15 07:08:31'),
(202, 32, 45, '118', '2015-08-15 07:08:50'),
(203, 32, 46, 'Freshwater ', '2015-08-15 07:09:09'),
(204, 33, 25, 'Cream', '2015-08-15 07:27:20'),
(205, 33, 36, 'Drilled ', '2015-08-15 07:46:33'),
(206, 33, 43, '607', '2015-08-15 07:46:51'),
(207, 33, 28, '5 to 5.5', '2015-08-15 07:47:11'),
(208, 33, 33, 'Freshwater ', '2015-08-15 07:47:37'),
(209, 33, 26, 'Near round ', '2015-08-15 07:47:56'),
(210, 33, 45, '45', '2015-08-15 07:51:12'),
(211, 33, 46, 'Cultivated ', '2015-08-15 07:51:43'),
(212, 60, 24, '1.58', '2015-08-17 10:56:02'),
(213, 60, 46, 'Natural', '2015-08-17 10:56:23'),
(214, 60, 35, '1.62', '2015-08-17 10:56:36'),
(215, 60, 32, 'Bahrain Lab', '2015-08-17 10:57:08'),
(216, 60, 31, '14/0280', '2015-08-17 10:57:59'),
(217, 60, 25, 'White', '2015-08-17 10:58:13'),
(218, 60, 36, 'Undrilled ', '2015-08-17 10:58:27'),
(219, 60, 39, 'Very good', '2015-08-17 10:58:49'),
(220, 60, 28, '6.34-6.54 x 5.21', '2015-08-17 11:00:46'),
(221, 60, 41, 'Thick', '2015-08-17 11:01:18'),
(222, 60, 34, '1', '2015-08-17 11:01:29'),
(223, 60, 38, 'Present', '2015-08-17 11:01:45'),
(224, 60, 33, 'Saltwater ', '2015-08-17 11:02:01'),
(225, 60, 37, 'Pink', '2015-08-17 11:02:19'),
(226, 60, 27, 'B1', '2015-08-17 11:02:33'),
(227, 60, 26, 'Button', '2015-08-17 11:02:45'),
(228, 60, 40, 'Wrinkles ', '2015-08-17 11:03:08'),
(229, 61, 24, '7522', '2015-08-17 13:10:24'),
(230, 61, 46, 'Cultivated ', '2015-08-17 13:11:03'),
(231, 61, 34, '440', '2015-08-17 13:11:26'),
(232, 62, 24, '286.67', '2015-08-18 09:10:16'),
(233, 62, 46, 'Natural', '2015-08-18 09:15:05'),
(234, 62, 35, '105.01', '2015-08-18 09:15:10'),
(235, 62, 32, 'Moti Dharam Kata', '2015-08-18 09:15:14'),
(236, 62, 31, 'MDK 027164', '2015-08-18 09:24:40'),
(238, 62, 32, 'Hirco Lab', '2015-08-18 09:25:38'),
(239, 62, 31, '1001091470', '2015-08-18 09:26:17'),
(240, 62, 25, 'Dark Cream Rosa', '2015-08-18 09:26:39'),
(241, 62, 36, 'Drilled', '2015-08-18 09:26:59'),
(242, 62, 39, 'Good', '2015-08-18 10:01:19'),
(243, 62, 42, 'Good', '2015-08-18 10:01:56'),
(244, 62, 28, '2.80 to 7.90', '2015-08-18 10:02:29'),
(245, 62, 41, 'Translucent', '2015-08-18 10:03:03'),
(246, 62, 34, '870', '2015-08-18 10:03:47'),
(247, 62, 38, 'Present', '2015-08-18 10:04:29'),
(249, 62, 37, 'Pink Blue Green Mix', '2015-08-18 10:06:39'),
(250, 62, 26, 'Round', '2015-08-18 10:09:46'),
(251, 62, 45, '5 Rows', '2015-08-18 10:10:06'),
(253, 63, 24, '12.20', '2015-08-18 10:54:37'),
(254, 63, 46, 'Natural', '2015-08-18 10:54:58'),
(255, 63, 35, '97.02', '2015-08-18 10:55:15'),
(256, 63, 32, 'SSEF', '2015-08-18 10:55:31'),
(257, 63, 31, '66126', '2015-08-18 10:56:01'),
(258, 63, 32, 'Hirco Lab', '2015-08-18 10:56:31'),
(259, 63, 31, '1000601420', '2015-08-18 10:57:02'),
(260, 63, 25, 'Cream', '2015-08-18 10:57:33'),
(261, 63, 36, 'Undrilled', '2015-08-18 10:57:50'),
(262, 63, 39, 'Good', '2015-08-18 10:58:08'),
(263, 63, 28, '9.70 to 16.60', '2015-08-18 10:58:36'),
(264, 63, 41, 'Translucent', '2015-08-18 10:59:02'),
(265, 63, 34, '1', '2015-08-18 10:59:13'),
(266, 63, 38, 'Present', '2015-08-18 10:59:29'),
(267, 63, 37, 'Pink Blue Green Mix', '2015-08-18 10:59:58'),
(268, 63, 33, 'Saltwater', '2015-08-18 11:01:53'),
(269, 63, 27, 'A', '2015-08-18 11:02:14'),
(270, 63, 26, 'Drop', '2015-08-18 11:02:30'),
(271, 63, 40, 'Clean', '2015-08-18 11:02:47'),
(272, 62, 33, 'Saltwater ', '2015-08-19 06:23:08'),
(273, 102, 24, '8.66', '2015-08-20 04:24:11'),
(274, 103, 24, '8.08', '2015-08-20 04:46:01'),
(275, 104, 24, '7.79', '2015-08-20 05:03:40'),
(276, 105, 24, '7.33', '2015-08-20 05:23:33'),
(277, 106, 24, '6.61', '2015-08-20 05:31:47'),
(278, 107, 24, '6.58', '2015-08-20 05:42:22'),
(279, 108, 24, '6.28', '2015-08-20 06:12:40'),
(280, 109, 24, '5.88', '2015-08-20 06:17:07'),
(281, 110, 24, '4.74', '2015-08-20 06:29:19'),
(282, 111, 24, '4.40', '2015-08-20 06:36:31'),
(283, 112, 24, '4.15', '2015-08-20 06:48:40'),
(284, 113, 24, '3.33', '2015-08-20 07:02:48'),
(285, 114, 24, '3.09', '2015-08-20 07:15:13'),
(286, 115, 24, '2.86', '2015-08-20 07:24:43'),
(287, 116, 24, '2.58', '2015-08-20 07:33:46'),
(288, 117, 24, '3.38', '2015-08-20 07:40:22'),
(289, 118, 24, '2.03', '2015-08-20 07:47:32'),
(290, 119, 24, '2.20', '2015-08-20 07:53:20'),
(291, 120, 24, '0.45', '2015-08-20 17:28:46'),
(292, 121, 24, '1.16', '2015-08-20 17:34:40'),
(293, 122, 24, '1.31', '2015-08-20 17:43:01'),
(294, 123, 24, '1.64', '2015-08-20 17:48:56'),
(295, 124, 24, '1.67', '2015-08-20 17:52:07'),
(296, 125, 24, '1.75', '2015-08-20 17:59:46'),
(297, 127, 24, '1.89', '2015-08-20 18:10:28'),
(298, 101, 43, '2700', '2015-08-20 18:16:51'),
(299, 101, 46, 'Cultivated ', '2015-08-20 18:17:11'),
(300, 101, 25, 'Cream', '2015-08-20 18:20:37'),
(301, 101, 36, 'Undrilled ', '2015-08-20 18:20:50'),
(302, 101, 28, '5 to 6', '2015-08-20 18:21:12'),
(303, 101, 33, 'Freshwater ', '2015-08-20 18:21:42'),
(304, 101, 26, 'Button', '2015-08-20 18:22:02'),
(305, 100, 24, '3245', '2015-08-20 18:24:34'),
(306, 100, 46, 'Cultivated ', '2015-08-20 18:24:59'),
(307, 100, 25, 'Cream to Gold', '2015-08-20 18:25:17'),
(308, 100, 36, 'Undrilled ', '2015-08-20 18:25:30'),
(309, 100, 28, '8 to 15', '2015-08-20 18:25:52'),
(310, 100, 33, 'Saltwater ', '2015-08-20 18:26:14'),
(311, 100, 26, 'Near round ', '2015-08-20 18:27:03'),
(312, 99, 24, '5715', '2015-08-20 18:29:00'),
(313, 99, 46, 'Cultivated ', '2015-08-20 18:29:30'),
(314, 99, 25, 'Cream to Gold', '2015-08-20 18:30:28'),
(315, 99, 36, 'Undrilled ', '2015-08-20 18:30:59'),
(316, 99, 28, '7 to 16', '2015-08-20 18:35:08'),
(317, 99, 26, 'Mix', '2015-08-20 18:39:49'),
(318, 99, 33, 'Saltwater ', '2015-08-20 18:40:29'),
(319, 97, 43, '202', '2015-08-20 18:45:08'),
(320, 97, 46, 'Cultivated ', '2015-08-20 18:45:27'),
(321, 97, 45, '200', '2015-08-20 18:45:48'),
(322, 97, 25, 'White ', '2015-08-20 18:46:09'),
(323, 97, 36, 'Drilled ', '2015-08-20 18:46:24'),
(324, 97, 28, '2 to 2.5', '2015-08-20 18:46:45'),
(325, 97, 33, 'Saltwater ', '2015-08-20 18:47:15'),
(326, 97, 26, 'Boroque ', '2015-08-20 18:47:37'),
(327, 96, 24, '506', '2015-08-20 18:51:12'),
(328, 96, 46, 'Cultivated ', '2015-08-20 18:56:10'),
(329, 96, 34, '41', '2015-08-20 18:56:27'),
(330, 96, 25, 'White', '2015-08-20 18:56:43'),
(331, 96, 36, 'Drilled ', '2015-08-20 18:56:54'),
(332, 96, 28, '7 to 15', '2015-08-20 18:57:23'),
(333, 96, 33, 'Saltwater ', '2015-08-20 18:57:40'),
(334, 96, 26, 'Near round ', '2015-08-20 18:57:58'),
(335, 95, 24, '1927', '2015-08-20 19:01:18'),
(336, 95, 46, 'Cultivated ', '2015-08-20 19:01:36'),
(337, 95, 45, '5 row', '2015-08-20 19:02:21'),
(338, 95, 25, 'White', '2015-08-20 19:02:41'),
(339, 95, 36, 'Drilled ', '2015-08-20 19:03:10'),
(340, 95, 28, '7 to 15', '2015-08-20 19:03:40'),
(341, 95, 34, '235', '2015-08-20 19:04:55'),
(342, 95, 33, 'Saltwater ', '2015-08-20 19:05:53'),
(343, 95, 26, 'Near round ', '2015-08-20 19:06:11'),
(344, 94, 24, '538', '2015-08-20 19:09:08'),
(345, 94, 46, 'Cultivated ', '2015-08-20 19:09:22'),
(346, 94, 34, '41', '2015-08-20 19:09:47'),
(347, 94, 25, 'White', '2015-08-20 19:10:02'),
(348, 94, 36, 'Drilled ', '2015-08-20 19:10:16'),
(349, 94, 28, '7 to 15', '2015-08-20 19:10:31'),
(350, 94, 33, 'Saltwater ', '2015-08-20 19:10:44'),
(351, 94, 26, 'Near round ', '2015-08-20 19:11:00'),
(352, 94, 45, '1 row', '2015-08-20 19:11:29'),
(353, 93, 24, '535', '2015-08-20 19:13:36'),
(354, 93, 46, 'Cultivated ', '2015-08-20 19:13:49'),
(355, 93, 34, '41', '2015-08-20 19:14:04'),
(356, 93, 25, 'White', '2015-08-20 19:14:15'),
(357, 93, 36, 'Drilled ', '2015-08-20 19:14:28'),
(358, 93, 28, '7 to 15.5', '2015-08-20 19:15:16'),
(359, 93, 33, 'Saltwater ', '2015-08-20 19:15:46'),
(360, 93, 26, 'Near round ', '2015-08-20 19:16:37'),
(361, 93, 45, '1 row ', '2015-08-20 19:18:23'),
(362, 92, 24, '1505', '2015-08-20 19:20:39'),
(363, 92, 46, 'Cultivated ', '2015-08-20 19:20:50'),
(364, 92, 45, '5 rows', '2015-08-20 19:21:08'),
(365, 92, 25, 'Multicolour ', '2015-08-20 19:21:28'),
(366, 92, 36, 'Drilled ', '2015-08-20 19:21:45'),
(367, 92, 28, '8 to 18', '2015-08-20 19:22:10'),
(368, 92, 34, '240', '2015-08-20 19:22:24'),
(369, 92, 33, 'Saltwater ', '2015-08-20 19:22:42'),
(370, 92, 26, 'Near round ', '2015-08-20 19:23:26'),
(371, 91, 24, '534', '2015-08-20 19:25:39'),
(372, 91, 46, 'Cultivated ', '2015-08-20 19:25:51'),
(373, 91, 34, '41', '2015-08-20 19:26:03'),
(374, 91, 25, 'White ', '2015-08-20 19:26:29'),
(375, 91, 36, 'Drilled ', '2015-08-20 19:26:46'),
(376, 91, 28, '7 to 15', '2015-08-20 19:27:16'),
(377, 91, 33, 'Saltwater ', '2015-08-20 19:27:36'),
(378, 91, 26, 'Near round ', '2015-08-20 19:27:52'),
(379, 91, 45, '1 row ', '2015-08-20 19:28:06'),
(380, 90, 24, '536', '2015-08-20 19:30:02'),
(381, 90, 46, 'Cultivated ', '2015-08-20 19:30:20'),
(382, 90, 34, '41', '2015-08-20 19:30:36'),
(383, 90, 25, 'White ', '2015-08-20 19:30:54'),
(384, 90, 36, 'Drilled ', '2015-08-20 19:31:04'),
(385, 90, 28, '8 to 16', '2015-08-20 19:31:28'),
(386, 90, 33, 'Saltwater ', '2015-08-20 19:31:51'),
(387, 90, 26, 'Near round ', '2015-08-20 19:32:08'),
(388, 90, 45, '1 row ', '2015-08-20 19:32:32'),
(389, 89, 24, '310', '2015-08-20 19:34:30'),
(390, 89, 46, 'Cultivated ', '2015-08-20 19:34:46'),
(391, 89, 34, '49', '2015-08-20 19:35:00'),
(392, 89, 25, 'Multicolour ', '2015-08-20 19:35:27'),
(393, 89, 36, 'Drilled ', '2015-08-20 19:35:41'),
(394, 89, 28, '7 to 15', '2015-08-20 19:36:01'),
(395, 89, 33, 'Saltwater ', '2015-08-20 19:36:16'),
(396, 89, 26, 'Near round ', '2015-08-20 19:36:36'),
(397, 89, 45, '1 row ', '2015-08-20 19:36:57'),
(398, 86, 24, '2639', '2015-08-20 19:39:26'),
(399, 86, 46, 'Cultivated ', '2015-08-20 19:39:49'),
(400, 86, 25, 'White to gold ', '2015-08-20 19:40:52'),
(401, 86, 36, 'Undrilled ', '2015-08-20 19:41:10'),
(402, 86, 28, '8+', '2015-08-20 19:41:28'),
(403, 86, 33, 'Saltwater ', '2015-08-20 19:41:54'),
(404, 86, 26, 'Boroque ', '2015-08-20 19:42:13'),
(405, 87, 24, '2419', '2015-08-20 19:44:02'),
(406, 87, 46, 'Cultivated ', '2015-08-20 19:44:17'),
(407, 87, 25, 'White to gold', '2015-08-20 19:44:43'),
(408, 87, 36, 'Undrilled ', '2015-08-20 19:44:59'),
(409, 87, 28, '6 to 8', '2015-08-20 19:45:14'),
(410, 87, 33, 'Saltwater ', '2015-08-20 19:45:29'),
(411, 87, 26, 'Button oval mix', '2015-08-20 19:45:52'),
(412, 88, 24, '1241', '2015-08-20 19:47:08'),
(413, 88, 46, 'Cultivated ', '2015-08-20 19:47:19'),
(414, 88, 25, 'White to gold', '2015-08-20 19:47:47'),
(415, 88, 36, 'Undrilled ', '2015-08-20 19:47:56'),
(416, 88, 28, '8+', '2015-08-20 19:48:20'),
(417, 88, 26, 'Button oval mix', '2015-08-20 19:48:43'),
(418, 88, 33, 'Saltwater ', '2015-08-20 19:48:58'),
(419, 85, 24, '15875', '2015-08-20 19:50:07'),
(420, 85, 46, 'Cultivated ', '2015-08-20 19:50:25'),
(421, 85, 45, '82', '2015-08-20 19:50:51'),
(422, 85, 25, 'White', '2015-08-20 19:51:11'),
(423, 85, 36, 'Drilled ', '2015-08-20 19:51:24'),
(424, 85, 28, '7 to 8.5', '2015-08-20 19:51:43'),
(425, 85, 33, 'Saltwater ', '2015-08-20 19:51:59'),
(426, 85, 26, 'Semi round ', '2015-08-20 19:52:21'),
(427, 84, 24, '10095', '2015-08-20 19:53:32'),
(428, 84, 46, 'Cultivated ', '2015-08-20 19:53:46'),
(429, 84, 25, 'White to gold', '2015-08-20 19:54:11'),
(430, 84, 36, 'Undrilled ', '2015-08-20 19:54:24'),
(431, 84, 28, '10 to 12', '2015-08-20 19:54:47'),
(432, 84, 33, 'Saltwater ', '2015-08-20 19:54:59'),
(433, 84, 26, 'Oval round', '2015-08-20 19:55:32'),
(434, 83, 24, '4898', '2015-08-20 19:57:12'),
(435, 83, 46, 'Cultivated ', '2015-08-20 19:57:32'),
(436, 83, 25, 'White to gold', '2015-08-20 19:57:56'),
(437, 83, 36, 'Undrilled ', '2015-08-20 19:58:22'),
(438, 83, 28, '9 to 15', '2015-08-20 19:58:39'),
(439, 83, 33, 'Saltwater ', '2015-08-20 19:58:54'),
(440, 83, 26, 'Button drop mix', '2015-08-20 19:59:39'),
(441, 128, 24, '15055', '2015-08-21 05:03:55'),
(442, 128, 46, 'Cultivated ', '2015-08-21 05:04:06'),
(443, 128, 34, '1021', '2015-08-21 05:04:27'),
(444, 128, 25, 'White to gold', '2015-08-21 05:05:05'),
(445, 128, 36, 'Undrilled ', '2015-08-21 05:05:28'),
(446, 128, 28, '9 to 16', '2015-08-21 05:05:52'),
(447, 128, 33, 'Saltwater ', '2015-08-21 05:06:11'),
(448, 128, 26, 'Near round ', '2015-08-21 05:06:30'),
(449, 129, 24, '9675', '2015-08-21 05:12:02'),
(450, 129, 46, 'Cultivated ', '2015-08-21 05:12:16'),
(451, 129, 34, '1100', '2015-08-21 05:12:38'),
(452, 129, 25, 'Black', '2015-08-21 05:12:52'),
(453, 129, 36, 'Undrilled ', '2015-08-21 05:13:06'),
(454, 129, 28, '9 to 16', '2015-08-21 05:13:21'),
(455, 129, 33, 'Saltwater ', '2015-08-21 05:13:46'),
(456, 129, 26, 'Drop to oval', '2015-08-21 05:14:12'),
(457, 130, 24, '4725', '2015-08-21 05:17:55'),
(458, 130, 46, 'Cultivated ', '2015-08-21 05:18:15'),
(459, 130, 34, '776', '2015-08-21 05:19:11'),
(460, 130, 25, 'Cream to gold', '2015-08-21 05:19:24'),
(461, 130, 36, 'Undrilled ', '2015-08-21 05:19:33'),
(462, 130, 28, '7 to 10', '2015-08-21 05:19:49'),
(463, 130, 33, 'Saltwater ', '2015-08-21 05:20:04'),
(464, 130, 26, 'Oval to drop', '2015-08-21 05:20:21'),
(465, 131, 24, '6508', '2015-08-21 05:22:45'),
(466, 131, 46, 'Cultivated ', '2015-08-21 05:23:00'),
(467, 131, 34, '1062', '2015-08-21 05:23:16'),
(468, 131, 25, 'Cream to Gold', '2015-08-21 05:23:32'),
(469, 131, 36, 'Undrilled ', '2015-08-21 05:23:44'),
(470, 131, 28, '8 to 11', '2015-08-21 05:23:56'),
(471, 131, 33, 'Saltwater ', '2015-08-21 05:24:07'),
(472, 131, 26, 'Round ', '2015-08-21 05:24:19'),
(473, 98, 43, '472', '2015-08-21 05:30:35'),
(474, 98, 46, 'Cultivated ', '2015-08-21 05:30:46'),
(475, 98, 45, '74', '2015-08-21 05:30:57'),
(476, 98, 25, 'White', '2015-08-21 05:31:06'),
(477, 98, 36, 'Drilled ', '2015-08-21 05:31:16'),
(478, 98, 28, '4 to 6', '2015-08-21 05:31:29'),
(479, 98, 33, 'Saltwater ', '2015-08-21 05:31:46'),
(480, 98, 26, 'Near round ', '2015-08-21 05:32:08'),
(481, 114, 46, 'Natural ', '2015-08-21 05:54:23'),
(482, 114, 35, '6.22', '2015-08-21 05:54:42'),
(483, 102, 46, 'Natural ', '2015-08-21 06:12:29'),
(486, 102, 35, '48.88', '2015-08-21 06:14:32'),
(487, 102, 32, 'Moti Dharam Kata', '2015-08-21 06:14:54'),
(488, 102, 31, '000973', '2015-08-21 06:15:07'),
(489, 102, 27, 'A', '2015-08-21 06:15:25'),
(490, 102, 33, 'Saltwater ', '2015-08-21 06:15:45'),
(491, 102, 36, 'Partly drilled ', '2015-08-21 06:16:06'),
(492, 102, 26, 'Drop', '2015-08-21 06:16:46'),
(493, 103, 46, 'Natural ', '2015-08-21 06:17:52'),
(494, 103, 35, '42.55', '2015-08-21 06:18:08'),
(495, 103, 32, 'Bahrain Lab', '2015-08-21 06:18:49'),
(496, 103, 31, 'P14/1392', '2015-08-21 06:19:13'),
(497, 103, 36, 'Undrilled ', '2015-08-21 06:19:25'),
(498, 103, 26, 'Semi boroque ', '2015-08-21 06:19:53'),
(499, 103, 33, 'Saltwater ', '2015-08-21 06:20:23'),
(500, 103, 27, 'B1', '2015-08-21 06:20:54'),
(501, 104, 46, 'Natural ', '2015-08-21 06:22:14'),
(502, 104, 35, '39.55', '2015-08-21 06:22:28'),
(503, 104, 32, 'Moti Dharam kata ', '2015-08-21 06:22:45'),
(504, 104, 31, '001466', '2015-08-21 06:23:10'),
(505, 104, 27, 'AA', '2015-08-21 06:23:29'),
(506, 104, 36, 'Undrilled ', '2015-08-21 06:23:40'),
(507, 104, 33, 'Saltwater ', '2015-08-21 06:23:56'),
(508, 104, 26, 'Button', '2015-08-21 06:24:28'),
(509, 105, 46, 'Natural ', '2015-08-21 06:25:27'),
(510, 105, 35, '35.02', '2015-08-21 06:26:31'),
(511, 105, 32, 'Bahrain lab ', '2015-08-21 06:27:08'),
(512, 105, 31, 'P14/1658', '2015-08-21 06:27:28'),
(513, 105, 27, 'B1', '2015-08-21 06:27:48'),
(514, 105, 36, 'Undrilled ', '2015-08-21 06:28:01'),
(515, 105, 26, 'Button ', '2015-08-21 06:28:21'),
(516, 105, 33, 'Saltwater ', '2015-08-21 06:28:36'),
(517, 106, 46, 'Natural ', '2015-08-21 06:30:58'),
(518, 106, 35, '28.48', '2015-08-21 06:31:19'),
(519, 106, 32, 'Bahrain lab', '2015-08-21 06:31:42'),
(520, 106, 31, 'P14/1653', '2015-08-21 06:32:01'),
(521, 106, 27, 'B1', '2015-08-21 06:32:24'),
(522, 106, 36, 'Undrilled ', '2015-08-21 06:32:36'),
(523, 106, 33, 'Saltwater ', '2015-08-21 06:32:53'),
(524, 106, 26, 'Button ', '2015-08-21 06:33:10'),
(525, 107, 46, 'Natural ', '2015-08-21 06:34:03'),
(526, 107, 35, '28.22', '2015-08-21 06:34:14'),
(527, 107, 32, 'Moti dharam kata ', '2015-08-21 06:35:00'),
(528, 107, 31, '001467', '2015-08-21 06:35:25'),
(529, 107, 36, 'Undrilled ', '2015-08-21 06:35:39'),
(530, 107, 33, 'Saltwater ', '2015-08-21 06:35:51'),
(531, 107, 26, 'Button ', '2015-08-21 06:36:02'),
(532, 107, 27, 'AA', '2015-08-21 06:36:53'),
(533, 108, 46, 'Natural ', '2015-08-21 06:37:44'),
(534, 108, 35, '25.70', '2015-08-21 06:38:00'),
(535, 108, 27, 'A', '2015-08-21 06:38:18'),
(536, 108, 32, 'Bahrain lab ', '2015-08-21 06:38:31'),
(537, 108, 31, 'P14/1577', '2015-08-21 06:38:47'),
(538, 108, 36, 'Undrilled ', '2015-08-21 06:38:59'),
(539, 108, 33, 'Saltwater ', '2015-08-21 06:39:10'),
(540, 108, 26, 'Button ', '2015-08-21 06:39:24'),
(541, 109, 46, 'Natural ', '2015-08-21 06:40:42'),
(542, 109, 35, '22.53', '2015-08-21 06:40:53'),
(543, 109, 32, 'Bahrain lab ', '2015-08-21 06:41:05'),
(544, 109, 31, 'P14/1576', '2015-08-21 06:41:21'),
(545, 109, 36, 'Undrilled ', '2015-08-21 06:41:31'),
(546, 109, 33, 'Saltwater ', '2015-08-21 06:41:43'),
(547, 109, 27, 'AA', '2015-08-21 06:42:03'),
(548, 109, 26, 'Button ', '2015-08-21 06:42:16'),
(549, 110, 46, 'Natural ', '2015-08-21 06:42:59'),
(550, 110, 35, '14.64', '2015-08-21 06:43:10'),
(551, 110, 32, 'Bahrain lab ', '2015-08-21 06:43:21'),
(552, 110, 31, 'P14/1579', '2015-08-21 06:43:34'),
(553, 110, 27, 'AA', '2015-08-21 06:43:45'),
(554, 110, 36, 'Undrilled ', '2015-08-21 06:43:55'),
(555, 110, 33, 'Saltwater ', '2015-08-21 06:44:52'),
(556, 110, 26, 'Button ', '2015-08-21 06:45:08'),
(557, 111, 46, 'Natural ', '2015-08-21 06:46:10'),
(558, 111, 35, '12.62', '2015-08-21 06:46:29'),
(559, 111, 32, 'Moti Dharam kata ', '2015-08-21 06:46:41'),
(560, 111, 31, '001460', '2015-08-21 06:46:55'),
(561, 111, 27, 'B1', '2015-08-21 06:47:06'),
(562, 111, 36, 'Undrilled ', '2015-08-21 06:47:15'),
(563, 111, 33, 'Saltwater ', '2015-08-21 06:47:29'),
(564, 111, 26, 'Button ', '2015-08-21 06:55:28'),
(565, 112, 46, 'Natural ', '2015-08-21 06:56:05'),
(566, 112, 35, '11.22', '2015-08-21 06:56:15'),
(567, 112, 32, 'Bahrain lab ', '2015-08-21 06:56:30'),
(568, 112, 31, '14/1111', '2015-08-21 06:56:55'),
(569, 112, 27, 'B1 ', '2015-08-21 06:57:08'),
(570, 112, 36, 'Undrilled ', '2015-08-21 06:57:18'),
(571, 112, 33, 'Saltwater ', '2015-08-21 06:57:29'),
(572, 112, 26, 'Semi boroque ', '2015-08-21 06:57:47'),
(573, 113, 46, 'Natural ', '2015-08-21 06:58:26'),
(574, 113, 35, '7.22', '2015-08-21 06:58:39'),
(575, 113, 32, 'Bahrain lab ', '2015-08-21 06:58:51'),
(576, 113, 31, '14/0297', '2015-08-21 06:59:04'),
(577, 113, 27, 'B1', '2015-08-21 06:59:18'),
(578, 113, 36, 'Undrilled ', '2015-08-21 06:59:40'),
(579, 113, 33, 'Saltwater ', '2015-08-21 06:59:51'),
(580, 113, 26, 'Semi boroque ', '2015-08-21 07:00:04'),
(581, 114, 32, 'Bahrain lab ', '2015-08-21 07:00:53'),
(582, 114, 31, '14/0282', '2015-08-21 07:01:10'),
(583, 114, 27, 'A', '2015-08-21 07:01:28'),
(584, 114, 36, 'Undrilled ', '2015-08-21 07:01:36'),
(585, 114, 33, 'Saltwater ', '2015-08-21 07:01:48'),
(586, 114, 26, 'Button ', '2015-08-21 07:02:14'),
(587, 115, 46, 'Natural ', '2015-08-21 07:03:30'),
(588, 115, 35, '5.33', '2015-08-21 07:03:44'),
(589, 115, 32, 'Moti Dharam kata ', '2015-08-21 07:04:09'),
(590, 115, 31, '001459', '2015-08-21 07:04:34'),
(591, 115, 36, 'Undrilled ', '2015-08-21 07:04:46'),
(592, 115, 33, 'Saltwater ', '2015-08-21 07:04:59'),
(593, 115, 26, 'Circle button', '2015-08-21 07:08:28'),
(594, 115, 27, 'A', '2015-08-21 07:09:00'),
(595, 116, 46, 'Natural ', '2015-08-21 07:10:13'),
(596, 116, 35, '4.33', '2015-08-21 07:10:25'),
(597, 116, 36, 'Undrilled ', '2015-08-21 07:10:43'),
(598, 116, 33, 'Saltwater ', '2015-08-21 07:10:57'),
(599, 116, 27, 'AA', '2015-08-21 07:11:16'),
(600, 116, 26, 'Button ', '2015-08-21 07:11:34'),
(601, 116, 32, 'Bahrain lab ', '2015-08-21 07:11:58'),
(602, 116, 31, '13/3109', '2015-08-21 07:12:19'),
(603, 117, 46, 'Natural ', '2015-08-21 07:13:32'),
(604, 117, 35, '7.44', '2015-08-21 07:13:48'),
(605, 117, 32, 'Bahrain lab ', '2015-08-21 07:14:15'),
(606, 117, 31, '14/1109', '2015-08-21 07:14:36'),
(607, 117, 36, 'Undrilled ', '2015-08-21 07:14:50'),
(608, 117, 33, 'Saltwater ', '2015-08-21 07:15:35'),
(609, 117, 26, 'Button ', '2015-08-21 07:16:10'),
(610, 117, 27, 'A', '2015-08-21 07:16:55'),
(611, 119, 46, 'Natural ', '2015-08-21 07:19:54'),
(612, 119, 35, '3.15', '2015-08-21 07:20:20'),
(613, 119, 32, 'Bahrain ', '2015-08-21 07:20:48'),
(614, 119, 31, '13/3097', '2015-08-21 07:21:28'),
(615, 119, 36, 'Undrilled ', '2015-08-21 07:21:46'),
(616, 119, 33, 'Saltwater ', '2015-08-21 07:22:07'),
(617, 119, 26, 'Semi boroque ', '2015-08-21 07:22:22'),
(618, 119, 27, 'B1', '2015-08-21 07:22:45'),
(620, 118, 46, 'Natural ', '2015-08-21 07:24:57'),
(621, 118, 35, '2.68', '2015-08-21 07:25:12'),
(622, 118, 32, 'Bahrain lab ', '2015-08-21 07:25:38'),
(623, 118, 31, '13/3096', '2015-08-21 07:25:56'),
(624, 118, 36, 'Undrilled ', '2015-08-21 07:26:09'),
(625, 118, 26, 'Drop', '2015-08-21 07:26:29'),
(626, 118, 33, 'Saltwater ', '2015-08-21 07:26:53'),
(627, 118, 27, 'A', '2015-08-21 07:27:11'),
(628, 127, 46, 'Natural ', '2015-08-21 07:28:36'),
(629, 127, 35, '2.32', '2015-08-21 07:28:50'),
(630, 127, 32, 'Bahrain lab ', '2015-08-21 07:29:06'),
(631, 127, 31, '14/1026', '2015-08-21 07:29:32'),
(632, 127, 36, 'Undrilled ', '2015-08-21 07:29:48'),
(633, 127, 33, 'Saltwater ', '2015-08-21 07:30:01'),
(634, 127, 26, 'Semi boroque ', '2015-08-21 07:30:29'),
(635, 127, 27, 'B1', '2015-08-21 07:31:02'),
(636, 125, 46, 'Natural ', '2015-08-21 07:32:44'),
(637, 125, 35, '1.99', '2015-08-21 07:32:55'),
(638, 125, 32, 'Moti Dharam kata ', '2015-08-21 07:33:10'),
(639, 125, 31, '002522', '2015-08-21 07:33:33'),
(640, 125, 36, 'Undrilled ', '2015-08-21 07:33:47'),
(641, 125, 33, 'Saltwater ', '2015-08-21 07:34:00'),
(642, 125, 27, 'B1', '2015-08-21 07:34:22'),
(643, 125, 26, 'Button ', '2015-08-21 07:36:49'),
(644, 124, 46, 'Natural ', '2015-08-21 07:37:39'),
(645, 124, 35, '1.81', '2015-08-21 07:37:53'),
(646, 124, 32, 'Moti Dharam kata ', '2015-08-21 07:38:09'),
(647, 124, 31, '002418', '2015-08-21 07:38:36'),
(648, 124, 36, 'Undrilled ', '2015-08-21 07:38:50'),
(649, 124, 26, 'Button', '2015-08-21 07:39:07'),
(650, 124, 33, 'Saltwater ', '2015-08-21 07:39:38'),
(651, 124, 27, 'A', '2015-08-21 07:39:52'),
(652, 123, 46, 'Natural ', '2015-08-21 07:40:37'),
(653, 123, 35, '1.75', '2015-08-21 07:40:55'),
(654, 123, 36, 'Undrilled ', '2015-08-21 07:41:24'),
(655, 123, 33, 'Saltwater ', '2015-08-21 07:41:46'),
(656, 123, 27, 'B1', '2015-08-21 07:42:12'),
(657, 123, 32, 'Moti Dharam kata ', '2015-08-21 07:42:45'),
(658, 123, 31, '002640', '2015-08-21 07:43:06'),
(659, 123, 26, 'Button ', '2015-08-21 07:46:40'),
(660, 122, 46, 'Natural ', '2015-08-21 07:48:05'),
(661, 122, 35, '1.11', '2015-08-21 07:49:28'),
(662, 122, 32, 'Bahrain lab ', '2015-08-21 07:49:42'),
(663, 122, 31, '13/3102', '2015-08-21 07:50:06'),
(664, 122, 36, 'Undrilled ', '2015-08-21 07:50:20'),
(665, 122, 33, 'Saltwater ', '2015-08-21 07:51:07'),
(666, 122, 26, 'Semi boroque ', '2015-08-21 07:51:44'),
(667, 122, 27, 'B1', '2015-08-21 07:52:15'),
(668, 121, 46, 'Natural ', '2015-08-21 07:53:12'),
(669, 121, 35, '0.87', '2015-08-21 07:53:28'),
(670, 121, 32, 'Bahrain lab ', '2015-08-21 07:53:40'),
(671, 121, 31, '13/3104', '2015-08-21 07:54:38'),
(672, 121, 36, 'Undrilled ', '2015-08-21 07:54:52'),
(673, 121, 33, 'Saltwater ', '2015-08-21 07:55:07'),
(674, 121, 27, 'B1', '2015-08-21 07:55:23'),
(675, 121, 26, 'Button', '2015-08-21 07:55:41'),
(676, 120, 46, 'Natural ', '2015-08-21 07:56:51'),
(677, 120, 35, '0.13', '2015-08-21 07:57:31'),
(678, 120, 32, 'Bahrain lab ', '2015-08-21 07:57:49'),
(679, 120, 31, '11/1628', '2015-08-21 07:58:29'),
(680, 120, 36, 'Undrilled ', '2015-08-21 07:58:47'),
(681, 120, 33, 'Saltwater ', '2015-08-21 07:59:00'),
(682, 120, 26, 'Button ', '2015-08-21 07:59:22'),
(683, 120, 27, 'AAA', '2015-08-21 07:59:57'),
(684, 82, 24, '12374', '2015-08-21 08:21:17'),
(685, 82, 46, 'Cultivated ', '2015-08-21 08:21:30'),
(686, 82, 25, 'White', '2015-08-21 08:21:58'),
(687, 82, 36, 'Half drilled ', '2015-08-21 08:22:39'),
(688, 82, 28, '4 to 8', '2015-08-21 08:22:58'),
(689, 82, 33, 'Saltwater ', '2015-08-21 08:23:17'),
(690, 82, 26, 'Near round ', '2015-08-21 08:23:39'),
(691, 81, 24, '10243', '2015-08-21 08:27:36'),
(692, 81, 46, 'Cultivated ', '2015-08-21 08:27:50'),
(693, 81, 25, 'White to gold ', '2015-08-21 08:28:13'),
(694, 81, 36, 'Drilled ', '2015-08-21 08:28:25'),
(695, 81, 28, '8 to 16', '2015-08-21 08:28:42'),
(696, 81, 33, 'Saltwater ', '2015-08-21 08:29:37'),
(697, 81, 26, 'Semi round ', '2015-08-21 08:30:05'),
(698, 80, 24, '3961', '2015-08-21 08:33:38'),
(699, 80, 46, 'Cultivated ', '2015-08-21 08:34:26'),
(700, 80, 25, 'White to gold ', '2015-08-21 08:34:47'),
(701, 80, 36, 'Undrilled ', '2015-08-21 08:35:20'),
(702, 80, 28, '10 to 12', '2015-08-21 08:35:44'),
(703, 80, 33, 'Saltwater ', '2015-08-21 08:36:01'),
(704, 80, 26, 'Near round ', '2015-08-21 08:36:26'),
(705, 79, 24, '6039', '2015-08-21 08:39:23'),
(706, 79, 46, 'Cultivated ', '2015-08-21 08:39:38'),
(707, 79, 25, 'Cream', '2015-08-21 08:39:53'),
(708, 79, 36, 'Undrilled ', '2015-08-21 08:40:16'),
(709, 79, 28, '8', '2015-08-21 08:40:58'),
(710, 79, 33, 'Saltwater ', '2015-08-21 08:41:14'),
(711, 79, 26, 'Near round ', '2015-08-21 08:41:36'),
(712, 78, 24, '4114', '2015-08-21 08:44:16'),
(713, 78, 46, 'Cultivated ', '2015-08-21 08:44:32'),
(714, 78, 45, '8', '2015-08-21 08:44:46'),
(715, 78, 25, 'Dye cream', '2015-08-21 08:45:19'),
(716, 78, 36, 'Drilled ', '2015-08-21 08:45:32'),
(717, 78, 28, '11 to 15', '2015-08-21 08:45:49'),
(718, 78, 33, 'Saltwater ', '2015-08-21 08:46:06'),
(719, 78, 26, 'Round', '2015-08-21 08:47:37'),
(720, 77, 24, '5018', '2015-08-21 08:50:03'),
(721, 77, 46, 'Cultivated ', '2015-08-21 08:50:16'),
(722, 77, 25, 'Mix', '2015-08-21 08:50:41'),
(723, 77, 36, 'Undrilled ', '2015-08-21 08:51:00'),
(724, 77, 28, '3 to 8', '2015-08-21 08:51:27'),
(725, 77, 33, 'Saltwater ', '2015-08-21 08:51:52'),
(726, 77, 26, 'Mix', '2015-08-21 08:52:36'),
(727, 76, 24, '13800', '2015-08-21 08:54:08'),
(728, 76, 46, 'Cultivated ', '2015-08-21 08:54:49'),
(729, 76, 25, 'Dye yellow', '2015-08-21 08:55:19'),
(730, 76, 36, 'Undrilled ', '2015-08-21 08:55:33'),
(731, 76, 28, '9 to 15', '2015-08-21 08:56:29'),
(732, 76, 33, 'Saltwater ', '2015-08-21 08:56:46'),
(733, 76, 26, 'Near round oval', '2015-08-21 08:57:21'),
(734, 74, 24, '4487', '2015-08-21 08:59:02'),
(735, 74, 46, 'Cultivated ', '2015-08-21 08:59:18'),
(736, 74, 25, 'White to gold ', '2015-08-21 08:59:38'),
(737, 74, 36, 'Undrilled ', '2015-08-21 08:59:50'),
(738, 74, 28, '2 to 7', '2015-08-21 09:00:24'),
(739, 74, 33, 'Saltwater ', '2015-08-21 09:00:39'),
(740, 74, 26, 'Mix', '2015-08-21 09:00:57'),
(741, 73, 24, '5363', '2015-08-21 09:01:54'),
(742, 73, 46, 'Cultivated ', '2015-08-21 09:02:11'),
(743, 73, 45, '13', '2015-08-21 09:02:34'),
(744, 73, 25, 'Dye cream to yellow ', '2015-08-21 09:03:01'),
(745, 73, 36, 'Drilled ', '2015-08-21 09:03:13'),
(746, 73, 28, '10 to 13', '2015-08-21 09:03:33'),
(747, 73, 33, 'Saltwater ', '2015-08-21 09:04:51'),
(748, 73, 26, 'Round ', '2015-08-21 09:05:23'),
(749, 72, 24, '14862', '2015-08-21 09:07:07'),
(750, 72, 46, 'Cultivated ', '2015-08-21 09:07:27'),
(751, 72, 25, 'Mix', '2015-08-21 09:07:51'),
(752, 72, 36, 'Undrilled ', '2015-08-21 09:08:18'),
(753, 72, 28, '8 to 12', '2015-08-21 09:08:35'),
(754, 72, 33, 'Saltwater ', '2015-08-21 09:08:54'),
(755, 72, 26, 'Near round', '2015-08-21 09:09:11'),
(756, 71, 24, '6921', '2015-08-21 09:10:11'),
(757, 71, 46, 'Cultivated ', '2015-08-21 09:10:29'),
(758, 71, 25, 'Cream', '2015-08-21 09:10:45'),
(759, 71, 36, 'Undrilled ', '2015-08-21 09:10:58'),
(760, 71, 28, '9 to 12', '2015-08-21 09:11:42'),
(761, 71, 33, 'Saltwater ', '2015-08-21 09:11:55'),
(762, 71, 26, 'Round', '2015-08-21 09:12:12'),
(763, 70, 24, '8393', '2015-08-21 09:13:17'),
(764, 70, 46, 'Cultivated ', '2015-08-21 09:13:34'),
(765, 70, 25, 'Yellow to gold', '2015-08-21 09:13:56'),
(766, 70, 36, 'Undrilled ', '2015-08-21 09:14:07'),
(767, 70, 28, '9 to 14', '2015-08-21 09:14:22'),
(768, 70, 33, 'Saltwater ', '2015-08-21 09:14:35'),
(769, 70, 26, 'Round ', '2015-08-21 09:14:52'),
(770, 69, 24, '16785', '2015-08-21 09:15:37'),
(771, 69, 46, 'Cultivated ', '2015-08-21 09:16:06'),
(772, 69, 25, 'Mix', '2015-08-21 09:16:26'),
(773, 69, 36, 'Undrilled ', '2015-08-21 09:16:37'),
(774, 69, 28, '10 to 15', '2015-08-21 09:16:52'),
(775, 69, 33, 'Saltwater ', '2015-08-21 09:17:06'),
(776, 69, 26, 'Boroque ', '2015-08-21 09:17:24'),
(777, 68, 24, '24935', '2015-08-21 09:18:17'),
(778, 68, 46, 'Cultivated ', '2015-08-21 09:18:32'),
(779, 68, 25, 'Dye yellow', '2015-08-21 09:20:45'),
(780, 68, 36, 'Undrilled ', '2015-08-21 09:21:01'),
(781, 68, 28, '9 to 14', '2015-08-21 09:21:17'),
(782, 68, 33, 'Saltwater ', '2015-08-21 09:21:32'),
(783, 68, 26, 'Near round ', '2015-08-21 09:21:56'),
(784, 67, 24, '17226', '2015-08-21 09:23:17'),
(785, 67, 46, 'Cultivated ', '2015-08-21 09:23:34'),
(786, 67, 25, 'Dye yellow to gold', '2015-08-21 09:24:41'),
(787, 67, 36, 'Undrilled ', '2015-08-21 09:24:59'),
(788, 67, 28, '9 to 13', '2015-08-21 09:25:23'),
(789, 67, 33, 'Saltwater ', '2015-08-21 09:25:38'),
(790, 67, 26, 'Near round ', '2015-08-21 09:25:56'),
(791, 66, 24, '11615', '2015-08-21 09:27:08'),
(792, 66, 46, 'Cultivated ', '2015-08-21 09:27:23'),
(793, 66, 25, 'Dye gold ', '2015-08-21 09:27:45'),
(794, 66, 36, 'Undrilled ', '2015-08-21 09:28:00'),
(795, 66, 28, '9', '2015-08-21 09:30:59'),
(796, 66, 33, 'Saltwater ', '2015-08-21 09:31:16'),
(797, 66, 26, 'Round ', '2015-08-21 09:33:06'),
(801, 65, 46, 'Cultivated ', '2015-08-21 09:36:14'),
(800, 65, 24, '5141', '2015-08-21 09:35:55'),
(802, 65, 25, 'Cream', '2015-08-21 09:36:32'),
(803, 65, 36, 'Undrilled ', '2015-08-21 09:36:44'),
(804, 65, 28, '9 to 12', '2015-08-21 09:37:13'),
(805, 65, 33, 'Saltwater ', '2015-08-21 09:37:29'),
(806, 65, 26, 'Oval', '2015-08-21 09:37:44'),
(807, 64, 24, '6914', '2015-08-21 09:38:37'),
(808, 64, 46, 'Cultivated ', '2015-08-21 09:38:51'),
(809, 64, 25, 'Cream ', '2015-08-21 09:39:05'),
(810, 64, 36, 'Undrilled ', '2015-08-21 09:39:21'),
(811, 64, 28, '9 to 12', '2015-08-21 09:40:04'),
(812, 64, 33, 'Saltwater ', '2015-08-21 09:40:26'),
(813, 64, 26, 'Round ', '2015-08-21 09:40:42'),
(814, 61, 25, 'White to light cream ', '2015-08-21 09:42:12'),
(815, 61, 28, '10 to 20', '2015-08-21 09:43:01'),
(816, 61, 33, 'Saltwater ', '2015-08-21 09:43:21'),
(817, 61, 26, 'Button', '2015-08-21 09:44:06'),
(818, 61, 36, 'Undrilled ', '2015-08-21 09:45:48'),
(819, 59, 24, '2320', '2015-08-21 09:49:40'),
(820, 59, 46, 'Cultivated ', '2015-08-21 09:49:56'),
(821, 59, 25, 'White to gold ', '2015-08-21 09:50:27'),
(822, 59, 36, 'Undrilled ', '2015-08-21 09:50:40'),
(823, 59, 28, '7 to 12', '2015-08-21 09:51:03'),
(824, 59, 33, 'Saltwater ', '2015-08-21 09:51:24'),
(825, 59, 26, 'Mix', '2015-08-21 09:52:21'),
(826, 58, 43, '375', '2015-08-21 09:53:53'),
(827, 58, 46, 'Cultivated ', '2015-08-21 09:54:07'),
(828, 58, 25, 'White to gold', '2015-08-21 09:55:15'),
(829, 58, 36, 'Undrilled ', '2015-08-21 09:55:37'),
(830, 58, 28, '7 to 12+', '2015-08-21 09:56:09'),
(831, 58, 33, 'Saltwater ', '2015-08-21 09:56:32'),
(832, 58, 26, 'Mix', '2015-08-21 09:56:53'),
(833, 57, 24, '2180', '2015-08-21 10:03:00'),
(834, 57, 46, 'Cultivated ', '2015-08-21 10:03:18'),
(835, 57, 25, 'White to gold ', '2015-08-21 10:03:40'),
(836, 57, 36, 'Undrilled ', '2015-08-21 10:03:50'),
(837, 57, 28, '7 to 12', '2015-08-21 10:04:03'),
(838, 57, 33, 'Saltwater ', '2015-08-21 10:04:15'),
(839, 57, 26, 'Mix', '2015-08-21 10:04:25'),
(840, 56, 24, '1965', '2015-08-21 10:06:21'),
(841, 56, 46, 'Cultivated ', '2015-08-21 10:06:32'),
(842, 56, 25, 'Cream pink ', '2015-08-21 10:06:44'),
(843, 56, 36, 'Undrilled ', '2015-08-21 10:06:53'),
(844, 56, 28, '10 to 15', '2015-08-21 10:07:07'),
(845, 56, 33, 'Saltwater ', '2015-08-21 10:07:18'),
(846, 56, 26, 'Oval drop', '2015-08-21 10:07:39'),
(847, 55, 24, '1283', '2015-08-21 10:08:19'),
(848, 55, 46, 'Cultivated ', '2015-08-21 10:08:31'),
(849, 55, 25, 'White to gold ', '2015-08-21 10:08:45'),
(850, 55, 36, 'Undrilled ', '2015-08-21 10:08:55'),
(851, 55, 28, '7 to 12', '2015-08-21 10:09:13'),
(852, 55, 33, 'Saltwater ', '2015-08-21 10:09:25'),
(853, 55, 26, 'Mix', '2015-08-21 10:09:35'),
(854, 54, 43, '6184', '2015-08-21 10:10:29'),
(855, 54, 46, 'Cultivated ', '2015-08-21 10:10:45'),
(857, 54, 45, '170', '2015-08-21 10:12:14'),
(858, 54, 25, 'White to brown ', '2015-08-21 10:12:30'),
(859, 54, 36, 'Drilled ', '2015-08-21 10:12:39'),
(860, 54, 28, '5 to 15', '2015-08-21 10:12:52'),
(861, 54, 26, 'Boroque ', '2015-08-21 10:13:06'),
(862, 54, 33, 'Freshwater ', '2015-08-21 10:13:37'),
(863, 53, 43, '6214', '2015-08-21 10:15:21'),
(864, 53, 46, 'Cultivated ', '2015-08-21 10:17:03'),
(865, 53, 45, '188', '2015-08-21 10:17:25'),
(866, 53, 25, 'Mix ', '2015-08-21 10:17:37'),
(867, 53, 36, 'Drilled ', '2015-08-21 10:17:54'),
(868, 53, 28, '5 to 15', '2015-08-21 10:18:10'),
(869, 53, 33, 'Freshwater ', '2015-08-21 10:18:22'),
(870, 53, 26, 'Boroque ', '2015-08-21 10:18:36'),
(871, 52, 43, '2147', '2015-08-21 10:20:27'),
(872, 52, 46, 'Cultivated ', '2015-08-21 10:20:38'),
(873, 52, 45, '38', '2015-08-21 10:20:51'),
(874, 52, 25, 'White to cream ', '2015-08-21 10:21:05'),
(875, 52, 36, 'Drilled ', '2015-08-21 10:21:15'),
(876, 52, 28, '4 to 8', '2015-08-21 10:21:27'),
(877, 52, 33, 'Freshwater ', '2015-08-21 10:21:41'),
(878, 52, 26, 'Drop', '2015-08-21 10:22:00'),
(879, 51, 43, '1273', '2015-08-21 10:22:51'),
(880, 51, 46, 'Cultivated ', '2015-08-21 10:23:01'),
(881, 51, 45, '86', '2015-08-21 10:23:11'),
(882, 51, 25, 'Cream', '2015-08-21 10:23:22'),
(883, 51, 36, 'Drilled ', '2015-08-21 10:23:38'),
(884, 51, 28, '4.5 to 5', '2015-08-21 10:23:50'),
(885, 51, 33, 'Freshwater ', '2015-08-21 10:24:00'),
(886, 51, 26, 'Button ', '2015-08-21 10:24:11'),
(887, 50, 43, '1252', '2015-08-21 10:24:50'),
(888, 50, 46, 'Cultivated ', '2015-08-21 10:25:04'),
(889, 50, 45, '60', '2015-08-21 10:25:18'),
(890, 50, 25, 'White', '2015-08-21 10:25:27'),
(891, 50, 36, 'Drilled ', '2015-08-21 10:25:43'),
(892, 50, 28, '5.5 to 6', '2015-08-21 10:26:00'),
(893, 50, 33, 'Freshwater ', '2015-08-21 10:26:18'),
(894, 50, 26, 'Button ', '2015-08-21 10:26:41'),
(895, 49, 43, '1292', '2015-08-21 10:27:25'),
(896, 49, 46, 'Cultivated ', '2015-08-21 10:27:38'),
(897, 49, 45, '15', '2015-08-21 10:27:54'),
(898, 49, 25, 'Whitish pink', '2015-08-21 10:28:26'),
(899, 49, 36, 'Drilled ', '2015-08-21 10:28:40'),
(900, 49, 28, '11 to 15', '2015-08-21 10:29:08'),
(901, 49, 33, 'Freshwater ', '2015-08-21 10:29:33'),
(902, 49, 26, 'Near round ', '2015-08-21 10:29:49'),
(903, 48, 43, '1540', '2015-08-21 10:31:44'),
(904, 48, 46, 'Cultivated ', '2015-08-21 10:32:03'),
(905, 48, 45, '42', '2015-08-21 10:32:20'),
(906, 48, 25, 'White ', '2015-08-21 10:32:35'),
(907, 48, 36, 'Drilled ', '2015-08-21 10:32:45'),
(908, 48, 28, '6 to 9', '2015-08-21 10:33:06'),
(909, 48, 33, 'Freshwater ', '2015-08-21 10:33:16'),
(910, 48, 26, 'Oval', '2015-08-21 10:33:35'),
(911, 47, 43, '1152', '2015-08-21 10:34:50'),
(912, 47, 46, 'Cultivated ', '2015-08-21 10:35:02'),
(913, 47, 45, '25', '2015-08-21 10:35:21'),
(920, 46, 43, '1075', '2015-08-21 10:37:59'),
(915, 47, 25, 'Cream to purple mix', '2015-08-21 10:35:51'),
(916, 47, 36, 'Drilled ', '2015-08-21 10:36:01'),
(917, 47, 28, '8 to 9.5', '2015-08-21 10:36:19'),
(918, 47, 33, 'Freshwater ', '2015-08-21 10:36:32'),
(919, 47, 26, 'Oval', '2015-08-21 10:36:47'),
(921, 46, 46, 'Cultivated ', '2015-08-21 10:38:12'),
(922, 46, 45, '78', '2015-08-21 10:38:26'),
(923, 46, 25, 'White to purple mix', '2015-08-21 10:39:07'),
(924, 46, 36, 'Drilled ', '2015-08-21 10:39:19'),
(925, 46, 28, '4 to 6.5', '2015-08-21 10:39:38'),
(926, 46, 33, 'Freshwater ', '2015-08-21 10:39:58'),
(927, 46, 26, 'Oval ', '2015-08-21 10:40:12'),
(928, 45, 43, '1400', '2015-08-21 10:41:38'),
(929, 45, 46, 'Cultivated ', '2015-08-21 10:41:53'),
(930, 45, 45, '48', '2015-08-21 10:42:05'),
(931, 45, 25, 'White ', '2015-08-21 10:42:18'),
(932, 45, 36, 'Drilled ', '2015-08-21 10:42:34'),
(933, 45, 28, '5.6 to 8.5', '2015-08-21 10:42:53'),
(934, 45, 33, 'Freshwater ', '2015-08-21 10:43:04'),
(935, 45, 26, 'Oval', '2015-08-21 10:43:21'),
(936, 44, 43, '1411', '2015-08-21 10:45:51'),
(937, 44, 46, 'Cultivated ', '2015-08-21 10:46:06'),
(938, 44, 45, '33', '2015-08-21 10:46:23'),
(939, 44, 25, 'Cream to purple ', '2015-08-21 10:46:43'),
(940, 44, 36, 'Drilled ', '2015-08-21 10:46:55'),
(941, 44, 28, '8.1 to 9.5', '2015-08-21 10:47:21'),
(942, 44, 33, 'Freshwater ', '2015-08-21 10:47:35'),
(943, 44, 26, 'Oval', '2015-08-21 10:47:51'),
(944, 43, 43, '826', '2015-08-21 10:48:37'),
(945, 43, 46, 'Cultivated ', '2015-08-21 10:48:47'),
(946, 43, 45, '35', '2015-08-21 10:49:07'),
(947, 43, 25, 'White ', '2015-08-21 10:49:35'),
(948, 43, 36, 'Drilled ', '2015-08-21 10:49:46'),
(949, 43, 28, '5.5 to 7.5', '2015-08-21 10:50:05'),
(950, 43, 33, 'Freshwater ', '2015-08-21 10:50:18'),
(951, 43, 26, 'Semi oval ', '2015-08-21 10:50:38'),
(952, 42, 43, '1224', '2015-08-21 10:52:03'),
(953, 42, 46, 'Cultivated ', '2015-08-21 10:52:18'),
(954, 42, 45, '31', '2015-08-21 10:52:33'),
(955, 42, 25, 'Orange purple mix ', '2015-08-21 10:53:15'),
(956, 42, 36, 'Drilled ', '2015-08-21 10:53:26'),
(957, 42, 28, '7 to 10', '2015-08-21 10:54:03'),
(958, 42, 33, 'Freshwater', '2015-08-21 10:54:25'),
(959, 42, 26, 'Drop to oval ', '2015-08-21 10:54:45'),
(960, 41, 43, '1668', '2015-08-21 10:55:38'),
(961, 41, 46, 'Cultivated ', '2015-08-21 10:55:49'),
(962, 41, 45, '84', '2015-08-21 10:56:07'),
(963, 41, 25, 'White', '2015-08-21 10:56:59'),
(964, 41, 36, 'Drilled ', '2015-08-21 10:57:19'),
(965, 41, 28, '5.5 to 7 ', '2015-08-21 10:57:35'),
(966, 41, 33, 'Freshwater ', '2015-08-21 10:57:51'),
(967, 41, 26, 'Oval ', '2015-08-21 10:58:09'),
(968, 40, 43, '1892', '2015-08-21 10:58:58'),
(969, 40, 46, 'Cultivated ', '2015-08-21 10:59:09'),
(970, 40, 45, '96', '2015-08-21 10:59:36'),
(971, 40, 25, 'Cream mix', '2015-08-21 10:59:49'),
(972, 40, 36, 'Drilled ', '2015-08-21 11:00:43'),
(973, 40, 28, '4 to 6', '2015-08-21 11:01:07'),
(974, 40, 33, 'Freshwater ', '2015-08-21 11:01:22'),
(975, 40, 26, 'Oval', '2015-08-21 11:01:38'),
(976, 39, 43, '1271', '2015-08-21 11:03:12'),
(977, 39, 46, 'Cultivated ', '2015-08-21 11:03:24'),
(978, 39, 45, '649', '2015-08-21 11:03:38'),
(979, 39, 25, 'Cream ', '2015-08-21 11:03:56'),
(980, 39, 36, 'Drilled ', '2015-08-21 11:04:06'),
(981, 39, 28, '1.5 to 2', '2015-08-21 11:04:26'),
(982, 39, 33, 'Freshwater ', '2015-08-21 11:04:39'),
(983, 39, 26, 'Boroque ', '2015-08-21 11:05:18'),
(984, 38, 43, '3081', '2015-08-21 11:34:47'),
(985, 38, 46, 'Cultivated ', '2015-08-21 11:35:08'),
(986, 38, 45, '191', '2015-08-21 11:35:26'),
(987, 38, 25, 'Cream', '2015-08-21 11:36:16'),
(988, 38, 36, 'Drilled ', '2015-08-21 11:36:31'),
(989, 38, 28, '5 to 6', '2015-08-21 11:36:50'),
(990, 38, 33, 'Freshwater ', '2015-08-21 11:37:46'),
(991, 38, 26, 'Oval', '2015-08-21 11:38:59'),
(992, 37, 43, '1719', '2015-08-21 11:41:47'),
(993, 37, 46, 'Freshwater ', '2015-08-21 11:43:33'),
(994, 37, 45, '19', '2015-08-21 11:46:18'),
(995, 37, 25, 'White', '2015-08-21 11:46:36'),
(996, 37, 36, 'Drilled ', '2015-08-21 11:46:52'),
(997, 37, 28, '3 to 20', '2015-08-21 11:47:22'),
(998, 37, 33, 'Freshwater ', '2015-08-21 11:47:56'),
(999, 37, 26, 'Boroque ', '2015-08-21 11:48:40'),
(1000, 36, 43, '3526', '2015-08-21 11:49:55'),
(1001, 36, 46, 'Freshwater ', '2015-08-21 11:50:20'),
(1002, 36, 45, '78', '2015-08-21 11:50:39'),
(1003, 36, 25, 'Cream', '2015-08-21 11:51:02'),
(1004, 36, 36, 'Drilled ', '2015-08-21 11:51:16'),
(1005, 36, 28, '8 to 9.5', '2015-08-21 11:51:32'),
(1006, 36, 33, 'Freshwater ', '2015-08-21 11:52:25'),
(1007, 36, 26, 'Near round ', '2015-08-21 11:53:50'),
(1008, 35, 43, '2986', '2015-08-21 12:02:02'),
(1009, 35, 46, 'Freshwater ', '2015-08-21 12:02:43'),
(1010, 35, 45, '44', '2015-08-21 12:03:32'),
(1011, 35, 25, 'Whitish pink', '2015-08-21 12:03:53'),
(1012, 35, 36, 'Drilled ', '2015-08-21 12:04:07'),
(1013, 35, 28, '10 to 11.5', '2015-08-21 12:04:30'),
(1014, 35, 33, 'Freshwater ', '2015-08-21 12:04:58'),
(1015, 35, 26, 'Near round ', '2015-08-21 12:05:19'),
(1016, 34, 43, '1185', '2015-08-21 12:06:18'),
(1017, 34, 46, 'Freshwater ', '2015-08-21 12:06:38'),
(1018, 34, 45, '125', '2015-08-21 12:07:22'),
(1019, 34, 25, 'Cream', '2015-08-21 12:08:25'),
(1020, 34, 36, 'Drilled ', '2015-08-21 12:08:35'),
(1021, 34, 28, '3.5 to 4.5', '2015-08-21 12:08:51'),
(1022, 34, 33, 'Freshwater ', '2015-08-21 12:09:08'),
(1023, 34, 26, 'Oval', '2015-08-21 12:09:28'),
(1048, 23, 33, 'Freshwater ', '2015-08-24 15:06:58'),
(1042, 23, 46, 'Cultivated ', '2015-08-24 15:03:41'),
(1041, 23, 43, '709', '2015-08-24 15:03:21'),
(1050, 132, 43, '970', '2015-10-13 10:22:41'),
(1049, 23, 26, 'Near round ', '2015-08-24 15:07:16'),
(1052, 132, 45, '35', '2015-10-13 10:23:32'),
(1054, 132, 25, 'Cream', '2015-10-13 10:25:29'),
(1055, 132, 36, 'Drilled', '2015-10-13 10:25:42'),
(1056, 132, 28, '5 to 8', '2015-10-13 10:26:00'),
(1057, 132, 33, 'Freshwater', '2015-10-13 10:26:21'),
(1058, 132, 26, 'Drop to Oval', '2015-10-13 10:26:48'),
(1059, 133, 35, '22.35', '2015-10-14 04:19:17'),
(1060, 133, 46, 'Natural', '2015-10-14 04:19:30'),
(1061, 133, 24, '27', '2015-10-14 04:19:40'),
(1062, 133, 25, 'Light Cream', '2015-10-14 04:19:57'),
(1063, 133, 36, 'Drilled', '2015-10-14 04:20:09'),
(1064, 133, 33, 'Saltwater', '2015-10-14 04:20:31'),
(1065, 133, 27, 'AA', '2015-10-14 04:20:50'),
(1066, 133, 26, 'Near Round', '2015-10-14 04:21:05'),
(1067, 133, 32, 'Moti Dharam Kata', '2015-10-14 04:22:35'),
(1068, 133, 31, '001117', '2015-10-14 04:22:54'),
(1069, 134, 24, '8432', '2015-10-14 04:39:51'),
(1070, 134, 46, 'Cultivated', '2015-10-14 04:40:08'),
(1071, 134, 25, 'Cream to Grey', '2015-10-14 04:40:48'),
(1072, 134, 36, 'Undrilled', '2015-10-14 04:41:25'),
(1073, 134, 26, 'Mix', '2015-10-14 04:41:44'),
(1074, 134, 33, 'Saltwater ', '2015-10-14 04:41:59'),
(1075, 134, 28, '11 to 15', '2015-10-14 04:44:22'),
(1076, 135, 43, '1365', '2015-10-14 04:49:17'),
(1077, 135, 46, 'Cultivated', '2015-10-14 04:49:30'),
(1078, 135, 45, '20', '2015-10-14 04:49:46'),
(1079, 135, 25, 'Cream', '2015-10-14 04:50:00'),
(1080, 135, 36, 'Drilled', '2015-10-14 04:50:18'),
(1081, 135, 28, '10 to 11.5', '2015-10-14 04:51:30'),
(1082, 135, 33, 'Freshwater', '2015-10-14 04:51:47'),
(1083, 135, 26, 'Near round', '2015-10-14 04:52:36'),
(1084, 137, 43, '1515', '2015-10-14 04:56:44'),
(1085, 137, 46, 'Cultivated', '2015-10-14 04:57:05'),
(1086, 137, 45, '38', '2015-10-14 04:57:24'),
(1087, 137, 25, 'Mix', '2015-10-14 04:57:41'),
(1088, 137, 36, 'Drilled', '2015-10-14 04:57:57'),
(1089, 138, 35, '125.58', '2015-10-14 05:03:31'),
(1090, 138, 46, 'Natural', '2015-10-14 05:03:50'),
(1091, 138, 34, '1', '2015-10-14 05:04:02'),
(1092, 138, 32, 'Moti Dharam Kata', '2015-10-14 05:04:18'),
(1093, 138, 31, '003710', '2015-10-14 05:05:24'),
(1094, 138, 25, 'Brownish white', '2015-10-14 05:05:43');
INSERT INTO `itemfilterrel` (`id`, `item_id`, `filter_id`, `filter_value`, `created_date`) VALUES
(1095, 138, 36, 'Undrilled ', '2015-10-14 05:05:54'),
(1096, 138, 28, '11.86 to 14.14', '2015-10-14 05:06:21'),
(1097, 138, 26, 'Boroque ', '2015-10-14 05:06:43'),
(1098, 138, 24, '13.88', '2015-10-14 05:07:03'),
(1099, 137, 28, '4 to 20', '2015-10-14 05:08:21'),
(1100, 137, 26, 'Boroque', '2015-10-14 05:09:02'),
(1101, 137, 33, 'Freshwater', '2015-10-14 05:09:31'),
(1102, 140, 24, '5754', '2015-10-14 05:16:43'),
(1103, 140, 46, 'Cultivated ', '2015-10-14 05:17:02'),
(1104, 140, 45, '22', '2015-10-14 05:17:15'),
(1105, 140, 25, 'Dye Gold', '2015-10-14 05:17:30'),
(1106, 140, 36, 'Drilled', '2015-10-14 05:17:43'),
(1107, 140, 28, '8.75 to 9.5', '2015-10-14 05:18:08'),
(1110, 139, 43, '1819', '2015-10-14 05:19:55'),
(1109, 140, 26, 'Boroque', '2015-10-14 05:18:44'),
(1111, 139, 46, 'Cultivated', '2015-10-14 05:20:15'),
(1112, 139, 45, '52', '2015-10-14 05:20:42'),
(1113, 139, 25, 'White to grey', '2015-10-14 05:20:59'),
(1114, 139, 28, '3 to 20', '2015-10-14 05:21:20'),
(1115, 139, 33, 'Freshwater', '2015-10-14 05:21:40'),
(1116, 139, 26, 'Boroque', '2015-10-14 05:22:01'),
(1117, 141, 24, '913', '2015-10-14 05:27:22'),
(1118, 141, 46, 'Cultivated ', '2015-10-14 05:27:41'),
(1119, 141, 45, '8', '2015-10-14 05:27:56'),
(1120, 141, 25, 'Dye Cream', '2015-10-14 05:28:44'),
(1121, 141, 36, 'Drilled ', '2015-10-14 05:29:04'),
(1122, 141, 28, '6 to 6.5', '2015-10-14 05:29:20'),
(1123, 141, 26, 'Near round', '2015-10-14 05:29:46'),
(1124, 142, 43, '250.76', '2015-10-14 05:34:55'),
(1125, 142, 46, 'Cultivated', '2015-10-14 05:35:17'),
(1126, 142, 45, '101', '2015-10-14 05:35:31'),
(1127, 142, 25, 'Cream', '2015-10-14 05:35:43'),
(1128, 142, 28, '1.5 to 2.5', '2015-10-14 05:36:10'),
(1129, 142, 33, 'Saltwater', '2015-10-14 05:36:28'),
(1130, 142, 26, 'Boroque', '2015-10-14 05:36:48'),
(1131, 143, 43, '1793', '2015-10-14 05:41:17'),
(1132, 143, 46, 'Cultivated ', '2015-10-14 05:41:49'),
(1133, 143, 25, 'Dye Cream', '2015-10-14 05:42:03'),
(1134, 143, 28, '2.5 to 6.5', '2015-10-14 05:42:39'),
(1135, 143, 33, 'Saltwater ', '2015-10-14 05:42:57'),
(1136, 143, 26, 'Boroque', '2015-10-14 05:43:10'),
(1137, 143, 36, 'Drilled', '2015-10-14 05:43:37'),
(1139, 144, 35, '35.31', '2015-10-14 05:57:38'),
(1140, 144, 46, 'Natural', '2015-10-14 05:57:53'),
(1141, 144, 24, '7.36', '2015-10-14 05:58:15'),
(1142, 144, 32, 'Moti Dharam Kata', '2015-10-14 05:58:46'),
(1143, 144, 31, '003078', '2015-10-14 05:59:16'),
(1144, 144, 25, 'White', '2015-10-14 05:59:29'),
(1145, 144, 28, '9.67 to 10.17', '2015-10-14 06:00:14'),
(1146, 144, 26, 'Button', '2015-10-14 06:01:18'),
(1147, 144, 36, 'Undrilled', '2015-10-14 06:01:44'),
(1148, 144, 27, 'A', '2015-10-14 06:02:08'),
(1149, 144, 34, '1', '2015-10-14 06:02:22'),
(1150, 145, 24, '2000', '2015-10-14 06:07:38'),
(1151, 145, 46, 'Cultivated ', '2015-10-14 06:07:55'),
(1152, 145, 25, 'Rainbow ', '2015-10-14 06:08:12'),
(1153, 145, 36, 'Undrilled ', '2015-10-14 06:08:33'),
(1154, 145, 28, '5 to 9.2', '2015-10-14 06:08:51'),
(1155, 145, 26, 'Boroque ', '2015-10-14 06:09:03'),
(1156, 146, 24, '505', '2015-10-14 06:18:27'),
(1157, 146, 46, 'Cultivated', '2015-10-14 06:19:05'),
(1158, 146, 34, '41', '2015-10-14 06:19:17'),
(1159, 146, 25, 'White', '2015-10-14 06:19:36'),
(1160, 146, 36, 'Drilled', '2015-10-14 06:19:45'),
(1161, 146, 26, 'Near round', '2015-10-14 06:20:05'),
(1162, 146, 33, 'Saltwater', '2015-10-14 06:20:27'),
(1163, 147, 43, '710', '2015-10-14 06:27:14'),
(1164, 147, 46, 'Cultivated', '2015-10-14 06:27:32'),
(1165, 147, 45, '28', '2015-10-14 06:28:12'),
(1166, 147, 25, 'Cream', '2015-10-14 06:28:29'),
(1167, 147, 36, 'Drilled', '2015-10-14 06:28:45'),
(1168, 147, 28, '6 to 7', '2015-10-14 06:28:58'),
(1169, 147, 26, 'Near round', '2015-10-14 06:29:41'),
(1170, 148, 43, '643', '2015-10-14 06:41:23'),
(1171, 148, 46, 'Cultivated', '2015-10-14 06:43:50'),
(1172, 148, 45, '14', '2015-10-14 06:44:57'),
(1173, 148, 25, 'Mix', '2015-10-14 06:45:08'),
(1174, 148, 36, 'Drilled', '2015-10-14 06:45:21'),
(1175, 148, 28, '8 to 10', '2015-10-14 06:45:36'),
(1176, 148, 26, 'Oval', '2015-10-14 06:45:49'),
(1177, 149, 43, '970', '2015-10-14 06:52:07'),
(1178, 149, 46, 'Cultivated', '2015-10-14 06:52:23'),
(1179, 149, 45, '35', '2015-10-14 06:52:44'),
(1180, 149, 25, 'Cream', '2015-10-14 06:53:01'),
(1181, 149, 36, 'Drilled', '2015-10-14 06:53:13'),
(1182, 149, 28, '5 to 8', '2015-10-14 06:53:31'),
(1183, 149, 26, 'Drop to oval', '2015-10-14 06:53:51'),
(1184, 149, 33, 'Freshwater', '2015-10-14 06:54:03'),
(1185, 150, 43, '430', '2015-10-14 07:05:56'),
(1186, 150, 25, 'Cream', '2015-10-14 07:08:28'),
(1187, 150, 26, 'Oval to drop', '2015-10-14 07:11:41'),
(1188, 150, 46, 'Cultivated', '2015-10-14 07:13:23'),
(1189, 150, 36, 'Drilled', '2015-10-14 07:14:00'),
(1190, 150, 28, '6 to 8', '2015-10-14 07:14:17'),
(1191, 150, 45, '13', '2015-10-14 07:14:46'),
(1192, 151, 43, '646', '2015-10-14 07:17:37'),
(1193, 151, 46, 'Cultivated ', '2015-10-14 07:17:58'),
(1194, 151, 25, 'Cream ', '2015-10-14 07:18:11'),
(1195, 151, 36, 'Drilled ', '2015-10-14 07:18:21'),
(1196, 151, 28, '8 to 9.5', '2015-10-14 07:18:39'),
(1197, 151, 26, 'Mix', '2015-10-14 07:20:30'),
(1198, 151, 45, '14', '2015-10-14 07:21:00'),
(1199, 138, 33, 'Saltwater ', '2015-10-14 07:59:06'),
(1200, 144, 33, 'Saltwater ', '2015-10-14 08:01:06'),
(1201, 133, 34, '33', '2015-10-14 08:02:39'),
(1202, 138, 27, 'B1', '2015-10-14 08:04:24'),
(1203, 133, 28, '3.05 to 6.77', '2015-10-14 08:07:14'),
(1204, 152, 24, '3775', '2015-10-14 08:19:52'),
(1205, 152, 46, 'Cultivated ', '2015-10-14 08:20:09'),
(1206, 152, 25, 'Dye Cream to Gold ', '2015-10-14 08:23:59'),
(1207, 152, 36, 'Drilled', '2015-10-14 08:24:15'),
(1208, 152, 28, '6 to 7', '2015-10-14 08:24:28'),
(1209, 152, 33, 'Saltwater ', '2015-10-14 08:24:52'),
(1210, 152, 26, 'Near round ', '2015-10-14 08:25:13'),
(1211, 140, 33, 'Saltwater ', '2015-10-14 08:30:25'),
(1212, 145, 33, 'Freshwater ', '2015-10-14 08:32:56'),
(1213, 147, 33, 'Freshwater ', '2015-10-14 08:33:56'),
(1214, 148, 33, 'Freshwater ', '2015-10-14 08:34:40'),
(1215, 150, 33, 'Freshwater ', '2015-10-14 08:35:49'),
(1216, 151, 33, 'Freshwater ', '2015-10-14 08:37:23'),
(1217, 153, 24, '2300', '2015-10-27 12:08:21'),
(1218, 153, 46, 'Culture', '2015-10-27 12:09:20'),
(1219, 153, 25, 'Dye yellow ', '2015-10-27 12:10:22'),
(1220, 153, 36, 'Drilled', '2015-10-27 12:10:39'),
(1221, 153, 28, '6 to 7', '2015-10-27 12:10:55'),
(1222, 153, 33, 'Saltwater ', '2015-10-27 12:11:37'),
(1223, 153, 45, '68', '2015-10-27 12:12:31'),
(1224, 153, 26, 'Near round ', '2015-10-27 12:14:12'),
(1225, 154, 35, '10.37', '2015-10-27 12:17:49'),
(1226, 154, 46, 'Natural ', '2015-10-27 12:18:18'),
(1227, 154, 24, '3.99', '2015-10-27 12:18:32'),
(1228, 154, 25, 'White', '2015-10-27 12:18:55'),
(1229, 154, 36, 'Undrilled ', '2015-10-27 12:19:17'),
(1230, 154, 28, '7.38 to 9.56', '2015-10-27 12:19:43'),
(1231, 154, 33, 'Saltwater ', '2015-10-27 12:20:03'),
(1232, 154, 38, 'Present ', '2015-10-27 12:20:32'),
(1233, 154, 27, 'A', '2015-10-27 12:20:48'),
(1234, 154, 37, 'Pink Blue Green Mix', '2015-10-27 12:21:43'),
(1235, 154, 26, 'Button', '2015-10-27 12:22:04'),
(1236, 154, 34, '1', '2015-10-27 12:22:49'),
(1237, 155, 35, '34.83', '2015-10-27 12:28:06'),
(1238, 155, 46, 'Natural ', '2015-10-27 12:28:24'),
(1239, 155, 24, '7.31', '2015-10-27 12:29:02'),
(1240, 155, 25, 'White', '2015-10-27 12:29:19'),
(1241, 155, 36, 'Undrilled', '2015-10-27 12:29:35'),
(1242, 155, 32, 'Moti Dharam Kata', '2015-10-27 12:30:10'),
(1243, 155, 31, '003907', '2015-10-27 12:30:27'),
(1244, 155, 28, '7.90 to 11.66', '2015-10-27 12:30:57'),
(1245, 155, 34, '1', '2015-10-27 12:31:10'),
(1246, 155, 38, 'Present', '2015-10-27 12:31:27'),
(1247, 155, 33, 'Saltwater ', '2015-10-27 12:31:43'),
(1248, 155, 27, 'A', '2015-10-27 12:32:01'),
(1251, 154, 32, 'Moti Dharam Kata ', '2015-10-27 12:34:46'),
(1250, 155, 26, 'Button', '2015-10-27 12:32:22'),
(1252, 154, 31, '003430', '2015-10-27 12:35:01'),
(1253, 156, 24, '47.94', '2015-10-27 12:47:10'),
(1260, 156, 42, 'Good', '2015-10-27 12:51:27'),
(1255, 156, 46, 'Natural', '2015-10-27 12:47:53'),
(1256, 156, 31, '09/1472', '2015-10-27 12:48:26'),
(1257, 156, 32, 'Bahrain Lab', '2015-10-27 12:48:53'),
(1258, 156, 25, 'Light cream to cream', '2015-10-27 12:50:05'),
(1259, 156, 36, 'Drilled', '2015-10-27 12:50:27'),
(1261, 156, 28, '5.7-5.9', '2015-10-27 12:52:08'),
(1262, 156, 34, '111', '2015-10-27 12:52:39'),
(1263, 156, 38, 'Present', '2015-10-27 12:53:58'),
(1264, 156, 33, 'Saltwater', '2015-10-27 12:54:33'),
(1265, 156, 27, 'A', '2015-10-27 12:55:03'),
(1266, 156, 26, 'Round oval button', '2015-10-27 12:55:36'),
(1267, 158, 35, '51.63', '2015-10-28 05:48:22'),
(1268, 158, 46, 'Natural ', '2015-10-28 05:48:36'),
(1269, 158, 24, '8.90', '2015-10-28 05:48:50'),
(1270, 158, 25, 'White', '2015-10-28 05:49:00'),
(1271, 158, 36, 'Undrilled ', '2015-10-28 05:49:15'),
(1272, 158, 32, 'SSEF', '2015-10-28 05:49:27'),
(1273, 158, 31, '81629', '2015-10-28 05:50:05'),
(1274, 158, 28, '9.70 to 12.80', '2015-10-28 05:50:45'),
(1275, 158, 34, '1', '2015-10-28 05:50:55'),
(1276, 158, 38, 'Present', '2015-10-28 05:51:08'),
(1277, 158, 33, 'Saltwater ', '2015-10-28 05:51:22'),
(1278, 158, 27, 'B1', '2015-10-28 05:51:34'),
(1279, 158, 26, 'Baroque Drop', '2015-10-28 05:51:55'),
(1280, 159, 24, '7370', '2015-10-28 05:52:54'),
(1281, 159, 25, 'Mix', '2015-10-28 05:53:14'),
(1282, 159, 36, 'Undrilled ', '2015-10-28 05:53:30'),
(1283, 159, 28, '3.5 to 9', '2015-10-28 05:53:46'),
(1284, 159, 33, 'Saltwater ', '2015-10-28 05:54:05'),
(1285, 159, 46, 'Cultivated', '2015-10-28 05:54:25'),
(1286, 159, 26, 'Boroque', '2015-10-28 05:54:54'),
(1287, 160, 43, '1051', '2015-10-28 05:56:00'),
(1288, 160, 25, 'Cream', '2015-10-28 06:02:18'),
(1289, 160, 36, 'Drilled ', '2015-10-28 06:02:32'),
(1290, 160, 28, '1.5 to 2.5', '2015-10-28 06:03:29'),
(1292, 160, 33, 'Saltwater ', '2015-10-28 06:31:46'),
(1293, 160, 26, 'Boroque ', '2015-10-28 06:32:23'),
(1294, 160, 45, '329', '2015-10-28 06:32:53'),
(1295, 160, 46, 'Cultivated', '2015-10-28 06:33:26'),
(1296, 161, 24, '5055', '2015-10-28 06:34:45'),
(1297, 161, 46, 'Cultivated ', '2015-10-28 06:35:05'),
(1298, 161, 25, 'Cream to yellow', '2015-10-28 06:35:28'),
(1299, 161, 36, 'Undrilled ', '2015-10-28 06:36:22'),
(1300, 161, 28, '10 to 15', '2015-10-28 06:36:52'),
(1301, 161, 33, 'Saltwater ', '2015-10-28 06:37:18'),
(1302, 161, 26, 'Mix', '2015-10-28 06:38:05'),
(1304, 157, 35, '5.98', '2015-10-28 06:43:05'),
(1305, 157, 46, 'Natural ', '2015-10-28 06:43:24'),
(1306, 157, 24, '3.03', '2015-10-28 06:43:53'),
(1307, 157, 31, '003955', '2015-10-28 06:44:20'),
(1308, 157, 32, 'Moti Dharam Kata', '2015-10-28 06:44:46'),
(1309, 157, 25, 'Yellow Brown', '2015-10-28 06:45:36'),
(1310, 157, 36, 'Undrilled ', '2015-10-28 06:46:46'),
(1311, 157, 28, '6.91 to 8.36', '2015-10-28 06:47:22'),
(1312, 157, 34, '1', '2015-10-28 06:47:49'),
(1313, 157, 38, 'Present ', '2015-10-28 06:48:10'),
(1314, 157, 33, 'Saltwater ', '2015-10-28 06:48:35'),
(1315, 157, 37, 'Pink blue green mix', '2015-10-28 06:49:09'),
(1316, 157, 27, 'B2', '2015-10-28 06:49:50'),
(1317, 157, 26, 'Button', '2015-10-28 06:50:23'),
(1319, 162, 24, '4103', '2015-10-31 08:23:06'),
(1320, 162, 46, 'Cultivated ', '2015-10-31 08:23:17'),
(1321, 162, 25, 'White', '2015-10-31 08:24:02'),
(1322, 162, 36, 'Undrilled ', '2015-10-31 08:24:12'),
(1323, 162, 28, '12 to 16', '2015-10-31 08:24:29'),
(1324, 162, 34, '234', '2015-10-31 08:26:08'),
(1325, 162, 26, 'Round', '2015-10-31 08:26:36'),
(1326, 162, 33, 'Saltwater ', '2015-10-31 08:26:53'),
(1327, 163, 24, '1283', '2015-10-31 08:29:27'),
(1328, 163, 46, 'Cultivated ', '2015-10-31 08:29:48'),
(1329, 163, 25, 'White to yellow ', '2015-10-31 08:30:13'),
(1330, 163, 36, 'Undrilled ', '2015-10-31 08:30:23'),
(1331, 163, 28, '7 to 11', '2015-10-31 08:30:43'),
(1332, 163, 34, '307', '2015-10-31 08:31:23'),
(1333, 163, 33, 'Saltwater ', '2015-10-31 08:31:57'),
(1334, 163, 26, 'Mix ', '2015-10-31 08:32:11'),
(1335, 169, 24, '5348', '2015-10-31 08:52:20'),
(1336, 169, 46, 'Cultivated ', '2015-10-31 08:53:14'),
(1337, 169, 25, 'Cream to Gold', '2015-10-31 08:55:01'),
(1338, 169, 36, 'Undrilled ', '2015-10-31 08:55:18'),
(1339, 169, 28, '9 to 16.5', '2015-10-31 08:56:01'),
(1340, 164, 24, '1.75', '2015-10-31 08:56:08'),
(1341, 169, 34, '426', '2015-10-31 08:56:16'),
(1342, 164, 35, '1.99', '2015-10-31 08:56:27'),
(1343, 164, 46, 'Natural ', '2015-10-31 08:57:03'),
(1344, 169, 33, 'Saltwater ', '2015-10-31 08:57:03'),
(1345, 169, 26, 'Mix', '2015-10-31 08:57:19'),
(1346, 164, 31, '002522', '2015-10-31 08:57:31'),
(1347, 164, 32, 'Moti Dharam Kata', '2015-10-31 08:57:59'),
(1348, 164, 25, 'White', '2015-10-31 08:58:16'),
(1349, 168, 24, '1203', '2015-10-31 08:58:18'),
(1350, 168, 46, 'Cultivated ', '2015-10-31 08:58:32'),
(1351, 164, 36, 'Undrilled', '2015-10-31 08:58:44'),
(1352, 168, 25, 'Dye Gold', '2015-10-31 08:58:45'),
(1353, 168, 36, 'Drilled ', '2015-10-31 08:59:01'),
(1354, 168, 28, '6 to 7', '2015-10-31 08:59:30'),
(1355, 164, 28, '5.18-6.86', '2015-10-31 08:59:45'),
(1356, 168, 33, 'Saltwater ', '2015-10-31 08:59:51'),
(1357, 164, 34, '1', '2015-10-31 09:00:08'),
(1358, 168, 26, 'Near round ', '2015-10-31 09:00:11'),
(1359, 164, 38, 'Present', '2015-10-31 09:00:28'),
(1360, 164, 33, 'Saltwater ', '2015-10-31 09:00:46'),
(1361, 164, 37, 'Pink blue green mix', '2015-10-31 09:01:13'),
(1362, 167, 24, '2.20', '2015-10-31 09:01:22'),
(1363, 167, 35, '3.15', '2015-10-31 09:01:35'),
(1364, 167, 46, 'Natural ', '2015-10-31 09:01:44'),
(1365, 164, 27, 'B1', '2015-10-31 09:01:45'),
(1366, 167, 25, 'Light cream ', '2015-10-31 09:01:59'),
(1367, 164, 26, 'Button', '2015-10-31 09:02:04'),
(1368, 167, 36, 'Undrilled ', '2015-10-31 09:02:10'),
(1369, 167, 32, 'Bahrain Lab', '2015-10-31 09:02:39'),
(1370, 165, 24, '571', '2015-10-31 09:02:59'),
(1371, 167, 31, '13/3097', '2015-10-31 09:03:00'),
(1372, 165, 46, 'Cultivated ', '2015-10-31 09:03:25'),
(1373, 167, 28, '5.65 to 7.42', '2015-10-31 09:03:40'),
(1374, 165, 25, 'Natural yellow', '2015-10-31 09:03:59'),
(1375, 165, 36, 'Drilled ', '2015-10-31 09:04:17'),
(1376, 167, 34, '1', '2015-10-31 09:04:26'),
(1377, 167, 38, 'Present ', '2015-10-31 09:04:47'),
(1378, 167, 33, 'Saltwater ', '2015-10-31 09:05:50'),
(1379, 167, 27, 'B1 ', '2015-10-31 09:06:06'),
(1380, 167, 26, 'Semi Boroque ', '2015-10-31 09:06:38'),
(1381, 166, 24, '4961', '2015-10-31 09:10:22'),
(1382, 165, 28, '2.5-4.00', '2015-10-31 09:10:42'),
(1383, 165, 33, 'Saltwater ', '2015-10-31 09:11:12'),
(1384, 166, 46, 'Cultivated ', '2015-10-31 09:11:17'),
(1385, 166, 25, 'White to cream ', '2015-10-31 09:11:36'),
(1386, 166, 36, 'Undrilled ', '2015-10-31 09:12:01'),
(1387, 165, 26, 'Boroque ', '2015-10-31 09:12:02'),
(1388, 166, 28, '9 to 16', '2015-10-31 09:12:15'),
(1389, 165, 45, '65', '2015-10-31 09:14:07'),
(1390, 166, 34, '356', '2015-10-31 09:14:12'),
(1391, 166, 33, 'Saltwater ', '2015-10-31 09:14:32'),
(1392, 166, 26, 'Mix', '2015-10-31 09:14:56'),
(1393, 170, 24, '1980', '2015-10-31 12:40:43'),
(1394, 170, 46, 'Cultivated ', '2015-10-31 12:40:53'),
(1395, 170, 25, 'White ', '2015-10-31 12:41:03'),
(1396, 170, 36, 'Drilled ', '2015-10-31 12:41:23'),
(1397, 170, 28, '6 to 15', '2015-10-31 12:41:38'),
(1398, 170, 33, 'Freshwater ', '2015-10-31 12:41:56'),
(1399, 170, 26, 'Boroque ', '2015-10-31 12:42:13'),
(1400, 171, 24, '1500', '2015-11-02 07:36:44'),
(1401, 171, 46, 'Cultivated ', '2015-11-02 07:37:12'),
(1402, 171, 25, 'White ', '2015-11-02 07:37:24'),
(1403, 171, 36, 'Undrilled ', '2015-11-02 07:37:32'),
(1404, 171, 28, '9 to 15', '2015-11-02 07:37:50'),
(1405, 171, 33, 'Freshwater ', '2015-11-02 07:38:03'),
(1406, 171, 26, 'Button ', '2015-11-02 07:38:17'),
(1407, 172, 1, '0.37', '2015-11-05 07:41:30'),
(1408, 173, 1, '0.25', '2015-11-05 07:42:27'),
(1409, 174, 43, '677', '2015-11-19 10:02:40'),
(1410, 174, 46, 'Cultivated ', '2015-11-19 10:03:32'),
(1411, 174, 25, 'White', '2015-11-19 10:04:16'),
(1412, 174, 26, 'Near round ', '2015-11-19 10:04:35'),
(1413, 174, 36, 'Drilled ', '2015-11-19 10:04:45'),
(1414, 174, 33, 'Freshwater ', '2015-11-19 10:05:03'),
(1415, 174, 37, 'Pink', '2015-11-19 10:05:23'),
(1416, 174, 45, '10', '2015-11-19 10:05:40'),
(1417, 174, 28, '10 to 11', '2015-11-19 10:06:15'),
(1418, 175, 24, '536.30', '2015-11-19 10:11:55'),
(1419, 175, 46, 'Cultivated ', '2015-11-19 10:12:21'),
(1420, 175, 25, 'White ', '2015-11-19 10:12:35'),
(1421, 175, 36, 'Drilled ', '2015-11-19 10:12:48'),
(1422, 175, 28, '7.9 to 16', '2015-11-19 10:13:10'),
(1423, 175, 34, '41', '2015-11-19 10:13:27'),
(1424, 175, 33, 'Saltwater ', '2015-11-19 10:14:05'),
(1425, 175, 26, 'Near round ', '2015-11-19 10:14:24'),
(1426, 175, 32, 'Hirco Lab', '2015-11-19 10:18:42'),
(1427, 175, 31, '1000071430', '2015-11-19 10:19:13'),
(1428, 176, 43, '115.5', '2015-11-19 10:21:52'),
(1429, 176, 46, 'Cultivated ', '2015-11-19 10:22:25'),
(1430, 176, 25, 'White ', '2015-11-19 10:22:37'),
(1431, 176, 36, 'Drilled ', '2015-11-19 10:22:49'),
(1432, 176, 28, '5.5 to 6', '2015-11-19 10:23:15'),
(1433, 176, 33, 'Freshwater ', '2015-11-19 10:23:55'),
(1434, 176, 26, 'Mix', '2015-11-19 10:24:09'),
(1435, 176, 45, '7', '2015-11-19 10:24:47'),
(1436, 177, 24, '1924', '2015-11-19 10:34:22'),
(1437, 177, 46, 'Cultivated ', '2015-11-19 10:34:36'),
(1438, 177, 25, 'White', '2015-11-19 10:34:53'),
(1439, 177, 32, 'Hirco lab', '2015-11-19 10:35:19'),
(1440, 177, 31, '1000731410', '2015-11-19 10:35:53'),
(1441, 177, 36, 'Drilled ', '2015-11-19 10:36:13'),
(1442, 177, 28, '7.5 to 14.6', '2015-11-19 10:38:20'),
(1443, 177, 33, 'Saltwater ', '2015-11-19 10:38:59'),
(1444, 177, 26, 'Near round ', '2015-11-19 10:40:51'),
(1445, 177, 45, '5', '2015-11-19 10:41:07'),
(1446, 177, 34, '235', '2015-11-19 10:41:24'),
(1447, 178, 43, '509', '2015-11-19 10:45:25'),
(1448, 178, 46, 'Cultivated ', '2015-11-19 10:45:39'),
(1449, 178, 25, 'Mix', '2015-11-19 10:45:53'),
(1450, 178, 36, 'Drilled ', '2015-11-19 10:48:57'),
(1451, 178, 28, '8.5 to 9.5', '2015-11-19 10:49:19'),
(1452, 178, 26, 'Oval', '2015-11-19 10:49:42'),
(1453, 178, 33, 'Freshwater ', '2015-11-19 10:51:04'),
(1454, 178, 45, '10', '2015-11-19 11:30:44'),
(1455, 179, 43, '509', '2015-11-20 06:58:46'),
(1456, 179, 46, 'Cultivated ', '2015-11-20 06:59:18'),
(1457, 179, 25, 'Mix', '2015-11-20 06:59:40'),
(1458, 179, 36, 'Drilled', '2015-11-20 07:00:05'),
(1459, 179, 28, '8.5 to 9.5', '2015-11-20 07:00:50'),
(1460, 179, 33, 'Freshwater ', '2015-11-20 07:01:22'),
(1461, 179, 26, 'Oval', '2015-11-20 07:01:46'),
(1462, 179, 45, '10', '2015-11-20 07:02:13'),
(1463, 180, 24, '750', '2015-11-20 07:08:19'),
(1464, 180, 46, 'Cultivated', '2015-11-20 07:08:58'),
(1465, 180, 25, 'Cream to gold', '2015-11-20 07:09:26'),
(1466, 180, 36, 'Undrilled', '2015-11-20 07:09:50'),
(1467, 180, 28, '6 to 15.5', '2015-11-20 07:10:17'),
(1468, 180, 34, '100', '2015-11-20 07:10:32'),
(1469, 180, 33, 'Saltwater ', '2015-11-20 07:11:00'),
(1470, 180, 26, 'Near round', '2015-11-20 07:12:09'),
(1471, 181, 24, '1065', '2015-11-20 07:13:50'),
(1472, 181, 46, 'Cultivated ', '2015-11-20 07:14:15'),
(1473, 181, 25, 'Dye cream to gold', '2015-11-20 07:14:42'),
(1474, 181, 36, 'Drilled', '2015-11-20 07:16:02'),
(1475, 181, 28, '7 to 8', '2015-11-20 07:16:31'),
(1476, 181, 33, 'Saltwater ', '2015-11-20 07:17:07'),
(1477, 181, 26, 'Round', '2015-11-20 07:17:49'),
(1478, 181, 45, '26', '2015-11-20 07:18:06'),
(1479, 182, 43, '407', '2015-11-20 07:19:31'),
(1480, 182, 46, 'Cultivated ', '2015-11-20 07:19:48'),
(1481, 182, 25, 'White', '2015-11-20 07:20:20'),
(1482, 182, 36, 'Drilled ', '2015-11-20 07:20:37'),
(1483, 182, 28, '6 to 7', '2015-11-20 07:20:55'),
(1484, 182, 33, 'Freshwater ', '2015-11-20 07:22:26'),
(1485, 182, 26, 'Drop', '2015-11-20 07:23:00'),
(1486, 182, 45, '7', '2015-11-20 07:23:18'),
(1487, 183, 24, '3.33', '2015-11-20 07:26:22'),
(1488, 183, 46, 'Natural ', '2015-11-20 07:26:45'),
(1489, 183, 35, '7.22', '2015-11-20 07:27:09'),
(1490, 183, 31, 'MDK5567', '2015-11-20 07:27:44'),
(1491, 183, 32, 'Moti Dharam Kata', '2015-11-20 07:28:34'),
(1492, 183, 25, 'Dark cream', '2015-11-20 07:29:07'),
(1493, 183, 36, 'Undrilled ', '2015-11-20 07:29:28'),
(1494, 183, 28, '6.8 to 9.5', '2015-11-20 07:29:52'),
(1495, 183, 34, '1', '2015-11-20 07:30:08'),
(1496, 183, 39, 'Good', '2015-11-20 07:31:26'),
(1497, 183, 41, 'Translucent ', '2015-11-20 07:31:48'),
(1498, 183, 38, 'Present', '2015-11-20 07:32:13'),
(1499, 183, 33, 'Saltwater ', '2015-11-20 07:32:31'),
(1500, 183, 37, 'Pink blue green mix', '2015-11-20 07:33:06'),
(1501, 183, 27, 'A', '2015-11-20 07:34:02'),
(1502, 183, 26, 'Drop', '2015-11-20 07:34:32'),
(1503, 184, 24, '3826', '2015-11-20 07:36:31'),
(1504, 184, 46, 'Cultivated ', '2015-11-20 07:37:38'),
(1505, 184, 25, 'Dye gold', '2015-11-20 07:37:59'),
(1506, 184, 36, 'Undrilled ', '2015-11-20 07:38:26'),
(1507, 184, 28, '11.5 to 14.5', '2015-11-20 07:41:11'),
(1508, 184, 33, 'Saltwater ', '2015-11-20 07:41:47'),
(1509, 184, 26, 'Mix', '2015-11-20 07:42:02'),
(1510, 185, 24, '2224', '2015-11-20 07:47:35'),
(1511, 185, 46, 'Cultivated ', '2015-11-20 07:48:16'),
(1512, 185, 25, 'Dark cream', '2015-11-20 07:48:32'),
(1513, 185, 36, 'Drilled ', '2015-11-20 07:49:22'),
(1514, 185, 28, '5.5 to 6.5', '2015-11-20 07:49:56'),
(1515, 185, 26, 'Round', '2015-11-20 07:52:36'),
(1516, 185, 45, '65', '2015-11-20 07:52:59'),
(1517, 185, 33, 'Saltwater ', '2015-11-20 07:53:56'),
(1518, 186, 24, '4800', '2015-11-20 07:59:23'),
(1519, 186, 46, 'Cultivated ', '2015-11-20 07:59:42'),
(1520, 186, 25, 'White to gold', '2015-11-20 08:00:40'),
(1521, 186, 36, 'Undrilled ', '2015-11-20 08:01:23'),
(1522, 186, 28, '10 to 15', '2015-11-20 08:02:11'),
(1523, 186, 26, 'Mix', '2015-11-20 08:05:14'),
(1524, 186, 33, 'Saltwater ', '2015-11-20 08:05:40'),
(1525, 187, 24, '952', '2015-11-20 08:07:46'),
(1526, 187, 46, 'Cultivated ', '2015-11-20 08:07:58'),
(1527, 187, 25, 'Mix', '2015-11-20 08:08:15'),
(1528, 187, 36, 'Undrilled ', '2015-11-20 08:08:36'),
(1529, 187, 28, '8.5 to 9.5', '2015-11-20 08:09:09'),
(1530, 187, 33, 'Saltwater ', '2015-11-20 08:09:47'),
(1531, 187, 26, 'Near round', '2015-11-20 08:10:05'),
(1532, 187, 34, '80', '2015-11-20 08:10:44'),
(1533, 188, 24, '3796', '2015-11-21 10:27:40'),
(1534, 188, 46, 'Cultivated', '2015-11-21 10:29:22'),
(1535, 188, 25, 'Dye Gold', '2015-11-21 10:29:51'),
(1536, 188, 36, 'Undrilled ', '2015-11-21 10:30:08'),
(1537, 188, 28, '9 to 15', '2015-11-21 10:32:10'),
(1538, 188, 33, 'Saltwater ', '2015-11-21 10:32:33'),
(1539, 188, 26, 'Near round', '2015-11-21 10:32:59'),
(1540, 189, 35, '42.34', '2016-01-15 06:20:03'),
(1541, 189, 24, '8.06', '2016-01-15 06:20:14'),
(1542, 189, 32, 'Moti Dharam Kata', '2016-01-15 06:20:33'),
(1543, 189, 31, '003079', '2016-01-15 06:20:47'),
(1544, 189, 25, 'White', '2016-01-15 06:20:59'),
(1545, 189, 36, 'Drilled', '2016-01-15 06:21:11'),
(1546, 189, 28, '10.46 to 10.26', '2016-01-15 06:21:57'),
(1547, 189, 34, '1', '2016-01-15 06:22:21'),
(1548, 189, 33, 'Saltwater', '2016-01-15 06:22:39'),
(1549, 189, 37, 'Pink blue green mix', '2016-01-15 06:22:58'),
(1550, 189, 38, 'Present', '2016-01-15 06:23:13'),
(1551, 189, 27, 'A', '2016-01-15 06:23:26'),
(1552, 189, 26, 'Round', '2016-01-15 06:23:39'),
(1553, 189, 46, 'Natural', '2016-01-15 06:24:09'),
(1554, 190, 24, '625', '2016-01-15 06:33:20'),
(1555, 190, 33, 'Saltwater ', '2016-01-15 06:33:47'),
(1556, 190, 46, 'Cultivated', '2016-01-15 06:34:31'),
(1557, 190, 36, 'Drilled', '2016-01-15 06:34:47'),
(1558, 190, 25, 'Dye Gold to Orange ', '2016-01-15 06:35:58'),
(1559, 190, 28, '3 to 2.5', '2016-01-15 06:37:07'),
(1560, 190, 26, 'Oval', '2016-01-15 06:37:44'),
(1561, 191, 35, '15.33', '2016-01-15 06:37:50'),
(1562, 191, 24, '4.85', '2016-01-15 06:38:14'),
(1563, 191, 33, 'Saltwater ', '2016-01-15 06:38:31'),
(1564, 191, 31, '005356', '2016-01-15 06:39:07'),
(1565, 191, 32, 'Moti Dharam Kata', '2016-01-15 06:39:29'),
(1566, 191, 25, 'White', '2016-01-15 06:39:43'),
(1567, 191, 36, 'Undrilled ', '2016-01-15 06:40:03'),
(1568, 191, 28, '11.74-6.68', '2016-01-15 06:41:21'),
(1569, 191, 41, 'Translucent ', '2016-01-15 06:41:46'),
(1570, 191, 34, '1', '2016-01-15 06:41:59'),
(1571, 191, 38, 'present ', '2016-01-15 06:42:51'),
(1572, 191, 37, 'Pink blue green mix', '2016-01-15 06:43:19'),
(1573, 192, 24, '8924', '2016-01-15 06:43:48'),
(1574, 191, 27, 'A', '2016-01-15 06:43:54'),
(1575, 191, 26, 'Drop', '2016-01-15 06:44:21'),
(1576, 192, 33, 'Saltwater ', '2016-01-15 06:44:29'),
(1577, 191, 40, 'Clean', '2016-01-15 06:44:39'),
(1578, 191, 46, 'Natural', '2016-01-15 06:45:00'),
(1579, 192, 46, 'Cultivated ', '2016-01-15 06:45:27'),
(1580, 192, 25, 'White', '2016-01-15 06:46:04'),
(1581, 192, 36, 'Undrilled ', '2016-01-15 06:46:28'),
(1582, 192, 28, '7 to 17', '2016-01-15 06:47:36'),
(1583, 192, 26, 'Near round and drop', '2016-01-15 06:48:27'),
(1584, 194, 24, '767', '2016-01-15 06:53:58'),
(1585, 194, 33, 'Saltwater ', '2016-01-15 06:54:26'),
(1586, 194, 46, 'Cultivated ', '2016-01-15 06:55:06'),
(1587, 193, 35, '5.04', '2016-01-15 06:55:36'),
(1588, 193, 24, '2.78', '2016-01-15 06:56:14'),
(1589, 194, 25, 'White', '2016-01-15 06:56:15'),
(1590, 193, 33, 'Saltwater ', '2016-01-15 06:56:34'),
(1591, 193, 31, '1200191578', '2016-01-15 06:57:18'),
(1592, 193, 32, 'Hirco ', '2016-01-15 06:57:50'),
(1593, 194, 26, 'Mix', '2016-01-15 06:58:04'),
(1594, 193, 25, 'White', '2016-01-15 06:58:26'),
(1595, 194, 28, '7 to 11.5', '2016-01-15 06:58:33'),
(1596, 193, 36, 'Undrilled ', '2016-01-15 06:58:45'),
(1597, 194, 36, 'Undrilled ', '2016-01-15 06:59:39'),
(1598, 193, 39, 'Good', '2016-01-15 06:59:47'),
(1599, 193, 28, '7.60-6.80', '2016-01-15 07:00:28'),
(1600, 193, 41, 'Translucent ', '2016-01-15 07:01:33'),
(1601, 193, 34, '1', '2016-01-15 07:02:27'),
(1602, 193, 38, 'Present', '2016-01-15 07:02:57'),
(1603, 193, 37, 'Pink blue green mix ', '2016-01-15 07:03:35'),
(1604, 193, 27, 'A', '2016-01-15 07:03:51'),
(1605, 193, 26, 'Oval', '2016-01-15 07:04:52'),
(1606, 193, 40, 'Clean', '2016-01-15 07:05:28'),
(1607, 193, 46, 'Natural', '2016-01-15 07:05:45'),
(1617, 196, 43, '278', '2016-01-15 07:18:10'),
(1609, 195, 24, '429', '2016-01-15 07:09:42'),
(1610, 195, 33, 'Freshwater ', '2016-01-15 07:10:04'),
(1611, 195, 46, 'Cultivated ', '2016-01-15 07:10:16'),
(1612, 195, 25, 'White ', '2016-01-15 07:10:50'),
(1613, 195, 36, 'Drilled ', '2016-01-15 07:11:05'),
(1614, 195, 28, '13.5 to 11.5', '2016-01-15 07:11:24'),
(1615, 195, 34, '35', '2016-01-15 07:11:45'),
(1616, 195, 26, 'Near round', '2016-01-15 07:12:17'),
(1618, 196, 33, 'Freshwater ', '2016-01-15 07:18:25'),
(1619, 196, 46, 'Cultivated ', '2016-01-15 07:18:50'),
(1621, 196, 28, '1.7 to 1.9', '2016-01-15 07:21:36'),
(1622, 196, 25, 'White ', '2016-01-15 07:21:58'),
(1623, 196, 36, 'Drilled ', '2016-01-15 07:22:59'),
(1624, 196, 26, 'Button', '2016-01-15 07:23:41'),
(1625, 197, 43, '836', '2016-01-15 07:29:12'),
(1626, 197, 33, 'Freshwater ', '2016-01-15 07:29:25'),
(1627, 197, 46, 'Cultivated ', '2016-01-15 07:29:37'),
(1628, 197, 25, 'Cream', '2016-01-15 07:29:55'),
(1629, 197, 36, 'Drilled ', '2016-01-15 07:30:10'),
(1630, 197, 28, '4.5 to 7.5', '2016-01-15 07:30:39'),
(1631, 197, 26, 'Oval', '2016-01-15 07:31:03'),
(1632, 198, 43, '944', '2016-01-15 07:39:11'),
(1633, 198, 33, 'Freshwater ', '2016-01-15 07:39:26'),
(1634, 198, 46, 'Cultivated ', '2016-01-15 07:39:35'),
(1635, 198, 25, 'Mix', '2016-01-15 07:40:17'),
(1636, 198, 36, 'Drilled ', '2016-01-15 07:40:33'),
(1637, 198, 28, '6 to 6.5', '2016-01-15 07:41:19'),
(1638, 198, 26, 'Oval', '2016-01-15 07:41:43'),
(1639, 199, 24, '17.69', '2016-01-15 07:43:07'),
(1640, 199, 35, '102.23', '2016-01-15 07:43:41'),
(1641, 199, 33, 'Freshwater ', '2016-01-15 07:44:20'),
(1642, 199, 31, '3205543826', '2016-01-15 07:46:01'),
(1643, 199, 32, 'GIA', '2016-01-15 07:46:25'),
(1644, 200, 43, '774', '2016-01-15 07:46:38'),
(1645, 200, 33, 'Freshwater ', '2016-01-15 07:46:49'),
(1646, 199, 25, 'White', '2016-01-15 07:47:00'),
(1647, 200, 46, 'Cultivated ', '2016-01-15 07:47:00'),
(1648, 200, 25, 'Mix', '2016-01-15 07:47:13'),
(1649, 199, 36, 'Undrilled ', '2016-01-15 07:47:18'),
(1650, 200, 36, 'Drilled ', '2016-01-15 07:47:30'),
(1651, 200, 28, '4 to 6.5', '2016-01-15 07:48:29'),
(1652, 199, 39, 'Good', '2016-01-15 07:48:42'),
(1653, 200, 26, 'Mix', '2016-01-15 07:49:07'),
(1654, 199, 28, '20.26-7.39', '2016-01-15 07:49:43'),
(1655, 199, 34, '2', '2016-01-15 07:50:20'),
(1656, 199, 38, 'Present', '2016-01-15 07:51:28'),
(1657, 199, 37, 'Pink blue green mix ', '2016-01-15 07:52:23'),
(1658, 199, 26, 'Baroque ', '2016-01-15 07:57:46'),
(1659, 199, 40, 'Lightly spotted', '2016-01-15 07:59:57'),
(1660, 199, 46, 'Freshwater Natural', '2016-01-15 08:00:44'),
(1661, 201, 35, '22.35', '2016-01-15 08:11:49'),
(1662, 201, 24, '27', '2016-01-15 08:12:15'),
(1663, 201, 33, 'Saltwater ', '2016-01-15 08:12:56'),
(1664, 201, 31, '001117', '2016-01-15 08:13:28'),
(1665, 201, 32, 'Moti Dharam Kata', '2016-01-15 08:14:04'),
(1666, 201, 25, 'White', '2016-01-15 08:14:50'),
(1667, 201, 36, 'Drilled', '2016-01-15 08:15:36'),
(1668, 201, 39, 'Good', '2016-01-15 08:17:08'),
(1669, 201, 28, '6.77-3.05', '2016-01-15 08:18:09'),
(1670, 201, 34, '33', '2016-01-15 08:18:35'),
(1671, 201, 41, 'Translucent ', '2016-01-15 08:19:05'),
(1672, 201, 38, 'Present', '2016-01-15 08:19:55'),
(1673, 201, 37, 'Pink blue green mix ', '2016-01-15 08:20:47'),
(1674, 201, 26, 'Near round', '2016-01-15 08:21:58'),
(1675, 201, 45, '1', '2016-01-15 08:22:18'),
(1676, 201, 46, 'Natural', '2016-01-15 08:22:47'),
(1677, 202, 35, '5.83', '2016-01-15 08:33:32'),
(1678, 202, 24, '2.99', '2016-01-15 08:33:49'),
(1679, 202, 33, 'Saltwater ', '2016-01-15 08:34:04'),
(1680, 202, 31, '1200181599', '2016-01-15 08:34:23'),
(1681, 202, 32, 'Hirco', '2016-01-15 08:34:34'),
(1682, 202, 25, 'White', '2016-01-15 08:34:51'),
(1683, 202, 36, 'Undrilled ', '2016-01-15 08:35:05'),
(1684, 202, 39, 'Good', '2016-01-15 08:35:26'),
(1685, 202, 28, '7.40-6.40', '2016-01-15 08:35:46'),
(1686, 202, 41, 'Translucent ', '2016-01-15 08:36:06'),
(1687, 202, 34, '1', '2016-01-15 08:36:18'),
(1688, 202, 38, 'Present', '2016-01-15 08:36:34'),
(1689, 202, 37, 'Cream', '2016-01-15 08:36:50'),
(1690, 202, 27, 'B1', '2016-01-15 08:37:08'),
(1691, 202, 26, 'Button', '2016-01-15 08:37:25'),
(1692, 202, 40, 'Clean', '2016-01-15 08:37:47'),
(1693, 202, 46, 'Natural', '2016-01-15 08:38:02'),
(1694, 203, 24, '7.67', '2016-01-15 08:43:02'),
(1695, 203, 35, '38.34', '2016-01-15 08:43:17'),
(1696, 203, 33, 'Freshwater', '2016-01-15 08:43:34'),
(1697, 204, 24, '3827', '2016-01-15 08:56:44'),
(1698, 204, 33, 'Saltwater ', '2016-01-15 08:56:58'),
(1699, 204, 25, 'Dye Gold', '2016-01-15 08:57:49'),
(1700, 204, 36, 'Undrilled', '2016-01-15 08:58:11'),
(1701, 205, 24, '404.10', '2016-01-15 09:02:43'),
(1702, 205, 33, 'Freshwater ', '2016-01-15 09:03:02'),
(1703, 205, 25, 'White', '2016-01-15 09:03:19'),
(1704, 206, 24, '858', '2016-01-15 09:08:30'),
(1705, 206, 33, 'Saltwater ', '2016-01-15 09:08:43'),
(1706, 206, 25, 'White', '2016-01-15 09:09:12'),
(1707, 207, 24, '8600', '2016-01-15 11:13:14'),
(1708, 207, 33, 'Saltwater ', '2016-01-15 11:13:33'),
(1709, 207, 25, 'Dye yellow', '2016-01-15 11:14:18'),
(1710, 207, 36, 'Drilled ', '2016-01-15 11:14:37'),
(1711, 207, 28, '8', '2016-01-15 11:15:00'),
(1712, 207, 26, 'Near round', '2016-01-15 11:15:52'),
(1713, 207, 46, 'Cultivated ', '2016-01-15 11:16:24'),
(1714, 208, 24, '2995', '2016-01-15 11:20:29'),
(1715, 208, 33, 'Saltwater ', '2016-01-15 11:21:04'),
(1716, 208, 25, 'White', '2016-01-15 11:22:29'),
(1717, 208, 36, 'Undrilled ', '2016-01-15 11:22:57'),
(1718, 208, 28, '8-15', '2016-01-15 11:23:43'),
(1719, 208, 26, 'Mix', '2016-01-15 11:24:13'),
(1720, 208, 46, 'Cultivated ', '2016-01-15 11:24:38'),
(1721, 203, 31, '7208543851', '2016-01-15 12:13:51'),
(1722, 203, 32, 'GIA', '2016-01-15 12:14:18'),
(1723, 203, 36, 'Undrilled ', '2016-01-15 12:14:37'),
(1724, 203, 28, '20.32-6.52', '2016-01-15 12:15:17'),
(1725, 203, 34, '1', '2016-01-15 12:15:54'),
(1726, 203, 38, 'Present', '2016-01-15 12:16:13'),
(1727, 203, 37, 'Pink blue green mix', '2016-01-15 12:16:41'),
(1728, 203, 26, 'Baroque ', '2016-01-15 12:17:07'),
(1729, 203, 46, 'Natural', '2016-01-15 12:17:55'),
(1730, 205, 31, '0100031610', '2016-01-15 12:20:44'),
(1731, 205, 32, 'Hirco', '2016-01-15 12:21:22'),
(1732, 205, 36, 'Drilled', '2016-01-15 12:21:44'),
(1733, 205, 28, '14-11.40', '2016-01-15 12:22:09'),
(1734, 205, 46, 'Cultivated', '2016-01-15 12:22:48'),
(1735, 206, 36, 'Undrilled ', '2016-01-15 12:25:34'),
(1736, 206, 28, '6-15', '2016-01-15 12:25:54'),
(1737, 206, 26, 'Mix', '2016-01-15 12:26:32'),
(1738, 206, 46, 'Natural', '2016-01-15 12:27:06'),
(1739, 206, 46, 'Natural', '2016-01-15 12:28:01'),
(1740, 209, 24, '3602', '2016-01-16 07:21:26'),
(1741, 209, 25, 'White', '2016-01-16 07:21:53'),
(1742, 209, 36, 'Drilled', '2016-01-16 07:22:08'),
(1743, 209, 33, 'Salt water', '2016-01-16 07:22:45'),
(1744, 209, 46, 'Cultivated ', '2016-01-16 07:23:09'),
(1745, 209, 26, 'Near round', '2016-01-16 07:23:47'),
(1747, 209, 28, '9 to 11', '2016-01-16 07:28:17'),
(1748, 210, 24, '2956', '2016-01-16 07:40:06'),
(1749, 210, 25, 'White', '2016-01-16 07:40:23'),
(1750, 210, 36, 'Drilled ', '2016-01-16 07:40:38'),
(1751, 210, 28, '9 to 11', '2016-01-16 07:40:59'),
(1752, 210, 33, 'Saltwater ', '2016-01-16 07:41:39'),
(1753, 210, 26, 'Near round', '2016-01-16 07:42:11'),
(1754, 210, 46, 'Cultivated ', '2016-01-16 07:42:35'),
(1755, 210, 45, '10', '2016-01-16 07:43:05'),
(1756, 209, 45, '12', '2016-01-16 07:45:20'),
(1757, 211, 24, '1152', '2016-01-16 10:49:21'),
(1758, 211, 33, 'Saltwater ', '2016-01-16 10:49:42'),
(1759, 211, 46, 'Cultivated ', '2016-01-16 10:50:20'),
(1760, 211, 25, 'Mix', '2016-01-16 10:50:44'),
(1761, 211, 36, 'Undrilled ', '2016-01-16 10:51:08'),
(1762, 211, 26, 'Mix', '2016-01-16 10:52:04'),
(1763, 211, 28, '7.5 to 3.5', '2016-01-16 10:55:45'),
(1764, 212, 35, '6.26', '2016-02-01 06:32:28'),
(1765, 212, 24, '3.10', '2016-02-01 06:32:43'),
(1766, 212, 32, 'Moti Dharam kata ', '2016-02-01 06:32:59'),
(1767, 212, 31, '004760', '2016-02-01 06:33:16'),
(1768, 212, 25, 'White', '2016-02-01 06:33:36'),
(1769, 212, 36, 'Undrilled ', '2016-02-01 06:34:00'),
(1770, 212, 28, '5.1 to 9', '2016-02-01 06:34:56'),
(1771, 212, 34, '1', '2016-02-01 06:41:48'),
(1772, 212, 33, 'Saltwater ', '2016-02-01 06:42:04'),
(1773, 212, 27, 'AA', '2016-02-01 06:42:22'),
(1774, 212, 26, 'Button', '2016-02-01 06:42:40'),
(1775, 212, 46, 'Natural ', '2016-02-01 06:43:01'),
(1776, 213, 24, '362.70', '2016-02-01 07:23:23'),
(1777, 213, 25, 'White to gold', '2016-02-01 07:56:54'),
(1778, 213, 36, 'Undrilled ', '2016-02-01 08:00:27'),
(1779, 213, 28, '5.5 to. 10', '2016-02-01 08:01:39'),
(1780, 213, 33, 'Saltwater ', '2016-02-01 08:03:18'),
(1781, 213, 34, '127', '2016-02-01 08:05:01'),
(1782, 213, 26, 'Button', '2016-02-01 08:08:15'),
(1783, 213, 26, 'Button', '2016-02-01 08:08:15'),
(1784, 213, 46, 'Cultivated ', '2016-02-01 08:09:03'),
(1785, 214, 24, '249.4', '2016-02-01 09:03:18'),
(1786, 214, 33, 'Saltwater ', '2016-02-01 10:02:40'),
(1787, 214, 25, 'Mix', '2016-02-01 10:54:34'),
(1788, 214, 26, 'mix', '2016-02-01 10:55:02'),
(1789, 214, 36, 'Undrilled', '2016-02-01 10:55:25'),
(1790, 214, 28, '4 to 7.5', '2016-02-01 10:55:53'),
(1791, 215, 24, '4059', '2016-02-01 10:57:25'),
(1792, 215, 33, 'Freshwater', '2016-02-01 10:57:54'),
(1793, 215, 25, 'Cream', '2016-02-01 10:58:06'),
(1794, 215, 26, 'Oval', '2016-02-01 10:58:17'),
(1795, 215, 45, '100', '2016-02-01 10:58:34'),
(1796, 215, 28, '3.5 to 4.00', '2016-02-01 10:58:57'),
(1797, 218, 24, '6097', '2016-02-01 10:59:34'),
(1798, 217, 24, '3204', '2016-02-01 11:01:16'),
(1799, 217, 33, 'Freshwater', '2016-02-01 11:01:30'),
(1800, 218, 43, '1219', '2016-02-01 11:01:34'),
(1801, 217, 26, 'Boroque', '2016-02-01 11:01:47'),
(1802, 217, 25, 'Mix ', '2016-02-01 11:02:04'),
(1803, 218, 25, 'Mix', '2016-02-01 11:02:07'),
(1804, 218, 36, 'Drilled ', '2016-02-01 11:02:18'),
(1805, 217, 28, '5-10', '2016-02-01 11:02:20'),
(1806, 217, 45, '18', '2016-02-01 11:02:32'),
(1807, 218, 28, '3.5 to 15', '2016-02-01 11:02:38'),
(1808, 218, 33, 'Freshwater ', '2016-02-01 11:02:58'),
(1809, 217, 43, '640', '2016-02-01 11:03:04'),
(1810, 218, 26, 'Coins', '2016-02-01 11:03:19'),
(1811, 218, 46, 'Cultivated ', '2016-02-01 11:03:59'),
(1812, 218, 45, '31', '2016-02-01 11:04:12'),
(1813, 214, 46, 'Cultivated ', '2016-02-01 11:06:33'),
(1814, 215, 46, 'Cultivated ', '2016-02-01 11:08:05'),
(1815, 216, 24, '2744', '2016-02-01 11:33:37'),
(1816, 216, 33, 'Saltwater ', '2016-02-01 11:39:34'),
(1817, 216, 25, 'White', '2016-02-01 11:39:50'),
(1818, 216, 36, 'Undrilled ', '2016-02-01 11:40:04'),
(1819, 216, 28, '8 to 17', '2016-02-01 11:41:25'),
(1820, 216, 34, '292', '2016-02-01 11:41:44'),
(1821, 216, 26, 'Baroque ', '2016-02-01 11:44:02'),
(1822, 216, 46, 'Cultivated ', '2016-02-01 11:45:05'),
(1823, 219, 24, '4058', '2016-02-01 12:02:36'),
(1824, 219, 33, 'Freshwater ', '2016-02-01 12:02:56'),
(1825, 219, 25, 'Cream', '2016-02-01 12:03:39'),
(1826, 219, 28, '3.5 to 4', '2016-02-01 12:04:11'),
(1827, 219, 36, 'Drilled ', '2016-02-01 12:04:27'),
(1828, 219, 46, 'Cultivated ', '2016-02-01 12:04:42'),
(1829, 219, 26, 'Oval', '2016-02-01 12:04:53');

-- --------------------------------------------------------

--
-- Table structure for table `items`
--

CREATE TABLE IF NOT EXISTS `items` (
  `id` int(10) NOT NULL AUTO_INCREMENT,
  `item_id` varchar(250) NOT NULL,
  `item_name` varchar(150) NOT NULL,
  `category` int(10) NOT NULL,
  `image` varchar(150) NOT NULL,
  `description` text NOT NULL,
  `floor_amount` int(15) NOT NULL,
  `paid_amount` int(25) NOT NULL,
  `payment_status` varchar(100) NOT NULL,
  `bid_amount` int(15) NOT NULL DEFAULT '0',
  `seller` int(10) NOT NULL,
  `auction` int(10) NOT NULL,
  `item_key` int(150) NOT NULL,
  `created_date` timestamp NOT NULL DEFAULT CURRENT_TIMESTAMP,
  PRIMARY KEY (`id`)
) ENGINE=MyISAM  DEFAULT CHARSET=latin1 AUTO_INCREMENT=220 ;

--
-- Dumping data for table `items`
--

INSERT INTO `items` (`id`, `item_id`, `item_name`, `category`, `image`, `description`, `floor_amount`, `paid_amount`, `payment_status`, `bid_amount`, `seller`, `auction`, `item_key`, `created_date`) VALUES
(45, 'Freshwater pearls 43', 'Freshwater pearls ', 3, '6ab12-image.jpg', '', 171, 0, '', 0, 3, 4, 83, '2015-08-15 09:51:59'),
(46, 'Freshwater pearls 43', 'Freshwater pearls ', 3, '467ff-image.jpg', '', 147, 148, 'Amount Paid', 148, 3, 4, 87, '2015-08-15 09:59:28'),
(44, 'Freshwater pearls 43', 'Freshwater pearls ', 3, '5a128-image.jpg', '', 125, 0, '', 0, 3, 4, 84, '2015-08-15 09:45:18'),
(43, 'Freshwater pearls 43', 'Freshwater pearls ', 3, '80347-image.jpg', '', 101, 0, '', 0, 3, 4, 81, '2015-08-15 09:30:57'),
(42, 'Freshwater pearls 43', 'Freshwater pearls ', 3, '7580a-image.jpg', '', 133, 140, 'Amount Paid', 140, 3, 4, 82, '2015-08-15 09:24:00'),
(40, 'Freshwater pearls 43', 'Freshwater pearls ', 3, 'f152b-image.jpg', '', 100, 0, '', 0, 3, 4, 80, '2015-08-15 09:09:14'),
(41, 'Freshwater pearls 43', 'Freshwater pearls ', 3, 'd61ce-image.jpg', '', 275, 0, '', 0, 3, 4, 79, '2015-08-15 09:17:30'),
(39, 'Freshwater pearls 43', 'Freshwater pearls ', 3, 'bf9f5-image.jpg', '', 4338, 4350, 'Amount Paid', 4350, 3, 4, 94, '2015-08-15 09:03:03'),
(37, 'Freshwater pearls 43', 'Freshwater pearls ', 3, 'c1f89-image.jpg', '', 355, 0, '', 0, 3, 4, 102, '2015-08-15 08:46:10'),
(38, 'Freshwater pearls 43', 'Freshwater pearls ', 3, '93b5c-image.jpg', '', 563, 0, '', 0, 3, 4, 95, '2015-08-15 08:54:42'),
(35, 'Freshwater pearls 43', 'Freshwater pearls ', 3, '0e636-image.jpg', '', 508, 0, '', 0, 3, 4, 92, '2015-08-15 08:32:41'),
(36, 'Freshwater pearls 43', 'Freshwater pearls ', 3, 'ebd63-image.jpg', '', 297, 300, 'Amount Paid', 300, 3, 4, 101, '2015-08-15 08:41:27'),
(31, 'Freshwater pearls 43', 'Freshwater pearls ', 3, 'dd0f0-image.jpg', '', 218, 219, 'Amount Paid', 219, 3, 4, 96, '2015-08-15 06:56:23'),
(32, 'Freshwater pearls 43', 'Freshwater pearls ', 3, '9c70a-image.jpg', '', 319, 0, '', 0, 3, 4, 97, '2015-08-15 07:05:42'),
(33, 'Freshwater pearls 43', 'Freshwater pearls ', 3, '6a426-image.jpg', '', 675, 676, 'Amount Paid', 676, 3, 4, 93, '2015-08-15 07:18:46'),
(29, 'Freshwater pearls 43', 'Freshwater pearls ', 3, 'b572a-image.jpg', '', 583, 0, '', 0, 3, 4, 100, '2015-08-15 06:27:03'),
(30, 'Freshwater pearls 43', 'Freshwater pearls ', 3, '9a391-image.jpg', '', 356, 0, '', 0, 3, 4, 91, '2015-08-15 06:42:41'),
(27, 'Freshwater pearls 43', 'Freshwater pearls ', 3, '3479f-image.jpg', '', 333, 345, 'Amount Paid', 345, 3, 4, 77, '2015-08-14 12:42:21'),
(28, 'Akoya culture pearls43', 'Akoya culture pearls', 3, '534e3-image.jpg', '<p>\n	Dye colour</p>\n', 1125, 1126, 'Amount Paid', 1126, 4, 4, 32, '2015-08-15 06:13:22'),
(25, 'Akoya culture pearls43', 'Akoya culture pearls', 3, '3fd7a-image.jpg', '', 598, 599, 'Amount Paid', 599, 4, 4, 59, '2015-08-14 12:13:44'),
(34, 'Freshwater pearls 43', 'Freshwater pearls ', 3, 'ac2a9-image.jpg', '', 1373, 1374, 'Amount Paid', 1374, 5, 4, 105, '2015-08-15 08:17:31'),
(22, 'Southsea Pearls43', 'Southsea Pearls', 3, 'f13d5-image.jpg', '', 1178, 1179, 'Amount Paid', 1179, 4, 4, 50, '2015-08-14 11:31:48'),
(23, 'Freshwater pearls43', 'Freshwater pearls', 3, '56ba2-image.jpg', '', 563, 568, 'Amount Paid', 568, 5, 4, 106, '2015-08-14 11:54:38'),
(20, 'Tahiti Pearls43', 'Tahiti Pearls', 3, 'b1d7a-image.jpg', '', 453, 455, 'Amount Paid', 455, 4, 4, 64, '2015-08-14 10:48:29'),
(21, 'Freshwater pair43', 'Freshwater pair', 3, '2a8ff-image.jpg', '', 107, 112, 'Amount Paid', 112, 3, 4, 28, '2015-08-14 11:02:29'),
(159, 'Southsea Keshi pearls73', 'Southsea Keshi pearls', 3, 'd95f7-image.jpeg', '', 5828, 0, '', 8576, 14, 7, 2, '2015-10-28 05:43:08'),
(19, 'Southsea Pearls43', 'Southsea Pearls', 3, '4ce57-image.jpg', '', 453, 454, 'Amount Paid', 454, 4, 4, 71, '2015-08-14 10:25:21'),
(158, 'Real pearl73', 'Real pearl', 3, 'c663c-image.jpeg', '', 2801, 0, '', 5385, 14, 7, 1, '2015-10-28 05:40:26'),
(47, 'Freshwater pearls 43', 'Freshwater pearls ', 3, 'e5b95-image.jpg', '', 144, 0, '', 0, 3, 4, 86, '2015-08-15 10:11:04'),
(48, 'Freshwater pearls 43', 'Freshwater pearls ', 3, 'b1505-image.jpg', '', 147, 0, '', 0, 3, 4, 85, '2015-08-15 10:18:23'),
(49, 'Freshwater pearls 43', 'Freshwater pearls ', 3, 'bff12-image.jpg', '', 738, 0, '', 0, 3, 4, 89, '2015-08-15 10:50:22'),
(50, 'Freshwater pearls 43', 'Freshwater pearls ', 3, '1139b-image.jpg', '', 258, 260, 'Amount Paid', 260, 3, 4, 88, '2015-08-15 10:54:13'),
(51, 'Freshwater pearls 43', 'Freshwater pearls ', 3, '60ba9-image.jpg', '', 263, 278, 'Amount Paid', 278, 3, 4, 98, '2015-08-15 10:57:40'),
(52, 'Freshwater pearls 43', 'Freshwater pearls ', 3, '56de2-image.jpg', '', 443, 0, '', 0, 3, 4, 90, '2015-08-15 11:01:46'),
(53, 'Freshwater pearls 43', 'Freshwater pearls ', 3, '1d47a-image.jpg', '', 211, 0, '', 0, 3, 4, 99, '2015-08-15 11:07:32'),
(54, 'Freshwater pearls 43', 'Freshwater pearls ', 3, '513dd-image.jpg', '', 311, 0, '', 0, 3, 4, 78, '2015-08-15 11:11:48'),
(55, 'Southsea keshi 43', 'Southsea keshi ', 3, '0fa4e-image.jpg', '', 3055, 0, '', 0, 3, 4, 52, '2015-08-15 11:17:45'),
(56, 'Southsea pearls 43', 'Southsea pearls ', 3, '29f25-image.jpg', '', 4366, 0, '', 0, 3, 4, 46, '2015-08-15 11:39:46'),
(57, 'Southsea keshi 43', 'Southsea keshi ', 3, 'c80ff-image.jpg', '', 8303, 0, '', 0, 3, 4, 44, '2015-08-15 11:42:55'),
(58, 'Southsea keshi 43', 'Southsea keshi ', 3, 'e67ce-image.jpg', '', 6994, 0, '', 0, 3, 4, 76, '2015-08-15 11:49:11'),
(59, 'Southsea keshi 43', 'Southsea keshi ', 3, '4bb9a-image.jpg', '', 8692, 0, '', 0, 3, 4, 60, '2015-08-15 11:52:48'),
(61, 'South sea pearls43', 'South sea pearls', 3, '8aaac-image.jpg', 'Sloth sea button pearls', 11884, 0, '', 0, 7, 4, 33, '2015-08-17 13:04:17'),
(63, 'Real pearls 43', 'Real pearls ', 3, 'e2006-image.jpg', '', 12612, 0, '', 0, 3, 4, 2, '2015-08-18 10:07:42'),
(64, 'Southsea pearls 43', 'Southsea pearls ', 3, 'ac805-image.jpg', '', 13170, 13205, 'Amount Paid', 13205, 8, 4, 30, '2015-08-18 11:48:45'),
(65, 'Southsea pearls 43', 'Southsea pearls ', 3, '0d97a-image.jpg', '', 7099, 0, '', 0, 8, 4, 35, '2015-08-19 06:28:27'),
(66, 'Akoya Culture pearls 43', 'Akoya Culture pearls ', 3, '6eefc-image.jpg', '', 12536, 12579, 'Amount Paid', 12579, 8, 4, 39, '2015-08-19 06:32:47'),
(67, 'Southsea pearls 43', 'Southsea pearls ', 3, '662d6-image.jpg', '', 9023, 0, '', 0, 8, 4, 43, '2015-08-19 06:49:05'),
(68, 'Southsea pearls 43', 'Southsea pearls ', 3, '76148-image.jpg', '', 11082, 0, '', 0, 8, 4, 48, '2015-08-19 06:54:04'),
(69, 'Southsea pearls 43', 'Southsea pearls ', 3, 'b8b7b-image.jpg', '', 5595, 0, '', 0, 8, 4, 54, '2015-08-19 06:59:56'),
(70, 'Southsea pearls 43', 'Southsea pearls ', 3, '3ef37-image.jpg', '', 13455, 0, '', 0, 8, 4, 57, '2015-08-19 07:01:35'),
(71, 'Southsea pearls 43', 'Southsea pearls ', 3, '3a222-image.jpg', '', 13182, 0, '', 0, 8, 4, 62, '2015-08-19 07:03:50'),
(72, 'Southsea pearls 43', 'Southsea pearls ', 3, '6b5a0-image.jpg', '', 7077, 7109, 'Amount Paid', 7109, 8, 4, 66, '2015-08-19 07:08:11'),
(73, 'Southsea pearls 43', 'Southsea pearls ', 3, 'd9d15-image.jpg', '', 4086, 0, '', 0, 8, 4, 75, '2015-08-19 07:11:08'),
(74, 'Southsea keshi pearls 43', 'Southsea keshi pearls ', 3, '4ab92-image.jpg', '', 9971, 0, '', 0, 3, 4, 68, '2015-08-19 08:07:35'),
(77, 'Southsea keshi 43', 'Southsea keshi ', 3, '2ac7b-image.jpg', '', 10511, 0, '', 0, 5, 4, 34, '2015-08-19 08:51:56'),
(76, 'Southsea pearls 43', 'Southsea pearls ', 3, '210c3-image.jpg', '', 2168, 0, '', 0, 3, 4, 73, '2015-08-19 08:25:18'),
(78, 'Southsea pearls 43', 'Southsea pearls ', 3, '53dda-image.jpg', '', 4179, 0, '', 0, 8, 4, 69, '2015-08-19 10:22:54'),
(79, 'Akoya culture pearls 43', 'Akoya culture pearls ', 3, '7f24c-image.jpg', '', 8531, 0, '', 0, 8, 4, 51, '2015-08-19 10:27:53'),
(80, 'Southsea pearls 43', 'Southsea pearls ', 3, '634c9-image.jpg', '', 5550, 5555, 'Amount Paid', 5555, 10, 4, 31, '2015-08-19 12:08:13'),
(81, 'Southsea pearls 43', 'Southsea pearls ', 3, 'b9653-image.jpg', '', 14345, 0, '', 0, 10, 4, 40, '2015-08-19 12:24:31'),
(82, 'Akoya culture pearls 43', 'Akoya culture pearls ', 3, '5c79e-image.jpg', '', 8170, 0, '', 0, 10, 4, 45, '2015-08-19 12:31:31'),
(83, 'Southsea pearls 43', 'Southsea pearls ', 3, 'ed95c-image.jpg', '', 5300, 0, '', 0, 10, 4, 49, '2015-08-19 12:38:16'),
(84, 'Southsea pearls 43', 'Southsea pearls ', 3, '896ed-image.jpg', '', 13635, 0, '', 0, 10, 4, 58, '2015-08-19 12:48:00'),
(85, 'Southsea culture 43', 'Southsea culture ', 3, '1aaa0-image.jpg', '', 7938, 0, '', 0, 10, 4, 67, '2015-08-19 12:55:17'),
(86, 'Southsea keshi 43', 'Southsea keshi ', 3, '101d1-image.jpg', '', 8580, 0, '', 0, 10, 4, 70, '2015-08-19 13:13:37'),
(87, 'Southsea keshi 43', 'Southsea keshi ', 3, 'd9e95-image.jpg', '', 10400, 0, '', 0, 10, 4, 37, '2015-08-19 13:19:14'),
(88, 'Southsea keshi 43', 'Southsea keshi ', 3, 'bb6ee-image.jpg', '', 7600, 0, '', 0, 10, 4, 55, '2015-08-19 13:29:54'),
(89, 'Southsea pearls 43', 'Southsea pearls ', 3, '07fa4-image.jpg', '', 295, 296, 'Amount Paid', 296, 3, 4, 47, '2015-08-19 15:04:00'),
(90, 'Southsea pearls 43', 'Southsea pearls ', 3, '13054-image.jpg', '', 494, 0, '', 0, 3, 4, 38, '2015-08-19 15:08:47'),
(91, 'Southsea pearls 43', 'Southsea pearls ', 3, 'bafe0-image.jpg', '', 518, 0, '', 0, 3, 4, 29, '2015-08-19 15:22:47'),
(92, 'Southsea pearls 43', 'Southsea pearls ', 3, 'b0479-image.jpg', '', 1409, 1411, 'Amount Paid', 1411, 3, 4, 65, '2015-08-19 15:29:00'),
(93, 'Southsea pearls 43', 'Southsea pearls ', 3, '24712-image.jpg', '', 501, 0, '', 0, 3, 4, 74, '2015-08-19 15:35:39'),
(94, 'Southsea pearls 43', 'Southsea pearls ', 3, 'b3574-image.jpg', '', 487, 0, '', 0, 3, 4, 56, '2015-08-19 15:42:33'),
(95, 'Southsea pearls 43', 'Southsea pearls ', 3, '17c33-image.jpg', '', 1835, 0, '', 0, 3, 4, 61, '2015-08-19 15:48:34'),
(96, 'Southsea pearls 43', 'Southsea pearls ', 3, 'd5081-image.jpg', '', 490, 0, '', 0, 3, 4, 36, '2015-08-19 15:59:28'),
(97, 'Japanese keshi 43', 'Japanese keshi ', 3, '56dcd-image.jpg', '', 1985, 2090, 'Amount Paid', 2090, 5, 4, 108, '2015-08-19 16:05:24'),
(98, 'Akoya culture pearls 43', 'Akoya culture pearls ', 3, '50543-image.jpg', '', 1734, 1736, 'Amount Paid', 1736, 4, 4, 41, '2015-08-19 16:15:12'),
(99, 'Southsea pearls 43', 'Southsea pearls ', 3, '563f3-image.jpg', '', 3265, 0, '', 0, 3, 4, 104, '2015-08-19 16:44:10'),
(100, 'Southsea pearls 43', 'Southsea pearls ', 3, '7c9b0-image.jpg', '', 2112, 0, '', 0, 3, 4, 107, '2015-08-19 16:51:50'),
(101, 'Freshwater pearls 43', 'Freshwater pearls ', 3, '7be14-image.jpg', '', 321, 375, 'Amount Paid', 375, 5, 4, 103, '2015-08-19 16:57:22'),
(102, 'Real pearl 43', 'Real pearl ', 3, '45674-image.jpg', '', 7430, 0, '', 0, 3, 4, 3, '2015-08-20 04:22:24'),
(103, 'Basra pearl43', 'Basra pearl', 3, '066cc-image.jpg', '', 3829, 0, '', 0, 3, 4, 4, '2015-08-20 04:44:29'),
(104, 'Real pearl43', 'Real pearl', 3, 'e6dae-image.jpg', '', 6644, 0, '', 0, 3, 4, 5, '2015-08-20 05:00:27'),
(105, 'Basra pearl 43', 'Basra pearl ', 3, '5c044-image.jpg', '', 3151, 3152, 'Amount Paid', 3152, 3, 4, 6, '2015-08-20 05:22:53'),
(106, 'Basra pearl 43', 'Basra pearl ', 3, '35366-image.jpg', '', 2563, 0, '', 0, 3, 4, 7, '2015-08-20 05:29:53'),
(107, 'Real pearl 43', 'Real pearl ', 3, '67ab0-image.jpg', '', 4740, 0, '', 0, 3, 4, 8, '2015-08-20 05:38:06'),
(108, 'Basra pearl 43', 'Basra pearl ', 3, '6c35e-image.jpg', '', 3341, 3342, 'Amount Paid', 3342, 3, 4, 9, '2015-08-20 06:09:16'),
(109, 'Basra pearl 43', 'Basra pearl ', 3, 'ded8a-image.jpg', '', 4732, 0, '', 0, 3, 4, 10, '2015-08-20 06:16:36'),
(110, 'Basra pearl 43', 'Basra pearl ', 3, 'e16a4-image.jpg', '', 3075, 3076, 'Amount Paid', 3076, 3, 4, 11, '2015-08-20 06:23:27'),
(111, 'Real pearl 43', 'Real pearl ', 3, '82335-image.jpg', '', 909, 0, '', 0, 3, 4, 12, '2015-08-20 06:35:19'),
(112, 'Basra pearl 43', 'Basra pearl ', 3, '64890-image.jpg', '', 1008, 0, '', 0, 3, 4, 13, '2015-08-20 06:47:32'),
(113, 'Basra pearl 43', 'Basra pearl ', 3, '7776e-image.jpg', '', 649, 657, 'Amount Paid', 657, 3, 4, 14, '2015-08-20 06:59:02'),
(114, 'Basra pearl 43', 'Basra pearl ', 3, '21e94-image.jpg', '', 808, 822, 'Amount Paid', 822, 3, 4, 15, '2015-08-20 07:08:26'),
(115, 'Real pearl 43', 'Real pearl ', 3, 'a3af0-image.jpg', '', 555, 0, '', 0, 3, 4, 16, '2015-08-20 07:23:39'),
(116, 'Basra pearl 43', 'Basra pearl ', 3, '12ec3-image.jpg', '', 909, 915, 'Amount Paid', 915, 3, 4, 17, '2015-08-20 07:33:03'),
(117, 'Basra pearl 43', 'Basra pearl ', 3, '6b341-image.jpg', '', 967, 998, 'Amount Paid', 998, 3, 4, 18, '2015-08-20 07:39:29'),
(118, 'Basra pearl 43', 'Basra pearl ', 3, '6cc95-image.jpg', '', 348, 352, 'Amount Paid', 352, 3, 4, 20, '2015-08-20 07:46:54'),
(119, 'Basra pearl 43', 'Basra pearl ', 3, '4c7ce-image.jpg', '', 283, 284, 'Amount Paid', 284, 3, 4, 19, '2015-08-20 07:50:54'),
(120, 'Basra pearl 43', 'Basra pearl ', 3, '0d688-image.jpg', '', 45, 50, 'Amount Paid', 50, 3, 4, 27, '2015-08-20 17:26:10'),
(121, 'Basra pearl 43', 'Basra pearl ', 3, '9bc7c-image.jpg', '', 78, 81, 'Amount Paid', 81, 3, 4, 26, '2015-08-20 17:30:04'),
(122, 'Basra pearl 43', 'Basra pearl ', 3, 'caae2-image.jpg', '', 99, 101, 'Amount Paid', 101, 3, 4, 25, '2015-08-20 17:40:46'),
(123, 'Real pearl 43', 'Real pearl ', 3, '65d14-image.jpg', '', 126, 130, 'Amount Paid', 130, 3, 4, 24, '2015-08-20 17:46:53'),
(124, 'Real pearl 43', 'Real pearl ', 3, '1f307-image.jpg', '', 188, 0, '', 0, 3, 4, 23, '2015-08-20 17:50:27'),
(125, 'Real pearl 43', 'Real pearl ', 3, 'e2f1e-image.jpg', '', 136, 0, '', 0, 3, 4, 22, '2015-08-20 17:57:05'),
(127, 'Basra pearl 43', 'Basra pearl ', 3, '137c3-image.jpg', '', 207, 212, 'Amount Paid', 212, 3, 4, 21, '2015-08-20 18:08:53'),
(128, 'Southsea pearls 43', 'Southsea pearls ', 3, '14b76-image.jpg', '', 8603, 0, '', 0, 11, 4, 42, '2015-08-21 05:02:16'),
(129, 'Tahiti pearls 43', 'Tahiti pearls ', 3, '1403b-image.jpg', '', 2764, 2765, 'Amount Paid', 2765, 11, 4, 63, '2015-08-21 05:09:31'),
(130, 'Southsea pearls 43', 'Southsea pearls ', 3, '5c23b-image.jpg', '', 3075, 0, '', 0, 11, 4, 53, '2015-08-21 05:16:25'),
(131, 'Southsea pearls 43', 'Southsea pearls ', 3, '185d5-image.jpg', '', 11156, 0, '', 0, 11, 4, 72, '2015-08-21 05:21:37'),
(133, 'Real pearls63', 'Real pearls', 3, '18b00-image.jpg', '', 1800, 0, '', 3626, 3, 6, 9, '2015-10-14 04:17:55'),
(134, 'Southsea pearls63', 'Southsea pearls', 3, '1fafb-image.jpeg', '', 2999, 0, '', 3501, 10, 6, 10, '2015-10-14 04:39:03'),
(135, 'Freshwater pearls63', 'Freshwater pearls', 3, '93996-image.jpg', '', 42, 0, '', 74, 3, 6, 5, '2015-10-14 04:47:09'),
(139, 'Freshwater pearls63', 'Freshwater pearls', 3, '9905e-image.jpg', '', 28, 0, '', 33, 3, 6, 8, '2015-10-14 05:12:40'),
(137, 'Freshwater pearls63', 'Freshwater pearls', 3, '91409-image.jpg', '', 23, 0, '', 29, 3, 6, 7, '2015-10-14 04:55:37'),
(138, 'Real pearl63', 'Real pearl', 3, '69909-image.jpeg', '', 2943, 0, '', 0, 12, 6, 11, '2015-10-14 04:59:57'),
(140, 'Akoya Culture pearls63', 'Akoya Culture pearls', 3, '4d8c9-image.jpeg', '', 809, 0, '', 816, 4, 6, 12, '2015-10-14 05:15:49'),
(142, 'Japanese Keshi pearls63', 'Japanese Keshi pearls', 3, '1bfb1-image.jpg', '', 2351, 0, '', 0, 13, 6, 15, '2015-10-14 05:33:01'),
(143, 'Japanese Keshi pearls63', 'Japanese Keshi pearls', 3, '9be8c-image.jpeg', '', 4333, 0, '', 0, 13, 6, 16, '2015-10-14 05:39:28'),
(144, 'Real pearl63', 'Real pearl', 3, 'f384c-image.jpg', '', 828, 0, '', 2405, 3, 6, 13, '2015-10-14 05:48:12'),
(145, 'Freshwater Keshi pearls63', 'Freshwater Keshi pearls', 3, 'af972-image.jpeg', '', 99, 0, '', 108, 3, 6, 18, '2015-10-14 06:06:00'),
(146, 'Southsea Culture pearls63', 'Southsea Culture pearls', 3, '3d940-image.jpg', '', 355, 0, '', 361, 3, 6, 17, '2015-10-14 06:14:00'),
(147, 'Freshwater pearls63', 'Freshwater pearls', 3, '56da0-image.jpg', '', 22, 0, '', 39, 3, 6, 3, '2015-10-14 06:25:40'),
(148, 'Freshwater pearls63', 'Freshwater pearls', 3, '506c4-image.jpg', '', 20, 0, '', 28, 3, 6, 6, '2015-10-14 06:39:56'),
(149, 'Freshwater pearls63', 'Freshwater pearls', 3, '80da6-image.jpg', '', 30, 0, '', 60, 3, 6, 1, '2015-10-14 06:49:33'),
(150, 'Freshwater pearls63', 'Freshwater pearls', 3, '99e91-image.jpg', '', 13, 0, '', 27, 3, 6, 2, '2015-10-14 06:50:38'),
(151, 'Freshwater pearls63', 'Freshwater pearls', 3, '7d274-image.jpeg', '', 20, 0, '', 30, 3, 6, 4, '2015-10-14 07:16:41'),
(152, 'Akoya culture pearls 63', 'Akoya culture pearls ', 3, '9d3b6-image.jpeg', '', 177, 0, '', 182, 3, 6, 14, '2015-10-14 08:18:17'),
(153, 'Akoya Culture Pearls73', 'Akoya Culture Pearls', 3, 'c8b29-image.jpeg', '', 108, 0, '', 126, 3, 7, 5, '2015-10-27 12:02:30'),
(154, 'Real pearl 73', 'Real pearl ', 3, '5e850-image.jpeg', '', 241, 0, '', 451, 3, 7, 6, '2015-10-27 12:17:15'),
(155, 'Real pearl73', 'Real pearl', 3, '21527-image.jpeg', '', 810, 0, '', 899, 3, 7, 7, '2015-10-27 12:25:36'),
(156, 'Basra pearl necklace73', 'Basra pearl necklace', 3, '313fd-image.jpeg', '', 1999, 0, '', 2000, 3, 7, 9, '2015-10-27 12:40:48'),
(157, 'Real pearl73', 'Real pearl', 3, 'e6b0d-image.jpeg', '', 39, 0, '', 90, 3, 7, 8, '2015-10-27 14:10:33'),
(160, 'Japanese Keshi pearls73', 'Japanese Keshi pearls', 3, '1fb18-image.jpeg', '', 2525, 0, '', 3500, 14, 7, 3, '2015-10-28 05:44:16'),
(161, 'Southsea Culture pearls73', 'Southsea Culture pearls', 3, 'c0c6b-image.jpeg', '', 2429, 0, '', 3179, 15, 7, 4, '2015-10-28 05:45:28'),
(162, 'Southsea pearls 83', 'Southsea pearls ', 3, '066b4-image.jpeg', '', 6234, 0, '', 0, 16, 8, 1, '2015-10-31 08:18:30'),
(163, 'Southsea Keshi pearls 83', 'Southsea Keshi pearls ', 3, 'e9b2b-image.jpeg', '', 3454, 0, '', 3501, 3, 8, 2, '2015-10-31 08:28:48'),
(164, 'Real pearl 83', 'Real pearl ', 3, '01a4e-image.jpeg', '', 45, 0, '', 47, 3, 8, 3, '2015-10-31 08:34:01'),
(165, 'Japan Keshi pearls 83', 'Japan Keshi pearls ', 3, 'd191a-image.jpeg', '', 828, 0, '', 901, 3, 8, 4, '2015-10-31 08:34:51'),
(166, 'Southsea pearls 83', 'Southsea pearls ', 3, 'd8050-image.jpeg', '', 5768, 0, '', 0, 16, 8, 5, '2015-10-31 08:36:40'),
(167, 'Basra pearl 83', 'Basra pearl ', 3, '8e3c6-image.jpeg', '', 284, 0, '', 285, 3, 8, 6, '2015-10-31 08:37:41'),
(168, 'Akoya Culture pearls 83', 'Akoya Culture pearls ', 3, '8d869-image.jpeg', '', 141, 0, '', 142, 3, 8, 8, '2015-10-31 08:38:37'),
(169, 'Southsea pearls 83', 'Southsea pearls ', 3, '2a3b4-image.jpeg', '', 5389, 0, '', 0, 16, 8, 9, '2015-10-31 08:39:25'),
(170, 'Freshwater Keshi pearls 83', 'Freshwater Keshi pearls ', 3, '19eaf-image.jpeg', '', 31, 0, '', 32, 3, 8, 7, '2015-10-31 12:38:17'),
(171, 'Freshwater pearls 83', 'Freshwater pearls ', 3, '51481-image.jpeg', '', 23, 0, '', 0, 14, 8, 10, '2015-11-02 07:35:42'),
(172, 'Yellow stone91', 'Yellow stone', 1, '426ab-image.jpeg', '', 1, 0, '', 0, 3, 9, 1, '2015-11-05 07:27:42'),
(173, 'White stone91', 'White stone', 1, '86ddd-image.jpeg', '', 2, 0, '', 0, 3, 9, 2, '2015-11-05 07:30:58'),
(174, 'Freshwater pearls103', 'Freshwater pearls', 3, '580e7-image.jpeg', '', 45, 0, '', 46, 17, 10, 13, '2015-11-19 09:51:28'),
(175, 'Southsea Pearls Necklace103', 'Southsea Pearls Necklace', 3, '9cd11-image.jpeg', '', 447, 0, '', 0, 18, 10, 2, '2015-11-19 09:51:46'),
(176, 'Freshwater pearls 103', 'Freshwater pearls ', 3, 'bf467-image.jpeg', '', 9, 0, '', 11, 17, 10, 3, '2015-11-19 09:52:05'),
(177, 'Southsea pearls103', 'Southsea pearls', 3, 'cf6ca-image.jpeg', '', 1749, 0, '', 1750, 18, 10, 4, '2015-11-19 09:52:26'),
(178, 'Freshwater pearls 103', 'Freshwater pearls ', 3, '111f2-image.jpeg', '', 38, 0, '', 40, 17, 10, 5, '2015-11-19 09:53:07'),
(179, 'Akoya Culture pearls 103', 'Akoya Culture pearls ', 3, '70f8d-image.jpeg', '', 99, 0, '', 100, 3, 10, 6, '2015-11-19 09:53:30'),
(180, 'Southsea pearls 103', 'Southsea pearls ', 3, 'd51e1-image.jpeg', '', 113, 0, '', 125, 3, 10, 7, '2015-11-19 09:53:51'),
(181, 'Akoya Culture pearls 103', 'Akoya Culture pearls ', 3, '219c6-image.jpeg', '', 161, 0, '', 165, 3, 10, 8, '2015-11-19 09:54:14'),
(182, 'Freshwater pearls 103', 'Freshwater pearls ', 3, 'a26a2-image.jpeg', '', 30, 0, '', 33, 17, 10, 9, '2015-11-19 09:54:35'),
(183, 'Real pearl 103', 'Real pearl ', 3, '5416e-image.jpeg', '', 399, 0, '', 405, 3, 10, 10, '2015-11-19 09:54:55'),
(184, 'Southsea pearls 103', 'Southsea pearls ', 3, '8bbbf-image.jpeg', '', 1707, 0, '', 0, 10, 10, 11, '2015-11-19 09:55:41'),
(185, 'Akoya Culture pearls103', 'Akoya Culture pearls', 3, '508e3-image.jpeg', '', 337, 0, '', 339, 3, 10, 12, '2015-11-20 07:46:08'),
(186, 'South sea pearls103', 'South sea pearls', 3, 'bed87-image.jpeg', '', 1875, 0, '', 2350, 15, 10, 14, '2015-11-20 07:57:59'),
(187, 'Southsea pearls 103', 'Southsea pearls ', 3, '9f236-image.jpeg', '<p>\n	Z</p>\n', 878, 0, '', 879, 19, 10, 1, '2015-11-20 08:04:16'),
(188, 'Southsea pearls 103', 'Southsea pearls ', 3, 'a9ff9-image.jpeg', '', 3736, 0, '', 3737, 10, 10, 15, '2015-11-21 10:26:50'),
(189, 'Real Pearl123', 'Real Pearl', 3, '33d26-image.jpeg', '', 9770, 0, '', 9790, 3, 12, 1, '2016-01-15 06:18:35'),
(190, 'Japanese Keshi123', 'Japanese Keshi', 3, '2877e-image.jpeg', '', 299, 0, '', 312, 3, 12, 11, '2016-01-15 06:29:02'),
(191, 'Real pearl133', 'Real pearl', 3, 'cba6d-image.jpeg', '', 115, 0, '', 678, 3, 13, 2, '2016-01-15 06:36:14'),
(192, 'South Sea Pearls123', 'South Sea Pearls', 3, 'b749e-image.jpeg', '', 3433, 0, '', 0, 3, 12, 12, '2016-01-15 06:42:01'),
(193, 'Real pearl 123', 'Real pearl ', 3, 'bb267-image.jpeg', '', 600, 0, '', 603, 3, 12, 3, '2016-01-15 06:49:47'),
(194, 'South Sea Keshi Pearls123', 'South Sea Keshi Pearls', 3, '0bc81-image.jpeg', '', 2348, 0, '', 2351, 3, 12, 13, '2016-01-15 06:52:23'),
(195, 'Freshwater South Sea Pearls123', 'Freshwater South Sea Pearls', 3, '07547-image.jpeg', '', 79, 0, '', 81, 3, 12, 14, '2016-01-15 07:08:09'),
(196, 'Freshwater Kapan123', 'Freshwater Kapan', 3, 'e1796-image.jpeg', '', 1467, 0, '', 1980, 4, 12, 15, '2016-01-15 07:15:26'),
(197, 'Freshwater pearls 123', 'Freshwater pearls ', 3, '13e68-image.jpeg', '', 72, 0, '', 99, 3, 12, 16, '2016-01-15 07:26:53'),
(198, 'Freshwater pearls 123', 'Freshwater pearls ', 3, '6eda6-image.jpeg', '', 99, 0, '', 105, 3, 12, 17, '2016-01-15 07:38:12'),
(199, 'Freshwater Natural Pearl123', 'Freshwater Natural Pearl', 3, '6db11-image.jpeg', '', 3145, 0, '', 0, 3, 12, 4, '2016-01-15 07:41:32'),
(200, 'Freshwater pearls 123', 'Freshwater pearls ', 3, 'dd6c4-image.jpeg', '', 122, 0, '', 126, 3, 12, 18, '2016-01-15 07:45:03'),
(201, 'Real pearl 123', 'Real pearl ', 3, '83948-image.jpeg', '', 3399, 0, '', 3411, 3, 12, 5, '2016-01-15 08:10:34'),
(202, 'Real Pearl123', 'Real Pearl', 3, '10d6e-image.jpeg', '', 641, 0, '', 642, 3, 12, 6, '2016-01-15 08:30:14'),
(203, 'Freshwater Natural Pearl123', 'Freshwater Natural Pearl', 3, '0f9d7-image.jpeg', '', 1474, 0, '', 0, 3, 12, 7, '2016-01-15 08:42:13'),
(204, 'South Sea pearls123', 'South Sea pearls', 3, 'f09d3-image.jpeg', '', 1707, 0, '', 0, 10, 12, 8, '2016-01-15 08:56:07'),
(205, 'Freshwater South sea pearls123', 'Freshwater South sea pearls', 3, 'ac05f-image.jpeg', '', 63, 0, '', 66, 3, 12, 9, '2016-01-15 09:02:04'),
(206, 'Southsea keshi123', 'Southsea keshi', 3, 'e1eec-image.jpeg', '', 924, 0, '', 999, 3, 12, 10, '2016-01-15 09:07:57'),
(207, 'Japanese Akoya123', 'Japanese Akoya', 3, 'be730-image.jpeg', '', 2381, 0, '', 0, 10, 12, 19, '2016-01-15 11:12:29'),
(208, 'Southsea pearls 123', 'Southsea pearls ', 3, '343c2-image.jpeg', '', 1889, 0, '', 0, 3, 12, 20, '2016-01-15 11:19:00'),
(209, 'Southsea pearls 123', 'Southsea pearls ', 3, 'a49fc-image.jpeg', '', 999, 0, '', 1401, 5, 12, 21, '2016-01-16 07:18:03'),
(210, 'Southsea pearls 123', 'Southsea pearls ', 3, '2a470-image.jpeg', '', 1001, 0, '', 1150, 5, 12, 22, '2016-01-16 07:33:22'),
(211, 'Southsea Keshi pearls 123', 'Southsea Keshi pearls ', 3, '2f747-image.jpeg', '', 1063, 0, '', 1424, 5, 12, 23, '2016-01-16 10:46:59'),
(212, 'Real pearl133', 'Real pearl', 3, '1cdde-image.jpeg', '', 47, 0, '', 277, 3, 13, 1, '2016-02-01 06:31:53'),
(213, 'Southsea Keshi133', 'Southsea Keshi', 3, '8c673-image.jpeg', '', 270, 0, '', 1176, 5, 13, 3, '2016-02-01 07:08:56'),
(214, 'Southsea Keshi133', 'Southsea Keshi', 3, '4c285-image.jpeg', '', 74, 0, '', 238, 5, 13, 4, '2016-02-01 08:47:50'),
(215, 'Freshwater pearls133', 'Freshwater pearls', 3, '66997-image.jpeg', '', 61, 0, '', 370, 5, 13, 5, '2016-02-01 10:50:26'),
(216, 'Southsea Keshi 133', 'Southsea Keshi ', 3, '860d2-image.jpeg', '', 2197, 0, '', 6050, 3, 13, 6, '2016-02-01 10:52:51'),
(217, 'Freshwater pearls 133', 'Freshwater pearls ', 3, 'ee02d-image.jpeg', '', 48, 0, '', 63, 3, 13, 7, '2016-02-01 10:54:52'),
(218, 'Freshwater pearls 133', 'Freshwater pearls ', 3, '51fd8-image.jpeg', '', 91, 0, '', 99, 3, 13, 9, '2016-02-01 10:56:38'),
(219, 'Freshwater pearls 133', 'Freshwater pearls ', 3, '52194-image.jpeg', '', 60, 0, '', 371, 5, 13, 8, '2016-02-01 10:57:27');

-- --------------------------------------------------------

--
-- Table structure for table `item_images`
--

CREATE TABLE IF NOT EXISTS `item_images` (
  `id` int(11) NOT NULL AUTO_INCREMENT,
  `url` varchar(250) NOT NULL,
  `item_id` int(11) NOT NULL,
  `priority` int(11) NOT NULL,
  PRIMARY KEY (`id`)
) ENGINE=MyISAM  DEFAULT CHARSET=latin1 AUTO_INCREMENT=674 ;

--
-- Dumping data for table `item_images`
--

INSERT INTO `item_images` (`id`, `url`, `item_id`, `priority`) VALUES
(1, 'b12f0-item6.png', 1, 4),
(2, 'b8444-item7.png', 1, 1),
(3, 'c3451-item8.png', 1, 3),
(4, '7320e-item9.png', 1, 5),
(5, '809e9-item11.png', 1, 6),
(6, 'f0b80-item10.png', 1, 2),
(7, '1b10d-2.png', 2, 0),
(8, '1d6e5-1.png', 2, 0),
(9, '20e00-3.png', 2, 0),
(10, '196b2-4.png', 2, 0),
(11, 'cf87c-FreeVector-Nightclub-Footage.jpg', 8, 0),
(12, '2b9ed-FreeVector-Disco-Party-Footage.jpg', 8, 0),
(13, '94b77-FreeVector-Nightclub-Footage.jpg', 7, 2),
(14, 'da44e-FreeVector-Disco-Party-Footage.jpg', 7, 1),
(15, 'b07c4-image.jpg', 16, 1),
(18, '62089-image.jpg', 16, 2),
(36, 'e6ebc-image.jpg', 17, 0),
(37, '3daf7-image.jpg', 19, 0),
(39, '64c13-image.jpg', 19, 0),
(40, 'a4af9-image.jpg', 20, 0),
(41, 'b92fe-image.jpg', 20, 0),
(42, '89f4f-image.jpg', 21, 0),
(43, 'cdc0a-image.jpg', 21, 0),
(44, 'b56c2-image.jpg', 22, 0),
(45, '484b0-image.jpg', 22, 0),
(46, '22308-image.jpg', 23, 0),
(47, '2634b-image.jpg', 23, 0),
(48, 'c85f9-image.jpg', 25, 0),
(52, '05115-image.jpg', 25, 0),
(50, 'e987b-image.jpg', 27, 0),
(51, '01c8b-image.jpg', 27, 0),
(53, 'cb963-image.jpg', 28, 0),
(54, '035d7-image.jpg', 28, 0),
(55, 'cbdd2-image.jpg', 29, 0),
(56, 'e96e8-image.jpg', 29, 0),
(57, 'd6820-image.jpg', 30, 0),
(58, '32dd3-image.jpg', 30, 0),
(59, '3a35f-image.jpg', 31, 0),
(60, 'a451d-image.jpg', 31, 0),
(61, '371df-image.jpg', 32, 0),
(62, 'be44f-image.jpg', 32, 0),
(63, '50dfb-image.jpg', 33, 0),
(64, '83215-image.jpg', 33, 0),
(65, '5fb1e-image.jpg', 34, 0),
(66, 'a3ed6-image.jpg', 34, 0),
(67, '75f93-image.jpg', 35, 0),
(68, '85d1e-image.jpg', 35, 0),
(69, '7d7e0-image.jpg', 36, 0),
(70, '81f25-image.jpg', 36, 0),
(71, '84dfb-image.jpg', 37, 0),
(72, 'e9557-image.jpg', 37, 0),
(73, '92e1f-image.jpg', 38, 0),
(74, '01b02-image.jpg', 38, 0),
(75, '85a40-image.jpg', 39, 0),
(76, '03994-image.jpg', 39, 0),
(77, 'd5599-image.jpg', 40, 0),
(78, 'e8286-image.jpg', 40, 0),
(79, 'e8835-image.jpg', 41, 0),
(80, '4daad-image.jpg', 41, 0),
(81, '20bbd-image.jpg', 42, 0),
(82, 'aaf1b-image.jpg', 42, 0),
(83, '4621d-image.jpg', 43, 0),
(84, '54c66-image.jpg', 43, 0),
(85, '13c6d-image.jpg', 44, 0),
(86, '1b0f2-image.jpg', 44, 0),
(87, '1a406-image.jpg', 45, 0),
(88, '25149-image.jpg', 45, 0),
(89, '51705-image.jpg', 46, 0),
(90, '530c1-image.jpg', 46, 0),
(91, 'cee9f-image.jpg', 47, 0),
(92, '236a2-image.jpg', 47, 0),
(93, 'c546e-image.jpg', 48, 0),
(94, '2638e-image.jpg', 48, 0),
(95, '65cf8-image.jpg', 49, 0),
(96, '73b1a-image.jpg', 49, 0),
(97, '323b1-image.jpg', 50, 0),
(98, 'de77b-image.jpg', 50, 0),
(99, '0fd30-image.jpg', 51, 0),
(100, '14e74-image.jpg', 51, 0),
(101, '8e9c6-image.jpg', 52, 0),
(102, 'd6ed2-image.jpg', 52, 0),
(103, '7d5c3-image.jpg', 53, 0),
(104, 'bc404-image.jpg', 53, 0),
(105, '13ab3-image.jpg', 54, 0),
(106, '3735a-image.jpg', 54, 0),
(107, 'a7bf8-image.jpg', 55, 0),
(108, 'efd46-image.jpg', 55, 0),
(109, '064cc-image.jpg', 56, 0),
(110, '20cde-image.jpg', 56, 0),
(113, '6eae4-image.jpg', 57, 0),
(114, '9d67b-image.jpg', 57, 0),
(115, '4c7f7-image.jpg', 58, 0),
(116, '60167-image.jpg', 58, 0),
(117, '172b5-image.jpg', 59, 0),
(118, '5b29a-image.jpg', 59, 0),
(119, 'ce39d-image.jpg', 60, 0),
(120, '2b63c-image.jpg', 60, 0),
(121, '488c2-image.jpg', 60, 0),
(122, '26c36-image.jpg', 61, 0),
(123, '34df0-image.jpg', 61, 0),
(124, '7cfcc-image.jpg', 61, 0),
(125, '3b29e-image.jpg', 62, 1),
(126, 'ef45c-image.jpg', 62, 2),
(127, 'd7415-image.jpg', 62, 3),
(128, '8936d-image.jpg', 62, 5),
(129, 'c1637-image.jpg', 62, 4),
(130, '74c59-image.jpg', 62, 6),
(131, '4fc61-image.jpg', 63, 1),
(132, 'e79d4-image.jpg', 63, 4),
(133, '55e74-image.jpg', 63, 2),
(134, '97ae8-image.jpg', 63, 3),
(135, '4f771-image.jpg', 62, 0),
(136, 'bbfc1-image.jpg', 64, 0),
(137, '4d0b8-image.jpg', 64, 0),
(138, '071cd-image.jpg', 64, 0),
(139, '7862d-image.jpg', 65, 0),
(140, '7cea1-image.jpg', 65, 0),
(141, '89881-image.jpg', 65, 0),
(142, 'bed2d-image.jpg', 66, 0),
(145, 'e2fcf-image.jpg', 66, 0),
(144, 'b948b-image.jpg', 66, 0),
(146, '4b6dc-image.jpg', 67, 0),
(147, '4f2e3-image.jpg', 67, 0),
(148, '7af98-image.jpg', 67, 0),
(149, '0dec0-image.jpg', 68, 0),
(150, '20181-image.jpg', 68, 0),
(151, '2f069-image.jpg', 68, 0),
(152, '0889f-image.jpg', 69, 0),
(153, '14487-image.jpg', 69, 0),
(154, '1d9c1-image.jpg', 69, 0),
(155, '434bb-image.jpg', 70, 0),
(156, '84ca8-image.jpg', 70, 0),
(157, 'afbbb-image.jpg', 70, 0),
(158, '3e115-image.jpg', 71, 0),
(159, '593c1-image.jpg', 71, 0),
(160, '7966b-image.jpg', 71, 0),
(161, 'e1633-image.jpg', 73, 0),
(162, '20ec5-image.jpg', 73, 0),
(163, '94629-image.jpg', 73, 0),
(164, '96ff6-image.jpg', 72, 0),
(165, '8013c-image.jpg', 72, 0),
(166, '02e87-image.jpg', 72, 0),
(167, '6491c-image.jpg', 74, 0),
(168, 'c8ff1-image.jpg', 74, 0),
(169, '3a53b-image.jpg', 74, 0),
(170, 'caea8-image.jpg', 76, 0),
(171, '02c25-image.jpg', 76, 0),
(172, '305fb-image.jpg', 76, 0),
(173, '15795-image.jpg', 77, 0),
(174, '86be5-image.jpg', 77, 0),
(175, 'd7ba9-image.jpg', 77, 0),
(176, 'a30b7-image.jpg', 78, 0),
(177, 'e0d89-image.jpg', 78, 0),
(178, 'ec7b4-image.jpg', 78, 0),
(179, '536bd-image.jpg', 79, 0),
(180, 'b9c00-image.jpg', 79, 0),
(181, 'b2595-image.jpg', 79, 0),
(182, '95011-image.jpg', 80, 0),
(183, '099c8-image.jpg', 80, 0),
(184, '5c15e-image.jpg', 80, 0),
(185, '84c3b-image.jpg', 81, 0),
(186, '7ae7f-image.jpg', 81, 0),
(187, '85af8-image.jpg', 81, 0),
(188, '24a34-image.jpg', 82, 0),
(189, '47069-image.jpg', 82, 0),
(190, 'eaca7-image.jpg', 82, 0),
(191, '09d56-image.jpg', 83, 0),
(192, '1105b-image.jpg', 83, 0),
(193, '2d59e-image.jpg', 83, 0),
(194, '37601-image.jpg', 84, 0),
(195, '5cf42-image.jpg', 84, 0),
(196, '62039-image.jpg', 84, 0),
(197, 'c1f94-image.jpg', 85, 0),
(198, '6d14f-image.jpg', 85, 0),
(199, '8a691-image.jpg', 85, 0),
(200, '17c9c-image.jpg', 86, 0),
(201, '38ce3-image.jpg', 86, 0),
(202, '4f1aa-image.jpg', 86, 0),
(203, '5954e-image.jpg', 87, 0),
(204, '84e6a-image.jpg', 87, 0),
(205, '99477-image.jpg', 87, 0),
(206, 'b395e-image.jpg', 88, 0),
(207, 'ccaf2-image.jpg', 88, 0),
(208, '915cf-image.jpg', 88, 0),
(209, 'b1c92-image.jpg', 88, 0),
(210, '7dc20-image.jpg', 89, 0),
(211, 'dcdf2-image.jpg', 89, 0),
(212, '66092-image.jpg', 89, 0),
(213, '8c4e4-image.jpg', 90, 0),
(214, '95ec0-image.jpg', 90, 0),
(215, '9caaa-image.jpg', 90, 0),
(216, '623e7-image.jpg', 91, 0),
(217, '7a4bb-image.jpg', 91, 0),
(218, 'b2180-image.jpg', 91, 0),
(219, '36977-image.jpg', 92, 0),
(220, '89a89-image.jpg', 92, 0),
(221, '49896-image.jpg', 92, 0),
(222, '4da6e-image.jpg', 93, 0),
(223, '140d8-image.jpg', 93, 0),
(224, '730e0-image.jpg', 93, 0),
(225, '3144c-image.jpg', 94, 0),
(226, 'd1df1-image.jpg', 94, 0),
(227, 'afe1c-image.jpg', 94, 0),
(228, '78a4f-image.jpg', 95, 0),
(229, '988be-image.jpg', 95, 0),
(230, '63f60-image.jpg', 95, 0),
(231, 'bebae-image.jpg', 95, 0),
(232, '674b9-image.jpg', 96, 0),
(233, '55eb8-image.jpg', 96, 0),
(234, 'cbd23-image.jpg', 96, 0),
(235, '24c79-image.jpg', 97, 0),
(236, '24968-image.jpg', 97, 0),
(237, '7b66f-image.jpg', 97, 0),
(238, 'bd78b-image.jpg', 99, 0),
(239, '00566-image.jpg', 99, 0),
(240, '94294-image.jpg', 99, 0),
(241, 'ca3b3-image.jpg', 100, 0),
(242, '14d39-image.jpg', 100, 0),
(243, 'efda8-image.jpg', 100, 0),
(244, 'd5955-image.jpg', 101, 0),
(245, '2d3ca-image.jpg', 101, 0),
(246, 'e1717-image.jpg', 101, 0),
(253, 'd3f21-image.jpg', 102, 0),
(252, 'a0060-image.jpg', 102, 0),
(251, '9c70c-image.jpg', 102, 0),
(250, '30c28-image.jpg', 102, 0),
(254, 'e9c2e-image.jpg', 103, 0),
(255, '10ba8-image.jpg', 103, 0),
(256, '41710-image.jpg', 103, 0),
(257, 'a0ef1-image.jpg', 103, 0),
(258, '9c50d-image.jpg', 104, 0),
(259, 'b694c-image.jpg', 104, 0),
(260, 'bb3ac-image.jpg', 104, 0),
(261, '9c8d6-image.jpg', 104, 0),
(262, '160f7-image.jpg', 105, 0),
(263, 'a8cb2-image.jpg', 105, 0),
(264, '59cd4-image.jpg', 105, 0),
(265, 'f1d58-image.jpg', 105, 0),
(266, 'ca719-image.jpg', 106, 0),
(267, 'f3908-image.jpg', 106, 0),
(268, 'b0824-image.jpg', 106, 0),
(269, 'd313b-image.jpg', 106, 0),
(270, 'f311f-image.jpg', 106, 0),
(271, '63609-image.jpg', 107, 0),
(272, '8ffa8-image.jpg', 107, 0),
(273, '2b04e-image.jpg', 107, 0),
(274, '392a2-image.jpg', 107, 0),
(275, '02470-image.jpg', 107, 0),
(276, '923e0-image.jpg', 108, 0),
(277, 'a0a65-image.jpg', 108, 0),
(278, 'b92ff-image.jpg', 108, 0),
(279, '3b994-image.jpg', 108, 0),
(280, '57d5f-image.jpg', 108, 0),
(281, '41792-image.jpg', 109, 0),
(282, '5a414-image.jpg', 109, 0),
(283, '72ef0-image.jpg', 109, 0),
(284, 'bf03c-image.jpg', 109, 0),
(285, 'f03ad-image.jpg', 110, 0),
(286, '2faf8-image.jpg', 110, 0),
(287, '0cead-image.jpg', 110, 0),
(288, '3c236-image.jpg', 110, 0),
(289, '60897-image.jpg', 110, 0),
(290, '33e9a-image.jpg', 111, 0),
(291, '4397f-image.jpg', 111, 0),
(292, '8aa0c-image.jpg', 111, 0),
(293, '86f6c-image.jpg', 111, 0),
(294, 'c1959-image.jpg', 111, 0),
(295, '090a0-image.jpg', 111, 0),
(296, 'e658e-image.jpg', 112, 0),
(297, '4a94c-image.jpg', 112, 0),
(298, '95def-image.jpg', 112, 0),
(299, '7939d-image.jpg', 112, 0),
(300, 'c7af5-image.jpg', 112, 0),
(301, 'c03c3-image.jpg', 113, 0),
(302, 'e983a-image.jpg', 113, 0),
(303, 'd58f4-image.jpg', 113, 0),
(304, 'd0f1b-image.jpg', 113, 0),
(305, '4fc37-image.jpg', 113, 0),
(306, '87a18-image.jpg', 113, 0),
(307, '6e6fb-image.jpg', 114, 0),
(308, '86837-image.jpg', 114, 0),
(309, '0c585-image.jpg', 114, 0),
(310, 'dc9a6-image.jpg', 114, 0),
(311, 'ecbcc-image.jpg', 114, 0),
(312, '95013-image.jpg', 115, 0),
(313, 'd8c6a-image.jpg', 115, 0),
(314, '1f82e-image.jpg', 115, 0),
(315, '64dca-image.jpg', 115, 0),
(316, '9cf93-image.jpg', 115, 0),
(317, '8d155-image.jpg', 116, 0),
(318, '59219-image.jpg', 116, 0),
(319, '82767-image.jpg', 116, 0),
(320, '4275e-image.jpg', 116, 0),
(321, '1ec41-image.jpg', 116, 0),
(322, '9ee5b-image.jpg', 117, 0),
(323, '622f9-image.jpg', 117, 0),
(324, '2a066-image.jpg', 117, 0),
(325, '71552-image.jpg', 117, 0),
(326, 'b39d4-image.jpg', 117, 0),
(327, '854e1-image.jpg', 118, 0),
(328, 'a3ad5-image.jpg', 118, 0),
(329, '32918-image.jpg', 118, 0),
(330, '44e25-image.jpg', 118, 0),
(331, 'a9523-image.jpg', 118, 0),
(332, '06825-image.jpg', 119, 0),
(333, '59437-image.jpg', 119, 0),
(334, '7ff17-image.jpg', 119, 0),
(335, '88608-image.jpg', 119, 0),
(336, '4a28f-image.jpg', 120, 0),
(337, '76252-image.jpg', 120, 0),
(338, 'ae4e5-image.jpg', 120, 0),
(339, '208de-image.jpg', 120, 0),
(340, 'c32ff-image.jpg', 121, 0),
(341, 'ea1e9-image.jpg', 121, 0),
(342, '406f6-image.jpg', 121, 0),
(343, '565a8-image.jpg', 121, 0),
(344, '1c398-image.jpg', 122, 0),
(345, '4d4d9-image.jpg', 122, 0),
(346, '82c84-image.jpg', 122, 0),
(347, '7c27b-image.jpg', 122, 0),
(348, 'e91c2-image.jpg', 123, 0),
(349, '2c29c-image.jpg', 123, 0),
(350, '5c0cd-image.jpg', 123, 0),
(351, '642cb-image.jpg', 123, 0),
(352, '8e2e4-image.jpg', 124, 0),
(353, 'e0c70-image.jpg', 124, 0),
(354, '1b4dc-image.jpg', 124, 0),
(355, '3e1fc-image.jpg', 124, 0),
(368, '80163-image.jpg', 125, 0),
(369, 'cae1a-image.jpg', 125, 0),
(360, 'f1cd5-image.jpg', 126, 0),
(361, '27835-image.jpg', 126, 0),
(362, '4d86b-image.jpg', 126, 0),
(363, '38282-image.jpg', 126, 0),
(364, 'ae548-image.jpg', 127, 0),
(365, '16741-image.jpg', 127, 0),
(366, '4abc0-image.jpg', 127, 0),
(367, '0082e-image.jpg', 127, 0),
(370, 'dedad-image.jpg', 125, 0),
(371, '45764-image.jpg', 125, 0),
(372, '6466b-image.jpg', 128, 0),
(373, '6c678-image.jpg', 128, 0),
(374, '6ed8a-image.jpg', 128, 0),
(375, '9851f-image.jpg', 129, 0),
(376, '114ab-image.jpg', 129, 0),
(377, '51d80-image.jpg', 129, 0),
(378, '18f7a-image.jpg', 130, 0),
(379, '4023b-image.jpg', 130, 0),
(380, '6c918-image.jpg', 130, 0),
(381, 'c1166-image.jpg', 131, 0),
(382, 'cc7c6-image.jpg', 131, 0),
(383, '1ff1d-image.jpg', 131, 0),
(384, 'a3fa5-image.jpg', 25, 0),
(385, '25b61-image.jpg', 23, 0),
(386, 'e3d26-image.jpg', 21, 0),
(387, '29cb8-image.jpg', 21, 0),
(388, 'bc280-image.jpeg', 132, 0),
(389, '00580-image.jpeg', 132, 0),
(396, '9c0a6-image.jpg', 133, 0),
(394, 'e4852-image.jpg', 133, 0),
(395, '8d0fc-image.jpg', 133, 0),
(397, 'd4d5f-image.jpeg', 134, 0),
(398, 'f3020-image.jpg', 135, 0),
(399, '3b473-image.jpg', 135, 0),
(400, '22007-image.jpg', 135, 0),
(401, '97e59-image.jpg', 137, 0),
(402, '528f3-image.jpg', 137, 0),
(403, '568da-image.jpg', 137, 0),
(404, '42056-image.jpeg', 138, 0),
(405, '8e0e1-image.jpeg', 138, 0),
(406, '96fbc-image.jpeg', 138, 0),
(407, '71163-image.jpg', 139, 0),
(408, 'd9902-image.jpg', 139, 0),
(409, '520e3-image.jpg', 139, 0),
(410, 'c8c3e-image.jpeg', 140, 0),
(411, '47d11-image.jpeg', 141, 0),
(412, '096ab-image.jpg', 142, 0),
(413, '8aad4-image.jpeg', 143, 0),
(414, 'b6610-image.jpeg', 143, 0),
(415, '05013-image.jpeg', 143, 0),
(416, 'a32cc-image.jpeg', 143, 0),
(417, 'a7970-image.jpg', 144, 0),
(418, 'd5ba4-image.jpg', 144, 0),
(419, '1e568-image.jpg', 144, 0),
(420, '0c58a-image.jpg', 144, 0),
(421, '58797-image.jpg', 144, 0),
(422, 'dfb4b-image.jpeg', 145, 0),
(423, '90f98-image.jpeg', 145, 0),
(424, 'd129a-image.jpg', 146, 0),
(425, 'de38f-image.jpg', 146, 0),
(426, 'ea920-image.jpg', 146, 0),
(427, '570cc-image.jpg', 146, 0),
(428, '36233-image.jpg', 147, 0),
(429, '501f9-image.jpg', 147, 0),
(430, '7aed4-image.jpg', 147, 0),
(431, 'b7581-image.jpg', 148, 0),
(432, '35a08-image.jpg', 148, 0),
(433, 'dd2c6-image.jpg', 148, 0),
(434, '3ea66-image.jpg', 149, 0),
(435, 'cb2ab-image.jpg', 149, 0),
(436, '0ed8e-image.jpg', 149, 0),
(437, 'ca513-image.jpg', 150, 0),
(438, 'e7259-image.jpg', 150, 0),
(439, '2a45b-image.jpg', 150, 0),
(440, '33ca8-image.jpeg', 151, 0),
(441, '2178f-image.jpeg', 152, 0),
(442, '74d17-image.jpeg', 152, 0),
(443, '82cbc-image.jpeg', 152, 0),
(455, '845a1-image.jpeg', 158, 0),
(445, '3f669-image.jpeg', 160, 0),
(446, 'c41f6-image.jpeg', 160, 0),
(447, 'f1a2f-image.jpeg', 160, 0),
(448, '0b62a-image.jpeg', 160, 0),
(449, 'db377-image.jpeg', 153, 0),
(450, '08454-image.jpeg', 153, 0),
(451, 'b3627-image.jpeg', 153, 0),
(474, '64644-image.jpeg', 155, 0),
(456, '61852-image.jpeg', 158, 0),
(457, '49720-image.jpeg', 158, 0),
(458, '6c790-image.jpeg', 159, 0),
(459, '5f7f4-image.jpeg', 159, 0),
(460, 'd74ab-image.jpeg', 158, 0),
(461, 'd1a47-image.jpeg', 161, 0),
(462, '09f54-image.jpeg', 161, 0),
(463, 'd1944-image.jpeg', 154, 0),
(464, '10794-image.jpeg', 154, 0),
(465, '1822b-image.jpeg', 154, 0),
(466, 'bc965-image.jpeg', 155, 0),
(467, '1a5c9-image.jpeg', 155, 0),
(468, '31875-image.jpeg', 155, 0),
(469, '8cc79-image.jpeg', 157, 0),
(470, '9d36a-image.jpeg', 157, 0),
(471, '9c939-image.jpeg', 157, 0),
(472, '1ed7d-image.jpeg', 156, 0),
(473, '2a4b1-image.jpeg', 156, 0),
(475, 'a7290-image.jpeg', 157, 0),
(476, '5d96d-image.jpeg', 156, 0),
(477, 'c3279-image.jpeg', 154, 0),
(478, '767af-image.jpeg', 162, 0),
(479, '79432-image.jpeg', 162, 0),
(480, '912cf-image.jpeg', 162, 0),
(481, '1e0f7-image.jpeg', 163, 0),
(482, '33467-image.jpeg', 163, 0),
(483, 'a9104-image.jpeg', 163, 0),
(484, 'f3302-image.jpeg', 164, 0),
(485, 'bd34f-image.jpeg', 164, 0),
(486, '4281f-image.jpeg', 164, 0),
(487, '00e38-image.jpeg', 164, 0),
(488, '478c2-image.jpeg', 165, 0),
(489, '24293-image.jpeg', 165, 0),
(490, 'dcd46-image.jpeg', 165, 0),
(491, '9dbb9-image.jpeg', 166, 0),
(492, '125ca-image.jpeg', 166, 0),
(493, '23fba-image.jpeg', 166, 0),
(494, '4cc48-image.jpeg', 167, 0),
(495, 'caca9-image.jpeg', 167, 0),
(496, 'd16d3-image.jpeg', 167, 0),
(497, '56c42-image.jpeg', 167, 0),
(498, '274b5-image.jpeg', 168, 0),
(499, '4616d-image.jpeg', 168, 0),
(500, '24e16-image.jpeg', 168, 0),
(501, '477ca-image.jpeg', 169, 0),
(502, 'bd023-image.jpeg', 169, 0),
(503, 'bedf7-image.jpeg', 169, 0),
(504, '1fb8b-image.jpeg', 170, 0),
(505, 'b235a-image.jpeg', 170, 0),
(506, 'd8d61-image.jpeg', 170, 0),
(507, '5e907-image.jpeg', 171, 0),
(508, 'ac0d5-image.jpeg', 171, 0),
(509, 'b3b23-image.jpeg', 171, 0),
(510, '6965b-image.jpeg', 172, 0),
(511, 'b1854-image.jpeg', 173, 0),
(512, 'eb13d-image.jpeg', 174, 0),
(513, 'edb5b-image.jpeg', 174, 0),
(514, '09c7a-image.jpeg', 174, 0),
(515, '1be68-image.jpeg', 175, 0),
(516, '64edc-image.jpeg', 175, 0),
(517, '50ccc-image.jpeg', 176, 0),
(518, 'e867b-image.jpeg', 176, 0),
(519, 'd3d77-image.jpeg', 176, 0),
(520, '9d560-image.jpeg', 177, 0),
(521, 'b4179-image.jpeg', 177, 0),
(522, 'd4dda-image.jpeg', 177, 0),
(523, 'f0ae9-image.jpeg', 177, 0),
(524, 'd570b-image.jpeg', 178, 0),
(525, '06e63-image.jpeg', 178, 0),
(526, '1ec6e-image.jpeg', 178, 0),
(527, 'a6170-image.jpeg', 179, 0),
(528, 'a5898-image.jpeg', 179, 0),
(529, '1efc3-image.jpeg', 179, 0),
(530, '2a4e7-image.jpeg', 180, 0),
(531, 'cb62b-image.jpeg', 180, 0),
(532, '1a841-image.jpeg', 180, 0),
(533, 'e90f3-image.jpeg', 181, 0),
(534, '0be1c-image.jpeg', 181, 0),
(535, '1e388-image.jpeg', 181, 0),
(536, '6523b-image.jpeg', 182, 0),
(537, '8dc73-image.jpeg', 182, 0),
(538, 'e5692-image.jpeg', 182, 0),
(539, '373d0-image.jpeg', 183, 0),
(540, '6d0dc-image.jpeg', 183, 0),
(541, '20d98-image.jpeg', 183, 0),
(542, '218ff-image.jpeg', 183, 0),
(543, '3a9ef-image.jpeg', 183, 0),
(544, 'd190a-image.jpeg', 183, 0),
(545, '0eb5e-image.jpeg', 184, 0),
(546, '1d3da-image.jpeg', 184, 0),
(547, '54b28-image.jpeg', 184, 0),
(548, '0097e-image.jpeg', 185, 0),
(549, '6751d-image.jpeg', 185, 0),
(550, 'e985f-image.jpeg', 185, 0),
(551, 'c6dd6-image.jpeg', 187, 0),
(552, 'ee255-image.jpeg', 187, 0),
(553, '695fb-image.jpeg', 186, 0),
(554, '8087d-image.jpeg', 186, 0),
(555, '6b4dc-image.jpeg', 175, 0),
(556, '83e7a-image.jpeg', 177, 0),
(557, 'ee8df-image.jpeg', 188, 0),
(558, '45721-image.jpeg', 188, 0),
(559, '5f358-image.jpeg', 188, 0),
(560, '50bcb-image.jpeg', 189, 0),
(561, 'e61b0-image.jpeg', 189, 0),
(562, '408bb-image.jpeg', 190, 0),
(563, 'bec82-image.jpeg', 192, 0),
(564, 'e32c2-image.jpeg', 194, 0),
(568, 'a68e6-image.jpeg', 195, 0),
(567, 'ae764-image.jpeg', 196, 0),
(644, '3883c-image.jpeg', 200, 0),
(571, '7a075-image.jpeg', 200, 0),
(575, '0a6c6-image.jpeg', 189, 0),
(574, 'df97e-image.jpeg', 189, 0),
(576, '293dd-image.jpeg', 191, 0),
(577, '48a29-image.jpeg', 191, 0),
(578, '9df19-image.jpeg', 191, 0),
(579, '09c36-image.jpeg', 191, 0),
(580, 'ae33f-image.jpeg', 193, 0),
(581, '126bf-image.jpeg', 193, 0),
(584, '5549a-image.jpeg', 193, 0),
(583, '7cdcd-image.jpeg', 193, 0),
(585, '2a472-image.jpeg', 209, 0),
(586, '64c30-image.jpeg', 209, 0),
(587, '7eec3-image.jpeg', 209, 0),
(588, '2451a-image.jpeg', 199, 0),
(589, '86f00-image.jpeg', 199, 0),
(590, '8a1e8-image.jpeg', 199, 0),
(591, 'efdad-image.jpeg', 199, 0),
(592, '9a9af-image.jpeg', 201, 0),
(593, '450db-image.jpeg', 201, 0),
(594, '57b1e-image.jpeg', 201, 0),
(595, 'e9516-image.jpeg', 201, 0),
(596, '598fe-image.jpeg', 210, 0),
(597, '77694-image.jpeg', 210, 0),
(598, '79844-image.jpeg', 210, 0),
(599, '05d6a-image.jpeg', 202, 0),
(600, '34d43-image.jpeg', 202, 0),
(601, 'e31f2-image.jpeg', 202, 0),
(602, '668b8-image.jpeg', 202, 0),
(603, '6f2a6-image.jpeg', 203, 0),
(604, '03e8e-image.jpeg', 203, 0),
(605, '7a135-image.jpeg', 203, 0),
(606, 'bed30-image.jpeg', 204, 0),
(607, '65f20-image.jpeg', 204, 0),
(608, '4fb33-image.jpeg', 204, 0),
(609, '018b3-image.jpeg', 204, 0),
(610, '4656d-image.jpeg', 205, 0),
(611, '0b22d-image.jpeg', 205, 0),
(612, 'a7139-image.jpeg', 205, 0),
(613, '4faf4-image.jpeg', 205, 0),
(614, '63005-image.jpeg', 206, 0),
(615, '16012-image.jpeg', 206, 0),
(616, '2d270-image.jpeg', 206, 0),
(617, 'bd669-image.jpeg', 206, 0),
(618, '4a7a6-image.jpeg', 190, 0),
(619, 'dbe24-image.jpeg', 190, 0),
(620, 'af94f-image.jpeg', 190, 0),
(621, '2f35c-image.jpeg', 192, 0),
(622, '2ff63-image.jpeg', 192, 0),
(623, 'd5c69-image.jpeg', 192, 0),
(624, '1bc4b-image.jpeg', 194, 0),
(625, '44d90-image.jpeg', 194, 0),
(626, '56550-image.jpeg', 195, 0),
(627, 'b8355-image.jpeg', 195, 0),
(628, 'ba962-image.jpeg', 195, 0),
(629, 'b29f8-image.jpeg', 196, 0),
(630, '5ebbb-image.jpeg', 196, 0),
(631, '64675-image.jpeg', 196, 0),
(632, '9ee70-image.jpeg', 197, 0),
(633, 'ebf51-image.jpeg', 197, 0),
(634, '08729-image.jpeg', 197, 0),
(635, '7256b-image.jpeg', 207, 0),
(636, 'c1cde-image.jpeg', 207, 0),
(637, 'f11e3-image.jpeg', 207, 0),
(638, 'eac03-image.jpeg', 208, 0),
(639, '007c0-image.jpeg', 208, 0),
(640, 'a96d9-image.jpeg', 208, 0),
(641, '16a91-image.jpeg', 198, 0),
(642, '8ef1a-image.jpeg', 198, 0),
(643, 'b77e6-image.jpeg', 198, 0),
(645, '88e46-image.jpeg', 200, 0),
(646, '603a7-image.jpeg', 211, 0),
(647, '65d08-image.jpeg', 211, 0),
(649, '6115a-image.jpeg', 212, 0),
(650, '87bf5-image.jpeg', 212, 0),
(651, 'a9fa7-image.jpeg', 212, 0),
(652, 'd8ecb-image.jpeg', 213, 0),
(653, 'f2147-image.jpeg', 213, 0),
(654, '3547e-image.jpeg', 213, 0),
(655, 'b0c15-image.jpeg', 214, 0),
(656, 'e530d-image.jpeg', 214, 0),
(657, '49154-image.jpeg', 214, 0),
(658, '75fb5-image.jpeg', 212, 0),
(659, 'd33da-image.jpeg', 215, 0),
(660, '2f440-image.jpeg', 215, 0),
(661, '3c5fa-image.jpeg', 215, 0),
(662, '70e2c-image.jpeg', 216, 0),
(663, '81cfd-image.jpeg', 216, 0),
(664, '04c6b-image.jpeg', 216, 0),
(665, '3a0cc-image.jpeg', 217, 0),
(666, 'c63c3-image.jpeg', 217, 0),
(667, 'd9acc-image.jpeg', 217, 0),
(668, '901d3-image.jpeg', 218, 0),
(669, '21cd4-image.jpeg', 218, 0),
(670, '49199-image.jpeg', 218, 0),
(671, 'f1c08-image.jpeg', 219, 0),
(672, '23ca1-image.jpeg', 219, 0),
(673, 'b711c-image.jpeg', 219, 0);

-- --------------------------------------------------------

--
-- Table structure for table `log`
--

CREATE TABLE IF NOT EXISTS `log` (
  `id` int(10) NOT NULL AUTO_INCREMENT,
  `item_id` int(10) NOT NULL,
  `user_id` int(10) NOT NULL,
  `bid_amount` int(15) NOT NULL,
  `created_date` timestamp NOT NULL DEFAULT CURRENT_TIMESTAMP,
  PRIMARY KEY (`id`)
) ENGINE=MyISAM  DEFAULT CHARSET=latin1 AUTO_INCREMENT=447 ;

--
-- Dumping data for table `log`
--

INSERT INTO `log` (`id`, `item_id`, `user_id`, `bid_amount`, `created_date`) VALUES
(1, 1, 1, 19000, '2015-03-01 13:29:49'),
(2, 7, 2, 15550, '2015-04-20 06:57:29'),
(3, 7, 1, 15600, '2015-04-20 06:59:50'),
(4, 7, 2, 15650, '2015-04-20 07:25:26'),
(5, 7, 1, 15700, '2015-04-20 07:26:26'),
(6, 7, 2, 15750, '2015-04-20 07:27:34'),
(7, 7, 1, 15850, '2015-05-09 12:58:45'),
(8, 7, 87, 15900, '2015-05-09 13:15:24'),
(9, 7, 85, 15999, '2015-05-09 13:18:52'),
(10, 7, 85, 15999, '2015-05-09 13:18:52'),
(11, 8, 2, 156, '2015-05-09 13:32:09'),
(12, 8, 2, 156, '2015-05-09 13:32:10'),
(13, 8, 2, 165, '2015-05-09 13:36:02'),
(14, 8, 1, 166, '2015-05-09 13:36:48'),
(15, 8, 2, 167, '2015-05-09 13:37:02'),
(16, 8, 1, 169, '2015-05-09 13:37:13'),
(17, 8, 2, 170, '2015-05-09 15:12:02'),
(18, 8, 1, 171, '2015-05-09 15:12:53'),
(19, 8, 2, 172, '2015-05-09 15:13:12'),
(20, 8, 1, 173, '2015-05-09 15:13:32'),
(21, 8, 1, 173, '2015-05-09 15:13:34'),
(22, 8, 1, 175, '2015-05-09 15:14:16'),
(23, 8, 2, 176, '2015-05-09 15:14:50'),
(24, 8, 1, 177, '2015-05-10 13:19:39'),
(25, 8, 2, 180, '2015-05-10 13:42:31'),
(26, 7, 2, 16001, '2015-05-10 13:46:40'),
(27, 8, 1, 181, '2015-05-10 13:47:33'),
(28, 7, 1, 16005, '2015-05-10 13:50:00'),
(29, 8, 2, 183, '2015-05-10 13:52:40'),
(30, 8, 1, 190, '2015-05-10 14:13:01'),
(31, 7, 2, 16006, '2015-05-11 02:47:04'),
(32, 8, 2, 200, '2015-05-11 02:47:39'),
(33, 8, 1, 201, '2015-05-11 05:11:40'),
(34, 7, 1, 16500, '2015-05-12 10:14:49'),
(35, 7, 2, 16505, '2015-05-15 05:40:55'),
(36, 8, 2, 202, '2015-05-15 12:55:23'),
(37, 7, 1, 16507, '2015-05-15 12:56:46'),
(38, 8, 1, 203, '2015-05-15 12:57:05'),
(39, 8, 2, 205, '2015-05-15 20:04:21'),
(40, 7, 2, 16550, '2015-05-15 20:05:54'),
(41, 8, 1, 207, '2015-05-15 20:06:58'),
(42, 7, 1, 16560, '2015-05-17 08:39:19'),
(43, 17, 90, 250, '2015-08-14 05:28:38'),
(44, 17, 1, 251, '2015-08-14 05:40:11'),
(45, 17, 90, 255, '2015-08-14 12:02:27'),
(46, 17, 1, 260, '2015-08-14 12:03:04'),
(47, 17, 90, 262, '2015-08-14 12:06:07'),
(48, 17, 1, 265, '2015-08-14 12:40:55'),
(49, 17, 90, 267, '2015-08-14 12:41:19'),
(50, 17, 1, 268, '2015-08-14 12:42:10'),
(51, 17, 96, 269, '2015-08-20 15:25:13'),
(52, 16, 96, 2180, '2015-08-20 15:28:07'),
(53, 17, 1, 270, '2015-08-20 15:43:13'),
(54, 17, 96, 271, '2015-08-20 15:43:26'),
(55, 17, 1, 272, '2015-08-20 15:43:39'),
(56, 17, 96, 273, '2015-08-20 15:43:47'),
(57, 17, 1, 274, '2015-08-20 15:44:03'),
(58, 17, 96, 275, '2015-08-20 15:44:09'),
(59, 17, 1, 277, '2015-08-20 15:44:20'),
(60, 17, 96, 278, '2015-08-20 15:44:25'),
(61, 17, 1, 279, '2015-08-20 15:44:41'),
(62, 17, 96, 280, '2015-08-20 15:44:56'),
(63, 17, 103, 281, '2015-08-20 17:23:19'),
(64, 17, 1, 282, '2015-08-20 17:24:59'),
(65, 17, 103, 283, '2015-08-20 17:25:34'),
(66, 17, 1, 284, '2015-08-20 17:25:56'),
(67, 17, 103, 285, '2015-08-20 17:26:19'),
(68, 17, 1, 286, '2015-08-20 17:26:56'),
(69, 17, 103, 287, '2015-08-20 17:27:22'),
(70, 17, 1, 288, '2015-08-20 17:28:12'),
(71, 17, 103, 289, '2015-08-20 17:28:24'),
(72, 17, 96, 290, '2015-08-21 08:37:02'),
(73, 60, 1, 184, '2015-08-21 12:58:47'),
(74, 60, 96, 185, '2015-08-21 12:59:25'),
(75, 60, 1, 190, '2015-08-21 13:02:03'),
(76, 60, 96, 191, '2015-08-21 13:02:44'),
(77, 17, 1, 291, '2015-08-21 13:06:41'),
(78, 60, 1, 195, '2015-08-21 13:18:52'),
(79, 60, 96, 196, '2015-08-21 14:37:04'),
(80, 60, 1, 197, '2015-08-21 14:37:23'),
(81, 60, 96, 198, '2015-08-21 14:39:00'),
(82, 16, 1, 2190, '2015-08-21 22:22:39'),
(83, 60, 1, 200, '2015-08-21 22:53:41'),
(84, 60, 2, 220, '2015-08-21 23:04:46'),
(85, 60, 96, 221, '2015-08-22 05:41:57'),
(86, 60, 1, 222, '2015-08-22 05:42:28'),
(87, 60, 96, 223, '2015-08-22 05:42:37'),
(88, 60, 1, 224, '2015-08-22 05:42:45'),
(89, 60, 96, 225, '2015-08-22 05:42:57'),
(90, 60, 1, 226, '2015-08-22 05:43:05'),
(91, 60, 96, 227, '2015-08-22 05:43:09'),
(92, 60, 1, 228, '2015-08-22 05:43:17'),
(93, 60, 96, 229, '2015-08-22 05:43:27'),
(94, 60, 1, 230, '2015-08-22 05:43:36'),
(95, 60, 96, 231, '2015-08-22 05:43:41'),
(96, 60, 1, 232, '2015-08-22 05:45:26'),
(97, 60, 96, 233, '2015-08-22 05:45:34'),
(98, 60, 102, 234, '2015-08-22 10:35:38'),
(99, 60, 1, 235, '2015-08-22 10:36:47'),
(100, 16, 96, 2191, '2015-08-22 12:10:59'),
(101, 27, 107, 337, '2015-08-25 08:50:03'),
(102, 80, 1, 5551, '2015-08-26 08:58:17'),
(103, 80, 135, 5555, '2015-08-26 08:58:41'),
(104, 51, 1, 264, '2015-08-27 07:59:30'),
(105, 51, 146, 265, '2015-08-27 07:59:54'),
(106, 101, 161, 333, '2015-08-27 08:53:22'),
(107, 113, 140, 651, '2015-08-27 09:05:34'),
(108, 114, 140, 815, '2015-08-27 09:06:11'),
(109, 116, 140, 915, '2015-08-27 09:06:47'),
(110, 118, 140, 352, '2015-08-27 09:08:59'),
(111, 127, 140, 212, '2015-08-27 09:09:46'),
(112, 122, 140, 101, '2015-08-27 09:10:36'),
(113, 101, 1, 335, '2015-08-27 09:14:44'),
(114, 97, 102, 2050, '2015-08-27 09:21:43'),
(115, 51, 1, 270, '2015-08-27 09:48:25'),
(116, 97, 96, 2090, '2015-08-27 09:55:04'),
(117, 117, 102, 969, '2015-08-27 09:57:18'),
(118, 101, 96, 350, '2015-08-27 09:58:36'),
(119, 117, 140, 970, '2015-08-27 10:01:30'),
(120, 51, 105, 275, '2015-08-27 10:03:16'),
(121, 51, 146, 280, '2015-08-27 10:08:01'),
(122, 101, 105, 351, '2015-08-27 10:11:12'),
(123, 51, 105, 275, '2015-08-27 10:13:04'),
(124, 101, 161, 355, '2015-08-27 10:38:54'),
(125, 101, 96, 365, '2015-08-27 10:39:08'),
(126, 101, 161, 366, '2015-08-27 11:03:36'),
(127, 51, 146, 276, '2015-08-27 11:25:44'),
(128, 51, 105, 277, '2015-08-27 11:31:46'),
(129, 101, 105, 367, '2015-08-27 11:32:13'),
(130, 113, 171, 652, '2015-08-27 12:06:50'),
(131, 113, 140, 653, '2015-08-27 12:08:01'),
(132, 117, 1, 971, '2015-08-27 12:08:40'),
(133, 114, 1, 820, '2015-08-27 12:09:12'),
(134, 117, 140, 972, '2015-08-27 12:09:30'),
(135, 114, 140, 821, '2015-08-27 12:09:54'),
(136, 101, 96, 370, '2015-08-27 12:09:56'),
(137, 23, 1, 565, '2015-08-27 12:10:04'),
(138, 27, 1, 338, '2015-08-27 12:10:38'),
(139, 42, 1, 135, '2015-08-27 12:11:05'),
(140, 101, 105, 371, '2015-08-27 12:26:57'),
(141, 101, 105, 371, '2015-08-27 12:29:05'),
(142, 113, 1, 654, '2015-08-27 12:31:27'),
(143, 113, 140, 655, '2015-08-27 12:31:41'),
(144, 117, 1, 973, '2015-08-27 12:32:45'),
(145, 117, 140, 975, '2015-08-27 12:33:01'),
(146, 114, 1, 822, '2015-08-27 12:33:09'),
(147, 117, 1, 976, '2015-08-27 12:34:03'),
(148, 117, 140, 977, '2015-08-27 12:34:32'),
(149, 42, 146, 136, '2015-08-27 12:35:22'),
(150, 51, 146, 278, '2015-08-27 12:36:54'),
(151, 27, 107, 339, '2015-08-27 12:38:29'),
(152, 98, 107, 1736, '2015-08-27 12:39:04'),
(153, 23, 107, 566, '2015-08-27 12:41:00'),
(154, 113, 102, 656, '2015-08-27 12:41:31'),
(155, 113, 140, 657, '2015-08-27 12:41:50'),
(156, 117, 102, 978, '2015-08-27 12:42:27'),
(157, 117, 140, 979, '2015-08-27 12:43:09'),
(158, 27, 102, 340, '2015-08-27 12:43:46'),
(159, 42, 102, 137, '2015-08-27 12:44:39'),
(160, 117, 102, 980, '2015-08-27 12:45:48'),
(161, 27, 107, 341, '2015-08-27 12:45:50'),
(162, 117, 140, 981, '2015-08-27 12:46:03'),
(163, 42, 146, 138, '2015-08-27 12:46:27'),
(164, 117, 102, 982, '2015-08-27 12:46:41'),
(165, 117, 140, 989, '2015-08-27 12:46:54'),
(166, 117, 102, 995, '2015-08-27 12:48:26'),
(167, 117, 140, 996, '2015-08-27 12:48:45'),
(168, 120, 102, 50, '2015-08-27 12:49:54'),
(169, 21, 102, 109, '2015-08-27 12:50:51'),
(170, 27, 102, 342, '2015-08-27 12:53:03'),
(171, 21, 146, 110, '2015-08-27 12:53:33'),
(172, 42, 102, 139, '2015-08-27 12:53:39'),
(173, 23, 102, 567, '2015-08-27 12:54:22'),
(174, 42, 146, 140, '2015-08-27 12:55:02'),
(175, 27, 107, 343, '2015-08-27 12:55:56'),
(176, 21, 102, 111, '2015-08-27 12:56:17'),
(177, 117, 102, 997, '2015-08-27 12:57:13'),
(178, 117, 140, 998, '2015-08-27 12:57:35'),
(179, 21, 146, 112, '2015-08-27 12:57:41'),
(180, 23, 107, 568, '2015-08-27 12:58:06'),
(181, 27, 102, 344, '2015-08-27 12:58:09'),
(182, 27, 107, 345, '2015-08-27 12:58:22'),
(183, 149, 2, 32, '2015-10-19 10:35:35'),
(184, 149, 2, 32, '2015-10-19 14:50:45'),
(185, 146, 2, 357, '2015-10-19 14:54:26'),
(186, 145, 2, 102, '2015-10-19 14:54:47'),
(187, 144, 2, 837, '2015-10-19 14:56:26'),
(188, 147, 2, 25, '2015-10-19 14:57:17'),
(189, 133, 2, 1818, '2015-10-19 14:58:04'),
(190, 152, 2, 181, '2015-10-19 14:58:33'),
(191, 149, 2, 33, '2015-10-19 14:59:01'),
(192, 150, 2, 16, '2015-10-19 14:59:22'),
(193, 151, 2, 22, '2015-10-19 14:59:54'),
(194, 135, 2, 46, '2015-10-19 15:00:12'),
(195, 139, 2, 30, '2015-10-19 15:00:41'),
(196, 149, 196, 35, '2015-10-20 08:11:30'),
(197, 150, 196, 17, '2015-10-20 08:19:43'),
(198, 150, 1, 18, '2015-10-20 08:20:20'),
(199, 150, 196, 19, '2015-10-20 08:20:49'),
(200, 147, 196, 26, '2015-10-20 08:21:58'),
(201, 151, 196, 23, '2015-10-20 08:22:51'),
(202, 135, 196, 47, '2015-10-20 08:24:02'),
(203, 148, 196, 22, '2015-10-20 08:24:57'),
(204, 137, 196, 28, '2015-10-20 08:25:44'),
(205, 139, 196, 31, '2015-10-20 08:26:32'),
(206, 133, 196, 1819, '2015-10-20 08:28:53'),
(207, 144, 196, 838, '2015-10-20 08:29:46'),
(208, 149, 90, 37, '2015-10-21 09:42:50'),
(209, 146, 199, 358, '2015-10-21 09:44:28'),
(210, 150, 90, 20, '2015-10-21 09:45:40'),
(211, 147, 90, 27, '2015-10-21 09:49:57'),
(212, 133, 1, 2500, '2015-10-21 11:07:40'),
(213, 144, 1, 1111, '2015-10-21 11:08:23'),
(214, 144, 131, 1112, '2015-10-21 17:31:34'),
(215, 133, 131, 2501, '2015-10-21 17:46:30'),
(216, 133, 1, 2555, '2015-10-21 18:09:52'),
(217, 133, 131, 2560, '2015-10-22 02:14:53'),
(218, 144, 1, 1212, '2015-10-22 02:51:48'),
(219, 133, 1, 2700, '2015-10-22 02:52:19'),
(220, 146, 1, 360, '2015-10-22 02:53:01'),
(221, 134, 1, 3011, '2015-10-22 02:53:45'),
(222, 149, 1, 42, '2015-10-22 02:54:13'),
(223, 147, 1, 29, '2015-10-22 02:55:45'),
(224, 139, 1, 32, '2015-10-22 02:56:16'),
(225, 151, 1, 27, '2015-10-22 02:57:04'),
(226, 135, 1, 51, '2015-10-22 03:01:36'),
(227, 149, 90, 50, '2015-10-22 05:57:16'),
(228, 147, 90, 35, '2015-10-22 06:07:24'),
(229, 149, 1, 51, '2015-10-22 06:56:05'),
(230, 144, 2, 1800, '2015-10-22 07:09:13'),
(231, 133, 2, 3600, '2015-10-22 07:09:41'),
(232, 144, 1, 2400, '2015-10-22 07:10:46'),
(233, 134, 2, 3499, '2015-10-22 07:14:02'),
(234, 146, 199, 361, '2015-10-22 07:36:10'),
(235, 148, 90, 27, '2015-10-22 09:12:58'),
(236, 135, 198, 54, '2015-10-22 09:34:37'),
(237, 150, 198, 21, '2015-10-22 09:41:21'),
(238, 135, 2, 53, '2015-10-22 09:44:17'),
(239, 149, 198, 54, '2015-10-22 09:44:43'),
(240, 135, 198, 54, '2015-10-22 09:46:12'),
(241, 135, 90, 63, '2015-10-22 09:46:41'),
(242, 135, 198, 64, '2015-10-22 10:28:25'),
(243, 147, 198, 36, '2015-10-22 11:23:35'),
(244, 144, 103, 2401, '2015-10-22 12:02:17'),
(245, 133, 102, 3609, '2015-10-22 12:02:23'),
(246, 145, 103, 103, '2015-10-22 12:02:59'),
(247, 149, 103, 55, '2015-10-22 12:03:46'),
(248, 150, 103, 22, '2015-10-22 12:04:15'),
(249, 147, 103, 37, '2015-10-22 12:05:10'),
(250, 151, 103, 28, '2015-10-22 12:05:35'),
(251, 135, 103, 65, '2015-10-22 12:05:58'),
(252, 148, 103, 28, '2015-10-22 12:06:34'),
(253, 137, 103, 29, '2015-10-22 12:07:10'),
(254, 139, 103, 33, '2015-10-22 12:07:38'),
(255, 152, 103, 182, '2015-10-22 12:08:41'),
(256, 134, 199, 3501, '2015-10-22 12:12:38'),
(257, 144, 131, 2403, '2015-10-22 12:16:45'),
(258, 135, 198, 66, '2015-10-22 12:17:00'),
(259, 140, 103, 812, '2015-10-22 12:17:34'),
(260, 135, 2, 67, '2015-10-22 12:18:09'),
(261, 149, 198, 56, '2015-10-22 12:18:38'),
(262, 144, 2, 2405, '2015-10-22 12:19:00'),
(263, 140, 2, 815, '2015-10-22 12:19:24'),
(264, 150, 198, 23, '2015-10-22 12:19:37'),
(265, 149, 2, 57, '2015-10-22 12:20:34'),
(266, 150, 2, 24, '2015-10-22 12:20:50'),
(267, 149, 198, 58, '2015-10-22 12:21:01'),
(268, 135, 198, 68, '2015-10-22 12:21:44'),
(269, 149, 90, 59, '2015-10-22 12:22:16'),
(270, 135, 90, 69, '2015-10-22 12:22:55'),
(271, 150, 198, 25, '2015-10-22 12:22:56'),
(272, 150, 90, 26, '2015-10-22 12:24:23'),
(273, 147, 198, 38, '2015-10-22 12:24:23'),
(274, 135, 198, 70, '2015-10-22 12:24:56'),
(275, 147, 2, 39, '2015-10-22 12:25:12'),
(276, 135, 2, 71, '2015-10-22 12:25:48'),
(277, 135, 198, 72, '2015-10-22 12:26:30'),
(278, 135, 2, 73, '2015-10-22 12:27:45'),
(279, 145, 2, 108, '2015-10-22 12:28:30'),
(280, 150, 103, 27, '2015-10-22 12:28:39'),
(281, 149, 103, 60, '2015-10-22 12:29:08'),
(282, 151, 2, 30, '2015-10-22 12:29:22'),
(283, 133, 131, 3610, '2015-10-22 12:29:44'),
(284, 135, 102, 55, '2015-10-22 12:33:00'),
(285, 135, 90, 74, '2015-10-22 12:33:09'),
(286, 133, 102, 3625, '2015-10-22 12:33:40'),
(287, 133, 131, 3626, '2015-10-22 12:34:32'),
(288, 140, 1, 816, '2015-10-22 17:48:13'),
(289, 153, 198, 120, '2015-10-28 12:12:04'),
(290, 158, 102, 2803, '2015-10-28 12:31:05'),
(291, 158, 198, 4202, '2015-10-28 12:59:27'),
(292, 158, 1, 4203, '2015-10-28 13:33:10'),
(293, 158, 198, 5385, '2015-10-28 13:36:18'),
(294, 154, 1, 330, '2015-10-28 13:45:48'),
(295, 154, 198, 350, '2015-10-28 15:13:59'),
(296, 153, 1, 121, '2015-10-28 15:17:47'),
(297, 154, 1, 351, '2015-10-28 15:18:14'),
(298, 154, 198, 355, '2015-10-28 15:38:21'),
(299, 153, 198, 125, '2015-10-28 15:40:30'),
(300, 157, 198, 41, '2015-10-28 15:44:37'),
(301, 153, 1, 126, '2015-10-29 06:56:37'),
(302, 154, 1, 356, '2015-10-29 06:57:10'),
(303, 157, 1, 42, '2015-10-29 06:57:52'),
(304, 155, 1, 816, '2015-10-29 06:58:17'),
(305, 154, 198, 357, '2015-10-29 08:52:44'),
(306, 155, 198, 817, '2015-10-29 08:56:39'),
(307, 154, 1, 368, '2015-10-29 12:51:50'),
(308, 154, 118, 400, '2015-10-30 11:46:31'),
(309, 154, 102, 401, '2015-10-30 11:51:43'),
(310, 154, 118, 411, '2015-10-30 11:54:01'),
(311, 154, 102, 412, '2015-10-30 11:55:36'),
(312, 154, 118, 451, '2015-10-30 12:03:09'),
(313, 155, 90, 899, '2015-10-30 12:08:53'),
(314, 157, 90, 60, '2015-10-30 12:12:36'),
(315, 157, 102, 65, '2015-10-30 12:16:34'),
(316, 157, 90, 90, '2015-10-30 12:18:56'),
(317, 164, 1, 47, '2015-11-06 08:40:07'),
(318, 186, 1, 2215, '2015-11-25 14:09:11'),
(319, 186, 102, 2350, '2015-11-27 07:52:59'),
(320, 190, 1, 306, '2016-01-16 06:03:40'),
(321, 197, 188, 84, '2016-01-19 09:18:21'),
(322, 197, 1, 85, '2016-01-19 16:11:34'),
(323, 201, 1, 3411, '2016-01-19 16:12:29'),
(324, 197, 188, 87, '2016-01-20 03:39:18'),
(325, 197, 1, 99, '2016-01-21 06:27:04'),
(326, 211, 131, 1065, '2016-01-21 07:13:01'),
(327, 190, 131, 307, '2016-01-21 07:14:58'),
(328, 190, 1, 308, '2016-01-21 11:09:08'),
(329, 211, 96, 1064, '2016-01-21 16:03:05'),
(330, 211, 131, 1065, '2016-01-21 16:20:21'),
(331, 211, 96, 1067, '2016-01-23 05:48:15'),
(332, 209, 230, 1001, '2016-01-24 04:01:21'),
(333, 210, 230, 1003, '2016-01-24 04:02:04'),
(334, 211, 230, 1068, '2016-01-24 04:02:46'),
(335, 211, 131, 1100, '2016-01-24 15:18:56'),
(336, 190, 131, 311, '2016-01-24 15:20:02'),
(337, 209, 96, 1002, '2016-01-25 05:08:11'),
(338, 210, 96, 1004, '2016-01-25 05:08:31'),
(339, 211, 96, 1102, '2016-01-25 13:25:30'),
(340, 209, 230, 1003, '2016-01-25 13:29:35'),
(341, 210, 230, 1005, '2016-01-25 13:30:12'),
(342, 210, 96, 1006, '2016-01-26 11:11:49'),
(343, 209, 96, 1004, '2016-01-26 11:12:04'),
(344, 211, 230, 1104, '2016-01-26 11:12:45'),
(345, 211, 96, 1105, '2016-01-27 04:30:00'),
(346, 209, 230, 1106, '2016-01-27 04:32:34'),
(347, 210, 230, 1108, '2016-01-27 04:32:55'),
(348, 190, 1, 312, '2016-01-27 06:36:15'),
(349, 211, 237, 1120, '2016-01-27 07:44:24'),
(350, 210, 96, 1111, '2016-01-27 08:20:49'),
(351, 209, 96, 1108, '2016-01-27 08:21:19'),
(352, 211, 230, 1122, '2016-01-27 08:21:38'),
(353, 211, 96, 1125, '2016-01-27 08:32:15'),
(354, 211, 230, 1135, '2016-01-27 10:04:01'),
(355, 210, 230, 1120, '2016-01-27 10:05:22'),
(356, 209, 230, 1116, '2016-01-27 10:05:53'),
(357, 211, 96, 1140, '2016-01-27 10:19:22'),
(358, 211, 237, 1150, '2016-01-27 10:49:37'),
(359, 211, 96, 1165, '2016-01-27 11:10:51'),
(360, 209, 96, 1125, '2016-01-27 11:22:49'),
(361, 211, 230, 1178, '2016-01-27 11:23:56'),
(362, 211, 96, 1180, '2016-01-27 11:33:42'),
(363, 211, 230, 1184, '2016-01-27 11:37:40'),
(364, 211, 96, 1185, '2016-01-27 11:45:56'),
(365, 209, 230, 1150, '2016-01-27 11:50:15'),
(366, 210, 96, 1125, '2016-01-27 11:51:42'),
(367, 211, 230, 1191, '2016-01-27 11:52:35'),
(368, 210, 230, 1131, '2016-01-27 11:53:24'),
(369, 210, 96, 1138, '2016-01-27 11:54:33'),
(370, 209, 96, 1165, '2016-01-27 11:54:58'),
(371, 211, 96, 1193, '2016-01-27 11:55:14'),
(372, 211, 230, 1197, '2016-01-27 11:58:58'),
(373, 211, 96, 1250, '2016-01-27 12:13:59'),
(374, 210, 230, 1150, '2016-01-27 12:15:43'),
(375, 211, 230, 1299, '2016-01-27 12:17:18'),
(376, 211, 96, 1325, '2016-01-27 12:17:32'),
(377, 209, 230, 1200, '2016-01-27 12:18:37'),
(378, 211, 230, 1358, '2016-01-27 12:18:51'),
(379, 211, 96, 1375, '2016-01-27 12:19:10'),
(380, 209, 96, 1300, '2016-01-27 12:19:58'),
(381, 211, 230, 1410, '2016-01-27 12:20:33'),
(382, 209, 230, 1385, '2016-01-27 12:23:01'),
(383, 211, 96, 1424, '2016-01-27 12:23:23'),
(384, 209, 96, 1400, '2016-01-27 12:26:01'),
(385, 209, 230, 1401, '2016-01-27 12:27:49'),
(386, 212, 188, 51, '2016-02-03 09:05:30'),
(387, 212, 210, 52, '2016-02-04 06:10:27'),
(388, 212, 112, 53, '2016-02-04 08:30:17'),
(389, 219, 112, 70, '2016-02-04 09:16:33'),
(390, 215, 112, 66, '2016-02-04 09:17:35'),
(391, 212, 1, 75, '2016-02-05 02:12:38'),
(392, 212, 118, 100, '2016-02-05 07:05:37'),
(393, 191, 118, 135, '2016-02-05 07:06:33'),
(394, 212, 1, 108, '2016-02-05 09:44:01'),
(395, 191, 1, 136, '2016-02-05 09:45:19'),
(396, 214, 131, 100, '2016-02-07 05:48:55'),
(397, 213, 131, 300, '2016-02-07 05:49:30'),
(398, 215, 1, 90, '2016-02-09 14:23:13'),
(399, 213, 1, 360, '2016-02-09 14:24:05'),
(400, 219, 1, 99, '2016-02-09 14:24:22'),
(401, 191, 240, 170, '2016-02-10 01:05:36'),
(402, 191, 1, 180, '2016-02-10 06:00:41'),
(403, 219, 96, 101, '2016-02-10 08:33:50'),
(404, 213, 96, 362, '2016-02-10 08:34:33'),
(405, 214, 96, 101, '2016-02-10 08:35:37'),
(406, 213, 1, 450, '2016-02-10 13:42:50'),
(407, 219, 1, 120, '2016-02-10 13:43:09'),
(408, 219, 96, 122, '2016-02-10 17:34:21'),
(409, 215, 96, 91, '2016-02-10 17:35:09'),
(410, 215, 1, 95, '2016-02-11 05:40:37'),
(411, 219, 1, 149, '2016-02-11 05:41:02'),
(412, 213, 96, 500, '2016-02-12 07:05:02'),
(413, 215, 96, 101, '2016-02-12 07:06:20'),
(414, 219, 96, 155, '2016-02-12 07:07:01'),
(415, 213, 1, 600, '2016-02-12 07:27:31'),
(416, 219, 1, 160, '2016-02-12 07:27:50'),
(417, 215, 1, 140, '2016-02-12 07:28:08'),
(418, 212, 102, 150, '2016-02-12 08:45:28'),
(419, 212, 1, 200, '2016-02-12 08:45:55'),
(420, 212, 102, 250, '2016-02-12 08:46:56'),
(421, 212, 1, 276, '2016-02-12 08:48:04'),
(422, 191, 102, 250, '2016-02-12 08:48:35'),
(423, 191, 1, 370, '2016-02-12 08:49:05'),
(424, 191, 102, 520, '2016-02-12 08:49:52'),
(425, 191, 1, 678, '2016-02-12 08:50:07'),
(426, 213, 102, 899, '2016-02-12 08:50:38'),
(427, 213, 1, 1176, '2016-02-12 08:51:07'),
(428, 214, 102, 150, '2016-02-12 08:51:55'),
(429, 214, 1, 220, '2016-02-12 08:53:08'),
(430, 214, 102, 235, '2016-02-12 08:53:31'),
(431, 214, 1, 238, '2016-02-12 08:54:08'),
(432, 215, 102, 209, '2016-02-12 08:54:33'),
(433, 215, 1, 290, '2016-02-12 08:55:21'),
(434, 215, 102, 365, '2016-02-12 08:55:46'),
(435, 215, 1, 369, '2016-02-12 08:56:10'),
(436, 216, 102, 3750, '2016-02-12 08:56:57'),
(437, 216, 1, 5600, '2016-02-12 08:57:21'),
(438, 216, 102, 6000, '2016-02-12 08:57:51'),
(439, 216, 1, 6050, '2016-02-12 08:58:04'),
(440, 219, 102, 239, '2016-02-12 08:58:35'),
(441, 219, 1, 320, '2016-02-12 08:58:58'),
(442, 219, 102, 365, '2016-02-12 08:59:19'),
(443, 219, 1, 370, '2016-02-12 08:59:40'),
(444, 212, 112, 277, '2016-02-12 10:54:05'),
(445, 215, 112, 370, '2016-02-12 11:19:32'),
(446, 219, 112, 371, '2016-02-12 11:24:06');

-- --------------------------------------------------------

--
-- Table structure for table `login_attempts`
--

CREATE TABLE IF NOT EXISTS `login_attempts` (
  `id` int(11) unsigned NOT NULL AUTO_INCREMENT,
  `ip_address` varchar(15) NOT NULL,
  `login` varchar(100) NOT NULL,
  `time` int(11) unsigned DEFAULT NULL,
  PRIMARY KEY (`id`)
) ENGINE=InnoDB DEFAULT CHARSET=utf8 AUTO_INCREMENT=1 ;

-- --------------------------------------------------------

--
-- Table structure for table `sellers`
--

CREATE TABLE IF NOT EXISTS `sellers` (
  `id` int(10) NOT NULL AUTO_INCREMENT,
  `seller_name` varchar(250) NOT NULL,
  `email_id` varchar(150) NOT NULL,
  `contact_no` varchar(10) NOT NULL,
  `address` varchar(150) NOT NULL,
  `city` varchar(100) NOT NULL,
  `country` varchar(100) NOT NULL,
  `created_date` timestamp NOT NULL DEFAULT CURRENT_TIMESTAMP,
  PRIMARY KEY (`id`)
) ENGINE=MyISAM  DEFAULT CHARSET=latin1 AUTO_INCREMENT=20 ;

--
-- Dumping data for table `sellers`
--

INSERT INTO `sellers` (`id`, `seller_name`, `email_id`, `contact_no`, `address`, `city`, `country`, `created_date`) VALUES
(1, 'administrator', 'admin@admin.com', '9874563210', 'location of seller', 'city', 'country', '2015-02-21 16:46:57'),
(2, 'Aniq Makrani', 'aniq@admin.com', '9874563210', 'malad', 'mumbai', 'india', '2015-02-24 16:48:07'),
(3, 'Sarkar exports', 'Sarkar334@yahoo.co.in', '9322251480', '24/28 champa lane', 'Mumbai', 'India', '2015-08-10 06:32:08'),
(4, 'Amish', 'amishjhaveri2007@gmail.com', '9821264251', 'Kemps Corner', 'Mumbai ', 'India ', '2015-08-14 10:20:06'),
(5, 'Bhavin', '', '9773806494', 'Sion', 'Mumbai ', 'India ', '2015-08-14 11:49:50'),
(7, 'Mitul', '', '9892147025', '', 'Mumbai ', 'India ', '2015-08-17 13:06:31'),
(8, 'S. Jitendra', 'Jhaverichetan@hotmail.com', '9820079867', '105 dhanji street 1st floor Zaveri bazaar mum 03', 'Mumbai ', 'India ', '2015-08-18 11:44:19'),
(10, 'P. N. Jhaveri', 'harshstar@hotmail.com', '9820244101', 'Mumbadevi road', 'Mumbai ', 'India ', '2015-08-19 12:06:19'),
(11, 'Gayatri pearls ', '', '9821288287', 'Golden plaza', 'Mumbai ', 'India ', '2015-08-21 04:58:15'),
(12, 'Vinit Sarkar', '', '9821278900', '', 'Mumbai', 'India', '2015-10-14 05:01:16'),
(13, 'Hemendra Sarkar', '', '9820066983', '', 'Mumbai', 'India', '2015-10-14 05:25:08'),
(14, 'Samrat Gems', '', '', '', 'Mumbai', '', '2015-10-28 05:41:07'),
(15, 'R. C. Traders', '', '', '', 'Mumbai', '', '2015-10-28 05:46:02'),
(16, 'Pearls.R.us', 'Kunal bhai', 'Bipin bhai', '', '', '', '2015-10-31 08:19:19'),
(17, 'SAS Amish', '', '', '', '', '', '2015-11-19 10:08:29'),
(18, 'Sas Amish Bhavin', '', '', '', '', '', '2015-11-19 10:09:39'),
(19, 'Ziven Jewellers', 'Kartik Master', '', '', '', '', '2015-11-20 08:06:13');

-- --------------------------------------------------------

--
-- Table structure for table `uirelation`
--

CREATE TABLE IF NOT EXISTS `uirelation` (
  `id` int(10) NOT NULL AUTO_INCREMENT,
  `item_id` int(10) NOT NULL,
  `user_id` int(10) NOT NULL,
  `favourite` int(1) NOT NULL,
  `viewed` int(1) NOT NULL,
  `notification` int(1) NOT NULL,
  `bid` int(1) NOT NULL,
  `bidded_amount` int(15) NOT NULL,
  `previous_biding` int(15) NOT NULL,
  `created_date` timestamp NOT NULL DEFAULT CURRENT_TIMESTAMP,
  PRIMARY KEY (`id`)
) ENGINE=MyISAM  DEFAULT CHARSET=latin1 AUTO_INCREMENT=1516 ;

--
-- Dumping data for table `uirelation`
--

INSERT INTO `uirelation` (`id`, `item_id`, `user_id`, `favourite`, `viewed`, `notification`, `bid`, `bidded_amount`, `previous_biding`, `created_date`) VALUES
(1, 1, 1, 1, 1, 0, 2, 19000, 0, '2015-03-01 11:18:00'),
(2, 2, 1, 0, 1, 0, 0, 0, 0, '2015-03-01 11:19:17'),
(3, 4, 1, 0, 1, 0, 0, 0, 0, '2015-03-01 11:22:21'),
(4, 2, 86, 0, 1, 0, 0, 0, 0, '2015-03-01 11:29:34'),
(5, 1, 86, 1, 1, 1, 1, 0, 0, '2015-03-01 11:39:13'),
(6, 5, 1, 0, 1, 0, 0, 0, 0, '2015-03-02 17:27:05'),
(7, 6, 1, 0, 1, 0, 0, 0, 0, '2015-03-03 09:42:43'),
(8, 3, 1, 0, 1, 0, 0, 0, 0, '2015-04-04 16:06:23'),
(9, 8, 1, 1, 1, 0, 2, 207, 0, '2015-04-18 07:28:49'),
(10, 7, 2, 1, 1, 1, 1, 0, 0, '2015-04-18 07:32:56'),
(11, 7, 1, 1, 1, 0, 2, 16560, 0, '2015-04-20 06:08:54'),
(12, 8, 2, 1, 1, 1, 1, 0, 0, '2015-04-20 06:55:20'),
(13, 9, 1, 1, 1, 0, 2, 175, 0, '2015-05-06 09:22:54'),
(14, 10, 1, 1, 1, 0, 2, 220, 0, '2015-05-07 09:42:11'),
(15, 15, 1, 1, 1, 0, 2, 650, 0, '2015-05-09 05:49:27'),
(16, 11, 1, 1, 1, 0, 2, 251, 0, '2015-05-09 09:15:16'),
(17, 14, 1, 0, 1, 0, 0, 0, 0, '2015-05-09 12:59:56'),
(18, 8, 87, 0, 1, 0, 0, 0, 0, '2015-05-09 13:13:11'),
(19, 9, 87, 0, 1, 0, 0, 0, 0, '2015-05-09 13:14:15'),
(20, 13, 85, 0, 1, 0, 0, 0, 0, '2015-05-09 13:15:08'),
(21, 7, 85, 1, 1, 1, 1, 0, 0, '2015-05-09 13:15:10'),
(22, 7, 87, 1, 1, 1, 1, 0, 0, '2015-05-09 13:15:11'),
(23, 10, 85, 0, 1, 0, 0, 0, 0, '2015-05-09 13:15:12'),
(24, 9, 85, 0, 1, 0, 0, 0, 0, '2015-05-09 13:15:21'),
(25, 12, 1, 1, 1, 0, 2, 176, 0, '2015-05-10 14:18:46'),
(26, 10, 2, 1, 1, 0, 0, 0, 0, '2015-05-11 02:49:09'),
(27, 3, 2, 0, 1, 0, 0, 0, 0, '2015-05-11 02:51:04'),
(28, 4, 2, 0, 1, 0, 0, 0, 0, '2015-05-11 02:51:20'),
(29, 5, 2, 0, 1, 0, 0, 0, 0, '2015-05-11 02:51:30'),
(30, 15, 2, 0, 1, 0, 0, 0, 0, '2015-05-11 02:53:14'),
(31, 13, 1, 1, 1, 0, 0, 0, 0, '2015-05-11 05:58:57'),
(32, 9, 2, 0, 1, 0, 0, 0, 0, '2015-05-11 10:56:23'),
(33, 8, 85, 0, 1, 0, 0, 0, 0, '2015-05-11 12:20:21'),
(34, 16, 1, 0, 1, 1, 1, 0, 2190, '2015-08-11 12:44:06'),
(35, 16, 86, 0, 1, 0, 0, 0, 0, '2015-08-11 23:23:42'),
(36, 16, 0, 0, 1, 0, 0, 0, 0, '2015-08-11 23:25:04'),
(37, 16, 89, 0, 1, 0, 0, 0, 0, '2015-08-11 23:26:20'),
(38, 17, 1, 1, 1, 0, 2, 291, 0, '2015-08-12 08:02:59'),
(39, 17, 0, 0, 1, 0, 0, 0, 0, '2015-08-13 12:57:19'),
(40, 17, 90, 1, 1, 1, 1, 0, 0, '2015-08-13 12:59:00'),
(41, 20, 1, 0, 1, 0, 0, 0, 0, '2015-08-14 11:21:50'),
(42, 21, 1, 0, 1, 0, 0, 0, 0, '2015-08-14 11:54:48'),
(43, 22, 1, 0, 1, 0, 0, 0, 0, '2015-08-14 12:06:38'),
(44, 27, 90, 0, 1, 0, 0, 0, 0, '2015-08-14 12:43:13'),
(45, 25, 90, 1, 1, 0, 2, 599, 0, '2015-08-14 12:55:55'),
(46, 27, 1, 1, 1, 1, 1, 0, 338, '2015-08-14 13:42:22'),
(47, 26, 1, 0, 1, 0, 0, 0, 0, '2015-08-14 14:40:41'),
(48, 25, 1, 0, 1, 0, 0, 0, 0, '2015-08-14 14:40:52'),
(49, 39, 1, 0, 1, 0, 0, 0, 0, '2015-08-15 10:44:30'),
(50, 37, 1, 0, 1, 0, 0, 0, 0, '2015-08-15 10:45:02'),
(51, 35, 1, 0, 1, 0, 0, 0, 0, '2015-08-15 10:45:29'),
(52, 31, 1, 0, 1, 0, 0, 0, 0, '2015-08-15 10:45:58'),
(53, 23, 1, 1, 1, 1, 1, 0, 565, '2015-08-15 12:10:08'),
(54, 19, 1, 0, 1, 0, 0, 0, 0, '2015-08-15 14:18:36'),
(55, 43, 1, 0, 1, 0, 0, 0, 0, '2015-08-16 10:13:58'),
(56, 42, 1, 1, 1, 1, 1, 0, 135, '2015-08-16 10:14:51'),
(57, 40, 1, 0, 1, 0, 0, 0, 0, '2015-08-16 10:15:41'),
(58, 45, 1, 0, 1, 0, 0, 0, 0, '2015-08-16 10:49:35'),
(59, 39, 90, 0, 1, 0, 0, 0, 0, '2015-08-16 17:20:27'),
(60, 22, 90, 1, 1, 0, 2, 1179, 0, '2015-08-16 18:53:29'),
(61, 46, 1, 0, 1, 0, 0, 0, 0, '2015-08-17 09:23:59'),
(62, 55, 1, 0, 1, 0, 0, 0, 0, '2015-08-17 09:25:09'),
(63, 60, 1, 1, 1, 0, 2, 235, 232, '2015-08-17 11:05:12'),
(64, 60, 0, 0, 1, 0, 0, 0, 0, '2015-08-17 11:46:41'),
(65, 17, 91, 0, 1, 0, 0, 0, 0, '2015-08-17 11:48:09'),
(66, 45, 91, 0, 1, 0, 0, 0, 0, '2015-08-17 12:14:26'),
(67, 60, 91, 0, 1, 0, 0, 0, 0, '2015-08-17 12:25:56'),
(68, 61, 1, 0, 1, 0, 0, 0, 0, '2015-08-17 13:12:31'),
(786, 105, 144, 0, 1, 0, 0, 0, 0, '2015-09-06 13:52:02'),
(70, 63, 1, 1, 1, 0, 0, 0, 0, '2015-08-18 18:32:42'),
(71, 64, 1, 1, 1, 0, 2, 13205, 0, '2015-08-18 18:34:16'),
(72, 56, 1, 0, 1, 0, 0, 0, 0, '2015-08-18 18:34:43'),
(73, 28, 1, 0, 1, 0, 0, 0, 0, '2015-08-19 04:58:39'),
(74, 58, 1, 0, 1, 0, 0, 0, 0, '2015-08-19 05:00:18'),
(75, 65, 1, 0, 1, 0, 0, 0, 0, '2015-08-19 07:48:27'),
(76, 73, 1, 0, 1, 0, 0, 0, 0, '2015-08-19 07:49:13'),
(77, 53, 1, 0, 1, 0, 0, 0, 0, '2015-08-19 07:49:46'),
(78, 79, 1, 0, 1, 0, 0, 0, 0, '2015-08-19 11:11:03'),
(79, 78, 1, 0, 1, 0, 0, 0, 0, '2015-08-19 11:11:33'),
(80, 48, 1, 0, 1, 0, 0, 0, 0, '2015-08-19 12:02:00'),
(81, 80, 1, 1, 1, 1, 1, 0, 5551, '2015-08-19 12:16:14'),
(82, 82, 1, 0, 1, 0, 0, 0, 0, '2015-08-19 12:41:40'),
(83, 84, 1, 0, 1, 0, 0, 0, 0, '2015-08-19 13:26:47'),
(84, 77, 1, 0, 1, 0, 0, 0, 0, '2015-08-19 16:17:50'),
(85, 97, 1, 0, 1, 0, 0, 0, 0, '2015-08-19 16:25:27'),
(86, 91, 1, 0, 1, 0, 0, 0, 0, '2015-08-20 10:00:00'),
(87, 70, 1, 0, 1, 0, 0, 0, 0, '2015-08-20 10:05:18'),
(88, 101, 1, 1, 1, 1, 1, 0, 335, '2015-08-20 10:07:12'),
(89, 16, 90, 0, 1, 0, 0, 0, 0, '2015-08-20 10:50:57'),
(90, 105, 100, 0, 1, 0, 0, 0, 0, '2015-08-20 13:05:22'),
(91, 17, 96, 1, 1, 1, 1, 0, 0, '2015-08-20 15:24:52'),
(92, 16, 96, 1, 1, 0, 2, 2191, 0, '2015-08-20 15:26:12'),
(93, 114, 96, 0, 1, 0, 0, 0, 0, '2015-08-20 15:59:13'),
(94, 113, 96, 0, 1, 0, 0, 0, 0, '2015-08-20 16:00:55'),
(95, 60, 96, 1, 1, 1, 1, 0, 233, '2015-08-20 16:01:45'),
(96, 91, 96, 0, 1, 0, 0, 0, 0, '2015-08-20 16:02:46'),
(97, 21, 96, 0, 1, 0, 0, 0, 0, '2015-08-20 16:04:17'),
(98, 89, 96, 0, 1, 0, 0, 0, 0, '2015-08-20 16:05:22'),
(99, 69, 96, 0, 1, 0, 0, 0, 0, '2015-08-20 16:06:45'),
(100, 109, 96, 1, 1, 0, 0, 0, 0, '2015-08-20 16:07:32'),
(101, 95, 96, 0, 1, 0, 0, 0, 0, '2015-08-20 16:08:24'),
(102, 92, 96, 0, 1, 0, 0, 0, 0, '2015-08-20 16:09:02'),
(103, 93, 96, 0, 1, 0, 0, 0, 0, '2015-08-20 16:09:52'),
(104, 85, 96, 0, 1, 0, 0, 0, 0, '2015-08-20 16:11:27'),
(105, 19, 96, 0, 1, 0, 0, 0, 0, '2015-08-20 16:12:04'),
(106, 101, 96, 1, 1, 0, 2, 375, 370, '2015-08-20 16:13:11'),
(107, 97, 96, 1, 1, 0, 2, 2090, 1986, '2015-08-20 16:14:15'),
(108, 39, 96, 0, 1, 0, 0, 0, 0, '2015-08-20 16:15:46'),
(109, 17, 103, 1, 1, 1, 1, 0, 0, '2015-08-20 17:23:08'),
(785, 21, 107, 0, 1, 0, 0, 0, 0, '2015-09-02 15:39:03'),
(784, 106, 1, 0, 1, 0, 0, 0, 0, '2015-09-02 14:18:51'),
(112, 115, 1, 0, 1, 0, 0, 0, 0, '2015-08-20 17:31:43'),
(113, 89, 102, 0, 1, 0, 0, 0, 0, '2015-08-20 17:31:45'),
(114, 63, 103, 0, 1, 0, 0, 0, 0, '2015-08-20 17:32:36'),
(115, 63, 102, 1, 1, 0, 0, 0, 0, '2015-08-20 17:32:38'),
(116, 109, 103, 0, 1, 0, 0, 0, 0, '2015-08-20 18:06:25'),
(117, 110, 1, 0, 1, 0, 0, 0, 0, '2015-08-20 18:07:01'),
(118, 113, 1, 1, 1, 1, 1, 0, 654, '2015-08-20 18:07:19'),
(119, 112, 1, 0, 1, 0, 0, 0, 0, '2015-08-20 18:07:57'),
(120, 91, 103, 1, 1, 0, 0, 0, 0, '2015-08-20 18:08:08'),
(121, 119, 1, 0, 1, 0, 0, 0, 0, '2015-08-20 18:08:28'),
(783, 28, 107, 0, 1, 0, 0, 0, 0, '2015-09-01 08:19:19'),
(123, 21, 103, 0, 1, 0, 0, 0, 0, '2015-08-20 18:11:04'),
(124, 64, 102, 0, 1, 0, 0, 0, 0, '2015-08-20 18:18:10'),
(125, 58, 103, 0, 1, 0, 0, 0, 0, '2015-08-20 18:18:44'),
(126, 54, 103, 0, 1, 0, 0, 0, 0, '2015-08-20 18:19:23'),
(127, 86, 1, 0, 1, 0, 0, 0, 0, '2015-08-20 19:44:20'),
(128, 100, 1, 0, 1, 0, 0, 0, 0, '2015-08-20 19:45:36'),
(129, 86, 96, 0, 1, 0, 0, 0, 0, '2015-08-20 19:45:42'),
(130, 89, 1, 0, 1, 0, 0, 0, 0, '2015-08-20 20:04:08'),
(131, 111, 102, 0, 1, 0, 0, 0, 0, '2015-08-21 06:50:08'),
(132, 111, 103, 0, 1, 0, 0, 0, 0, '2015-08-21 06:51:19'),
(133, 125, 102, 0, 1, 0, 0, 0, 0, '2015-08-21 07:35:39'),
(134, 125, 1, 0, 1, 0, 0, 0, 0, '2015-08-21 07:37:35'),
(135, 124, 1, 0, 1, 0, 0, 0, 0, '2015-08-21 07:38:51'),
(136, 123, 102, 0, 1, 0, 0, 0, 0, '2015-08-21 07:40:50'),
(137, 60, 2, 1, 1, 1, 1, 0, 220, '2015-08-21 23:04:36'),
(138, 102, 1, 1, 1, 0, 0, 0, 0, '2015-08-22 04:21:24'),
(139, 104, 1, 0, 1, 0, 0, 0, 0, '2015-08-22 04:36:23'),
(140, 120, 1, 0, 1, 0, 0, 0, 0, '2015-08-22 04:39:25'),
(141, 61, 110, 0, 1, 0, 0, 0, 0, '2015-08-22 04:41:24'),
(142, 76, 110, 0, 1, 0, 0, 0, 0, '2015-08-22 04:43:58'),
(143, 131, 110, 0, 1, 0, 0, 0, 0, '2015-08-22 04:44:23'),
(144, 109, 1, 0, 1, 0, 0, 0, 0, '2015-08-22 04:44:28'),
(145, 111, 1, 0, 1, 0, 0, 0, 0, '2015-08-22 04:45:17'),
(146, 90, 1, 0, 1, 0, 0, 0, 0, '2015-08-22 04:56:06'),
(147, 121, 1, 0, 1, 0, 0, 0, 0, '2015-08-22 05:01:05'),
(782, 97, 160, 0, 1, 0, 0, 0, 0, '2015-08-31 13:53:34'),
(149, 102, 105, 0, 1, 0, 0, 0, 0, '2015-08-22 05:28:26'),
(150, 107, 105, 0, 1, 0, 0, 0, 0, '2015-08-22 05:29:12'),
(151, 114, 1, 1, 1, 0, 2, 822, 820, '2015-08-22 06:32:34'),
(152, 117, 1, 1, 1, 1, 1, 0, 976, '2015-08-22 06:41:11'),
(153, 57, 96, 0, 1, 0, 0, 0, 0, '2015-08-22 06:45:29'),
(154, 87, 1, 0, 1, 0, 0, 0, 0, '2015-08-22 07:07:07'),
(155, 55, 102, 0, 1, 0, 0, 0, 0, '2015-08-22 07:07:51'),
(156, 55, 96, 0, 1, 0, 0, 0, 0, '2015-08-22 07:08:40'),
(157, 88, 102, 0, 1, 0, 0, 0, 0, '2015-08-22 07:08:43'),
(158, 59, 102, 0, 1, 0, 0, 0, 0, '2015-08-22 07:08:59'),
(159, 74, 102, 0, 1, 0, 0, 0, 0, '2015-08-22 07:09:11'),
(160, 88, 96, 0, 1, 0, 0, 0, 0, '2015-08-22 07:09:18'),
(161, 74, 96, 0, 1, 0, 0, 0, 0, '2015-08-22 07:09:53'),
(162, 74, 1, 0, 1, 0, 0, 0, 0, '2015-08-22 07:10:03'),
(163, 77, 102, 0, 1, 0, 0, 0, 0, '2015-08-22 07:15:08'),
(164, 77, 96, 0, 1, 0, 0, 0, 0, '2015-08-22 07:16:20'),
(165, 58, 96, 0, 1, 0, 0, 0, 0, '2015-08-22 07:20:28'),
(166, 86, 102, 0, 1, 0, 0, 0, 0, '2015-08-22 07:22:03'),
(167, 58, 102, 0, 1, 0, 0, 0, 0, '2015-08-22 07:22:16'),
(168, 51, 96, 0, 1, 0, 0, 0, 0, '2015-08-22 07:24:10'),
(169, 97, 102, 1, 1, 1, 1, 0, 2050, '2015-08-22 07:25:45'),
(170, 39, 102, 0, 1, 0, 0, 0, 0, '2015-08-22 07:26:10'),
(171, 61, 108, 0, 1, 0, 0, 0, 0, '2015-08-22 09:01:14'),
(172, 25, 108, 0, 1, 0, 0, 0, 0, '2015-08-22 09:03:51'),
(173, 27, 96, 0, 1, 0, 0, 0, 0, '2015-08-22 09:15:10'),
(174, 31, 96, 0, 1, 0, 0, 0, 0, '2015-08-22 09:20:19'),
(175, 115, 96, 0, 1, 0, 0, 0, 0, '2015-08-22 09:23:41'),
(176, 33, 96, 0, 1, 0, 0, 0, 0, '2015-08-22 09:27:42'),
(177, 23, 96, 1, 1, 1, 1, 0, 564, '2015-08-22 09:28:39'),
(178, 53, 96, 0, 1, 0, 0, 0, 0, '2015-08-22 09:51:14'),
(179, 43, 96, 0, 1, 0, 0, 0, 0, '2015-08-22 10:06:15'),
(180, 41, 96, 0, 1, 0, 0, 0, 0, '2015-08-22 10:07:45'),
(181, 129, 96, 0, 1, 0, 0, 0, 0, '2015-08-22 10:10:05'),
(182, 20, 96, 0, 1, 0, 0, 0, 0, '2015-08-22 10:12:59'),
(183, 119, 112, 0, 1, 0, 0, 0, 0, '2015-08-22 10:14:32'),
(184, 37, 96, 0, 1, 0, 0, 0, 0, '2015-08-22 10:14:35'),
(185, 99, 96, 0, 1, 0, 0, 0, 0, '2015-08-22 10:15:55'),
(186, 34, 96, 0, 1, 0, 0, 0, 0, '2015-08-22 10:16:06'),
(187, 100, 96, 0, 1, 0, 0, 0, 0, '2015-08-22 10:19:26'),
(188, 25, 102, 0, 1, 0, 0, 0, 0, '2015-08-22 10:24:54'),
(189, 64, 96, 0, 1, 0, 0, 0, 0, '2015-08-22 10:25:37'),
(190, 74, 112, 0, 1, 0, 0, 0, 0, '2015-08-22 10:25:46'),
(191, 80, 96, 0, 1, 0, 0, 0, 0, '2015-08-22 10:26:34'),
(192, 86, 112, 0, 1, 0, 0, 0, 0, '2015-08-22 10:27:06'),
(193, 58, 112, 0, 1, 0, 0, 0, 0, '2015-08-22 10:27:35'),
(194, 40, 112, 0, 1, 0, 0, 0, 0, '2015-08-22 10:28:14'),
(195, 28, 96, 0, 1, 0, 0, 0, 0, '2015-08-22 10:28:23'),
(196, 61, 96, 0, 1, 0, 0, 0, 0, '2015-08-22 10:29:09'),
(197, 42, 112, 0, 1, 0, 0, 0, 0, '2015-08-22 10:29:57'),
(198, 50, 112, 0, 1, 0, 0, 0, 0, '2015-08-22 10:30:50'),
(199, 82, 107, 0, 1, 0, 0, 0, 0, '2015-08-22 10:31:20'),
(200, 65, 96, 0, 1, 0, 0, 0, 0, '2015-08-22 10:31:40'),
(201, 96, 96, 0, 1, 0, 0, 0, 0, '2015-08-22 10:33:34'),
(202, 27, 107, 1, 1, 0, 2, 345, 343, '2015-08-22 10:33:47'),
(203, 90, 96, 0, 1, 0, 0, 0, 0, '2015-08-22 10:34:24'),
(204, 101, 107, 0, 1, 0, 0, 0, 0, '2015-08-22 10:35:05'),
(205, 60, 102, 1, 1, 1, 1, 0, 234, '2015-08-22 10:35:10'),
(206, 66, 96, 0, 1, 0, 0, 0, 0, '2015-08-22 10:36:01'),
(207, 81, 96, 0, 1, 0, 0, 0, 0, '2015-08-22 10:37:04'),
(208, 98, 96, 0, 1, 0, 0, 0, 0, '2015-08-22 10:38:30'),
(209, 98, 102, 0, 1, 0, 0, 0, 0, '2015-08-22 10:41:14'),
(210, 128, 96, 0, 1, 0, 0, 0, 0, '2015-08-22 10:41:35'),
(211, 67, 96, 0, 1, 0, 0, 0, 0, '2015-08-22 10:42:21'),
(212, 82, 96, 0, 1, 0, 0, 0, 0, '2015-08-22 10:43:10'),
(213, 56, 96, 0, 1, 0, 0, 0, 0, '2015-08-22 10:44:23'),
(214, 68, 96, 0, 1, 0, 0, 0, 0, '2015-08-22 10:50:47'),
(215, 83, 96, 0, 1, 0, 0, 0, 0, '2015-08-22 10:50:58'),
(216, 22, 96, 0, 1, 0, 0, 0, 0, '2015-08-22 10:51:22'),
(217, 79, 96, 0, 1, 0, 0, 0, 0, '2015-08-22 10:53:09'),
(218, 130, 96, 0, 1, 0, 0, 0, 0, '2015-08-22 10:54:39'),
(219, 94, 96, 0, 1, 0, 0, 0, 0, '2015-08-22 10:56:33'),
(220, 94, 102, 0, 1, 0, 0, 0, 0, '2015-08-22 10:58:36'),
(221, 70, 96, 0, 1, 0, 0, 0, 0, '2015-08-22 11:00:23'),
(222, 84, 96, 0, 1, 0, 0, 0, 0, '2015-08-22 11:01:21'),
(223, 59, 96, 0, 1, 0, 0, 0, 0, '2015-08-22 11:01:56'),
(224, 71, 96, 0, 1, 0, 0, 0, 0, '2015-08-22 11:07:15'),
(225, 72, 96, 0, 1, 0, 0, 0, 0, '2015-08-22 11:08:39'),
(226, 78, 96, 0, 1, 0, 0, 0, 0, '2015-08-22 11:11:35'),
(781, 43, 160, 0, 1, 0, 0, 0, 0, '2015-08-31 13:50:37'),
(228, 87, 102, 0, 1, 0, 0, 0, 0, '2015-08-22 12:39:08'),
(229, 80, 102, 0, 1, 0, 0, 0, 0, '2015-08-22 13:17:02'),
(230, 53, 102, 0, 1, 0, 0, 0, 0, '2015-08-22 13:24:04'),
(231, 54, 96, 0, 1, 0, 0, 0, 0, '2015-08-22 13:24:16'),
(780, 39, 160, 0, 1, 0, 0, 0, 0, '2015-08-31 13:49:01'),
(233, 21, 115, 0, 1, 0, 0, 0, 0, '2015-08-22 15:07:39'),
(234, 77, 115, 0, 1, 0, 0, 0, 0, '2015-08-22 15:07:55'),
(235, 96, 115, 0, 1, 0, 0, 0, 0, '2015-08-22 15:08:30'),
(236, 107, 110, 0, 1, 0, 0, 0, 0, '2015-08-22 15:08:52'),
(237, 27, 115, 0, 1, 0, 0, 0, 0, '2015-08-22 15:09:32'),
(238, 54, 115, 0, 1, 0, 0, 0, 0, '2015-08-22 15:10:53'),
(239, 63, 115, 0, 1, 0, 0, 0, 0, '2015-08-22 15:15:29'),
(240, 104, 115, 0, 1, 0, 0, 0, 0, '2015-08-22 15:15:47'),
(241, 108, 115, 0, 1, 0, 0, 0, 0, '2015-08-22 15:16:17'),
(242, 102, 102, 0, 1, 0, 0, 0, 0, '2015-08-22 15:18:57'),
(243, 107, 102, 0, 1, 0, 0, 0, 0, '2015-08-22 15:19:33'),
(244, 110, 115, 0, 1, 0, 0, 0, 0, '2015-08-22 15:19:45'),
(245, 116, 108, 0, 1, 0, 0, 0, 0, '2015-08-22 15:36:30'),
(246, 91, 108, 0, 1, 0, 0, 0, 0, '2015-08-22 15:38:19'),
(247, 67, 110, 0, 1, 0, 0, 0, 0, '2015-08-22 17:01:09'),
(248, 128, 110, 0, 1, 0, 0, 0, 0, '2015-08-22 17:04:46'),
(249, 63, 109, 0, 1, 0, 0, 0, 0, '2015-08-23 02:15:09'),
(779, 105, 160, 0, 1, 0, 0, 0, 0, '2015-08-31 13:32:19'),
(251, 63, 117, 0, 1, 0, 0, 0, 0, '2015-08-23 08:42:23'),
(252, 54, 1, 0, 1, 0, 0, 0, 0, '2015-08-23 10:22:59'),
(253, 92, 1, 0, 1, 0, 1, 1411, 0, '2015-08-23 10:24:44'),
(778, 106, 146, 0, 1, 0, 0, 0, 0, '2015-08-31 09:57:31'),
(255, 108, 126, 0, 1, 0, 0, 0, 0, '2015-08-23 11:26:01'),
(256, 44, 126, 0, 1, 0, 0, 0, 0, '2015-08-23 11:27:58'),
(257, 102, 108, 0, 1, 0, 0, 0, 0, '2015-08-23 13:45:33'),
(258, 96, 1, 0, 1, 0, 0, 0, 0, '2015-08-23 18:09:34'),
(259, 120, 105, 0, 1, 0, 0, 0, 0, '2015-08-24 04:41:54'),
(260, 40, 105, 0, 1, 0, 0, 0, 0, '2015-08-24 04:43:17'),
(261, 21, 105, 0, 1, 0, 0, 0, 0, '2015-08-24 04:44:02'),
(262, 100, 110, 0, 1, 0, 0, 0, 0, '2015-08-24 04:54:19'),
(777, 105, 110, 0, 1, 0, 0, 0, 0, '2015-08-30 16:46:13'),
(264, 121, 129, 0, 1, 0, 0, 0, 0, '2015-08-24 05:17:47'),
(265, 27, 128, 1, 1, 1, 1, 0, 336, '2015-08-24 05:18:27'),
(266, 97, 129, 0, 1, 0, 0, 0, 0, '2015-08-24 05:19:28'),
(267, 43, 128, 0, 1, 0, 0, 0, 0, '2015-08-24 05:20:45'),
(268, 111, 129, 0, 1, 0, 0, 0, 0, '2015-08-24 05:23:14'),
(269, 114, 129, 0, 1, 0, 0, 0, 0, '2015-08-24 05:25:16'),
(270, 127, 129, 0, 1, 0, 0, 0, 0, '2015-08-24 05:29:18'),
(271, 110, 129, 0, 1, 0, 0, 0, 0, '2015-08-24 05:31:35'),
(776, 107, 146, 0, 1, 0, 0, 0, 0, '2015-08-30 13:18:41'),
(273, 90, 130, 0, 1, 0, 0, 0, 0, '2015-08-24 05:57:26'),
(274, 81, 110, 0, 1, 0, 0, 0, 0, '2015-08-24 06:31:19'),
(275, 112, 103, 0, 1, 0, 0, 0, 0, '2015-08-24 07:17:03'),
(276, 80, 133, 0, 1, 0, 0, 0, 0, '2015-08-24 07:21:27'),
(277, 91, 133, 0, 1, 0, 0, 0, 0, '2015-08-24 07:22:06'),
(278, 80, 103, 0, 1, 0, 0, 0, 0, '2015-08-24 07:22:57'),
(279, 21, 133, 0, 1, 0, 0, 0, 0, '2015-08-24 07:23:39'),
(280, 70, 133, 0, 1, 0, 0, 0, 0, '2015-08-24 07:33:01'),
(281, 23, 103, 0, 1, 0, 0, 0, 0, '2015-08-24 07:44:22'),
(282, 97, 103, 0, 1, 0, 0, 0, 0, '2015-08-24 07:45:13'),
(775, 97, 118, 0, 1, 0, 0, 0, 0, '2015-08-29 09:12:55'),
(284, 25, 103, 0, 1, 0, 0, 0, 0, '2015-08-24 07:57:25'),
(285, 63, 110, 0, 1, 0, 0, 0, 0, '2015-08-24 08:17:00'),
(286, 129, 110, 1, 1, 0, 0, 0, 0, '2015-08-24 08:19:21'),
(287, 120, 96, 0, 1, 0, 0, 0, 0, '2015-08-24 08:39:32'),
(774, 114, 118, 0, 1, 0, 0, 0, 0, '2015-08-29 09:09:02'),
(289, 27, 136, 0, 1, 0, 0, 0, 0, '2015-08-24 08:55:43'),
(290, 23, 136, 0, 1, 0, 0, 0, 0, '2015-08-24 08:58:40'),
(291, 34, 136, 0, 1, 0, 0, 0, 0, '2015-08-24 09:29:11'),
(292, 83, 136, 0, 1, 0, 0, 0, 0, '2015-08-24 09:30:20'),
(773, 97, 143, 0, 1, 0, 0, 0, 0, '2015-08-28 15:46:53'),
(294, 107, 138, 0, 1, 0, 0, 0, 0, '2015-08-24 10:38:10'),
(772, 28, 143, 0, 1, 0, 0, 0, 0, '2015-08-28 15:46:23'),
(296, 64, 135, 0, 1, 0, 0, 0, 0, '2015-08-24 10:46:33'),
(297, 87, 135, 0, 1, 0, 0, 0, 0, '2015-08-24 10:48:08'),
(298, 88, 135, 0, 1, 0, 0, 0, 0, '2015-08-24 10:52:02'),
(299, 39, 105, 0, 1, 0, 0, 0, 0, '2015-08-24 10:52:25'),
(300, 37, 105, 0, 1, 0, 0, 0, 0, '2015-08-24 10:53:28'),
(301, 36, 105, 0, 1, 0, 0, 0, 0, '2015-08-24 10:54:00'),
(302, 33, 105, 0, 1, 0, 0, 0, 0, '2015-08-24 10:54:14'),
(303, 85, 135, 0, 1, 0, 0, 0, 0, '2015-08-24 10:55:33'),
(304, 20, 105, 0, 1, 0, 0, 0, 0, '2015-08-24 10:56:06'),
(305, 86, 135, 0, 1, 0, 0, 0, 0, '2015-08-24 11:02:57'),
(306, 131, 135, 0, 1, 0, 0, 0, 0, '2015-08-24 11:05:45'),
(307, 64, 115, 0, 1, 0, 0, 0, 0, '2015-08-24 11:17:35'),
(308, 87, 115, 0, 1, 0, 0, 0, 0, '2015-08-24 11:19:50'),
(309, 67, 115, 0, 1, 0, 0, 0, 0, '2015-08-24 11:20:39'),
(310, 57, 115, 0, 1, 0, 0, 0, 0, '2015-08-24 11:21:26'),
(311, 82, 115, 0, 1, 0, 0, 0, 0, '2015-08-24 11:22:15'),
(312, 56, 115, 0, 1, 0, 0, 0, 0, '2015-08-24 11:22:36'),
(313, 55, 115, 0, 1, 0, 0, 0, 0, '2015-08-24 11:23:45'),
(314, 88, 115, 0, 1, 0, 0, 0, 0, '2015-08-24 11:24:28'),
(315, 70, 115, 0, 1, 0, 0, 0, 0, '2015-08-24 11:25:03'),
(316, 59, 115, 0, 1, 0, 0, 0, 0, '2015-08-24 11:25:31'),
(317, 129, 115, 0, 1, 0, 0, 0, 0, '2015-08-24 11:26:07'),
(318, 20, 115, 0, 1, 0, 0, 0, 0, '2015-08-24 11:26:39'),
(319, 74, 115, 0, 1, 0, 0, 0, 0, '2015-08-24 11:27:23'),
(320, 86, 115, 0, 1, 0, 0, 0, 0, '2015-08-24 11:29:29'),
(321, 19, 115, 0, 1, 0, 0, 0, 0, '2015-08-24 11:29:52'),
(322, 73, 115, 0, 1, 0, 0, 0, 0, '2015-08-24 11:30:22'),
(323, 58, 115, 0, 1, 0, 0, 0, 0, '2015-08-24 11:30:49'),
(324, 40, 115, 0, 1, 0, 0, 0, 0, '2015-08-24 11:31:30'),
(325, 42, 115, 0, 1, 0, 0, 0, 0, '2015-08-24 11:32:32'),
(326, 49, 115, 0, 1, 0, 0, 0, 0, '2015-08-24 11:33:29'),
(327, 52, 115, 0, 1, 0, 0, 0, 0, '2015-08-24 11:33:58'),
(328, 33, 115, 0, 1, 0, 0, 0, 0, '2015-08-24 11:34:40'),
(329, 39, 115, 0, 1, 0, 0, 0, 0, '2015-08-24 11:34:57'),
(330, 53, 115, 0, 1, 0, 0, 0, 0, '2015-08-24 11:35:55'),
(331, 37, 115, 0, 1, 0, 0, 0, 0, '2015-08-24 11:36:45'),
(332, 101, 115, 0, 1, 0, 0, 0, 0, '2015-08-24 11:37:54'),
(333, 127, 96, 0, 1, 0, 0, 0, 0, '2015-08-24 11:48:27'),
(334, 118, 140, 1, 1, 0, 2, 352, 0, '2015-08-24 12:03:27'),
(771, 87, 105, 0, 1, 0, 0, 0, 0, '2015-08-28 15:26:15'),
(336, 92, 90, 0, 1, 0, 0, 0, 0, '2015-08-24 12:08:20'),
(337, 117, 140, 1, 1, 0, 2, 998, 996, '2015-08-24 12:12:22'),
(338, 116, 140, 1, 1, 0, 2, 915, 0, '2015-08-24 12:16:34'),
(339, 127, 140, 1, 1, 0, 2, 212, 0, '2015-08-24 12:18:22'),
(340, 108, 140, 1, 1, 0, 2, 3342, 0, '2015-08-24 12:23:29'),
(341, 103, 140, 0, 1, 0, 0, 0, 0, '2015-08-24 12:28:06'),
(770, 97, 184, 0, 1, 0, 0, 0, 0, '2015-08-28 11:18:36'),
(343, 33, 136, 0, 1, 0, 0, 0, 0, '2015-08-24 12:39:09'),
(344, 31, 107, 1, 1, 0, 2, 219, 0, '2015-08-24 13:10:16'),
(345, 98, 107, 1, 1, 0, 2, 1736, 0, '2015-08-24 13:13:09'),
(346, 43, 107, 0, 1, 0, 0, 0, 0, '2015-08-24 13:16:16'),
(347, 35, 107, 0, 1, 0, 0, 0, 0, '2015-08-24 13:16:57'),
(348, 33, 107, 1, 1, 0, 2, 676, 0, '2015-08-24 13:17:33'),
(349, 39, 107, 0, 1, 0, 0, 0, 0, '2015-08-24 13:18:53'),
(350, 29, 107, 0, 1, 0, 0, 0, 0, '2015-08-24 13:20:29'),
(351, 61, 141, 0, 1, 0, 0, 0, 0, '2015-08-24 13:29:31'),
(352, 103, 1, 0, 1, 0, 0, 0, 0, '2015-08-24 14:29:20'),
(353, 104, 128, 0, 1, 0, 0, 0, 0, '2015-08-24 14:35:25'),
(354, 23, 128, 0, 1, 0, 0, 0, 0, '2015-08-24 14:39:26'),
(355, 25, 128, 0, 1, 0, 0, 0, 0, '2015-08-24 14:45:54'),
(356, 114, 128, 1, 1, 1, 1, 0, 811, '2015-08-24 14:48:13'),
(357, 105, 128, 0, 1, 0, 0, 0, 0, '2015-08-24 14:49:05'),
(358, 87, 96, 0, 1, 0, 0, 0, 0, '2015-08-24 15:16:13'),
(359, 81, 1, 0, 1, 0, 0, 0, 0, '2015-08-24 15:32:15'),
(360, 59, 1, 0, 1, 0, 0, 0, 0, '2015-08-24 15:32:50'),
(361, 98, 142, 0, 1, 0, 0, 0, 0, '2015-08-24 16:10:46'),
(362, 91, 143, 0, 1, 0, 0, 0, 0, '2015-08-24 17:37:48'),
(363, 64, 143, 0, 1, 0, 0, 0, 0, '2015-08-24 17:42:32'),
(364, 77, 143, 0, 1, 0, 0, 0, 0, '2015-08-24 17:43:25'),
(365, 94, 129, 0, 1, 0, 0, 0, 0, '2015-08-24 20:18:08'),
(366, 79, 107, 0, 1, 0, 0, 0, 0, '2015-08-25 08:09:21'),
(367, 25, 107, 0, 1, 0, 0, 0, 0, '2015-08-25 08:11:46'),
(368, 41, 107, 0, 1, 0, 0, 0, 0, '2015-08-25 08:14:40'),
(369, 48, 107, 0, 1, 0, 0, 0, 0, '2015-08-25 08:16:18'),
(370, 50, 107, 0, 1, 0, 0, 0, 0, '2015-08-25 08:16:35'),
(371, 49, 107, 0, 1, 0, 0, 0, 0, '2015-08-25 08:16:56'),
(372, 30, 107, 0, 1, 0, 0, 0, 0, '2015-08-25 08:18:17'),
(373, 38, 107, 0, 1, 0, 0, 0, 0, '2015-08-25 08:23:41'),
(374, 36, 107, 0, 1, 0, 0, 0, 0, '2015-08-25 08:24:50'),
(375, 34, 107, 1, 1, 0, 2, 1374, 0, '2015-08-25 08:29:55'),
(376, 23, 107, 1, 1, 0, 2, 568, 566, '2015-08-25 08:31:58'),
(377, 61, 145, 0, 1, 0, 0, 0, 0, '2015-08-25 08:53:59'),
(378, 84, 107, 0, 1, 0, 0, 0, 0, '2015-08-25 09:25:07'),
(379, 91, 107, 0, 1, 0, 0, 0, 0, '2015-08-25 09:31:38'),
(380, 80, 107, 0, 1, 0, 0, 0, 0, '2015-08-25 09:32:38'),
(381, 61, 107, 0, 1, 0, 0, 0, 0, '2015-08-25 09:34:28'),
(382, 96, 107, 0, 1, 0, 0, 0, 0, '2015-08-25 09:35:21'),
(383, 112, 107, 0, 1, 0, 0, 0, 0, '2015-08-25 09:36:14'),
(769, 63, 184, 0, 1, 0, 0, 0, 0, '2015-08-28 09:11:43'),
(385, 68, 135, 0, 1, 0, 0, 0, 0, '2015-08-25 09:55:04'),
(386, 86, 107, 0, 1, 0, 0, 0, 0, '2015-08-25 09:57:20'),
(387, 130, 135, 0, 1, 0, 0, 0, 0, '2015-08-25 10:00:16'),
(388, 70, 135, 0, 1, 0, 0, 0, 0, '2015-08-25 10:03:34'),
(389, 40, 146, 0, 1, 0, 0, 0, 0, '2015-08-25 10:54:24'),
(768, 23, 90, 0, 1, 0, 0, 0, 0, '2015-08-28 06:15:33'),
(391, 53, 107, 0, 1, 0, 0, 0, 0, '2015-08-25 11:28:48'),
(392, 64, 145, 0, 1, 0, 0, 0, 0, '2015-08-25 12:16:37'),
(393, 102, 110, 1, 1, 0, 0, 0, 0, '2015-08-25 12:18:45'),
(394, 87, 145, 0, 1, 0, 0, 0, 0, '2015-08-25 12:18:58'),
(395, 63, 96, 0, 1, 0, 0, 0, 0, '2015-08-25 12:19:54'),
(396, 80, 110, 0, 1, 0, 0, 0, 0, '2015-08-25 12:20:27'),
(397, 77, 110, 0, 1, 0, 0, 0, 0, '2015-08-25 12:22:06'),
(398, 128, 145, 0, 1, 0, 0, 0, 0, '2015-08-25 12:22:10'),
(399, 68, 145, 0, 1, 0, 0, 0, 0, '2015-08-25 12:28:01'),
(400, 130, 145, 0, 1, 0, 0, 0, 0, '2015-08-25 12:31:13'),
(401, 128, 107, 0, 1, 0, 0, 0, 0, '2015-08-25 12:37:12'),
(402, 130, 107, 0, 1, 0, 0, 0, 0, '2015-08-25 12:42:45'),
(403, 83, 145, 0, 1, 0, 0, 0, 0, '2015-08-25 12:42:51'),
(404, 88, 107, 0, 1, 0, 0, 0, 0, '2015-08-25 12:43:28'),
(405, 59, 107, 0, 1, 0, 0, 0, 0, '2015-08-25 12:44:26'),
(406, 95, 107, 0, 1, 0, 0, 0, 0, '2015-08-25 12:45:28'),
(407, 85, 107, 0, 1, 0, 0, 0, 0, '2015-08-25 12:46:01'),
(408, 73, 107, 0, 1, 0, 0, 0, 0, '2015-08-25 12:47:39'),
(409, 100, 145, 0, 1, 0, 0, 0, 0, '2015-08-25 12:49:43'),
(410, 76, 145, 0, 1, 0, 0, 0, 0, '2015-08-25 12:51:10'),
(411, 66, 1, 1, 1, 0, 2, 12579, 0, '2015-08-25 14:39:09'),
(412, 72, 1, 1, 1, 0, 2, 7109, 0, '2015-08-25 14:40:03'),
(413, 118, 110, 0, 1, 0, 0, 0, 0, '2015-08-25 14:46:49'),
(414, 21, 110, 0, 1, 0, 0, 0, 0, '2015-08-25 15:14:22'),
(415, 106, 118, 0, 1, 0, 0, 0, 0, '2015-08-25 16:38:06'),
(416, 112, 118, 0, 1, 0, 0, 0, 0, '2015-08-25 16:39:28'),
(417, 113, 118, 1, 1, 0, 0, 0, 0, '2015-08-25 16:41:06'),
(418, 80, 118, 0, 1, 0, 0, 0, 0, '2015-08-25 16:42:13'),
(419, 77, 118, 0, 1, 0, 0, 0, 0, '2015-08-25 16:42:50'),
(420, 55, 118, 0, 1, 0, 0, 0, 0, '2015-08-25 16:43:50'),
(421, 117, 118, 0, 1, 0, 0, 0, 0, '2015-08-25 16:47:46'),
(422, 63, 128, 0, 1, 0, 0, 0, 0, '2015-08-25 16:58:39'),
(423, 39, 143, 0, 1, 0, 0, 0, 0, '2015-08-25 17:00:12'),
(424, 30, 143, 0, 1, 0, 0, 0, 0, '2015-08-25 17:02:10'),
(425, 55, 143, 0, 1, 0, 0, 0, 0, '2015-08-25 17:03:20'),
(426, 101, 128, 0, 1, 0, 0, 0, 0, '2015-08-25 17:03:54'),
(427, 73, 143, 0, 1, 0, 0, 0, 0, '2015-08-25 17:04:12'),
(428, 117, 128, 0, 1, 0, 0, 0, 0, '2015-08-25 17:07:15'),
(429, 20, 146, 0, 1, 0, 0, 0, 0, '2015-08-25 17:32:35'),
(430, 34, 146, 0, 1, 0, 0, 0, 0, '2015-08-25 17:35:25'),
(431, 95, 146, 0, 1, 0, 0, 0, 0, '2015-08-25 17:37:32'),
(432, 78, 146, 0, 1, 0, 0, 0, 0, '2015-08-25 17:38:50'),
(433, 39, 146, 0, 1, 0, 0, 0, 0, '2015-08-25 18:03:49'),
(434, 33, 146, 0, 1, 0, 0, 0, 0, '2015-08-25 18:27:18'),
(435, 101, 146, 0, 1, 0, 0, 0, 0, '2015-08-25 18:51:40'),
(767, 51, 90, 0, 1, 0, 0, 0, 0, '2015-08-28 06:03:22'),
(437, 104, 149, 0, 1, 0, 0, 0, 0, '2015-08-26 05:04:14'),
(438, 28, 149, 0, 1, 0, 0, 0, 0, '2015-08-26 05:13:18'),
(439, 105, 150, 0, 1, 0, 0, 0, 0, '2015-08-26 05:14:36'),
(440, 92, 149, 0, 1, 0, 0, 0, 0, '2015-08-26 05:17:40'),
(441, 97, 149, 0, 1, 0, 0, 0, 0, '2015-08-26 05:19:28'),
(442, 66, 150, 0, 1, 0, 0, 0, 0, '2015-08-26 05:24:58'),
(443, 96, 149, 0, 1, 0, 0, 0, 0, '2015-08-26 05:27:36'),
(444, 94, 149, 0, 1, 0, 0, 0, 0, '2015-08-26 05:31:51'),
(445, 95, 149, 0, 1, 0, 0, 0, 0, '2015-08-26 05:34:28'),
(446, 20, 149, 0, 1, 0, 0, 0, 0, '2015-08-26 05:36:27'),
(447, 125, 96, 0, 1, 0, 0, 0, 0, '2015-08-26 05:44:53'),
(448, 63, 129, 0, 1, 0, 0, 0, 0, '2015-08-26 05:49:06'),
(449, 102, 129, 0, 1, 0, 0, 0, 0, '2015-08-26 05:52:52'),
(450, 113, 128, 1, 1, 1, 1, 0, 650, '2015-08-26 06:06:19'),
(451, 119, 128, 1, 1, 0, 2, 284, 0, '2015-08-26 06:07:56'),
(452, 118, 128, 1, 1, 1, 1, 0, 351, '2015-08-26 06:08:39'),
(453, 120, 128, 1, 1, 1, 1, 0, 49, '2015-08-26 06:09:11'),
(454, 127, 128, 1, 1, 1, 1, 0, 211, '2015-08-26 06:10:36'),
(455, 121, 128, 1, 1, 0, 2, 81, 0, '2015-08-26 06:11:10'),
(456, 21, 128, 0, 1, 0, 0, 0, 0, '2015-08-26 06:12:53'),
(457, 122, 128, 1, 1, 1, 1, 0, 100, '2015-08-26 06:13:38'),
(458, 123, 128, 1, 1, 0, 2, 130, 0, '2015-08-26 06:14:40'),
(459, 107, 128, 0, 1, 0, 0, 0, 0, '2015-08-26 06:15:19'),
(460, 116, 128, 1, 1, 1, 1, 0, 911, '2015-08-26 06:17:06'),
(461, 33, 128, 0, 1, 0, 0, 0, 0, '2015-08-26 06:18:42'),
(462, 92, 146, 0, 1, 0, 0, 0, 0, '2015-08-26 07:02:35'),
(463, 103, 129, 1, 1, 0, 0, 0, 0, '2015-08-26 07:38:46'),
(464, 107, 129, 0, 1, 0, 0, 0, 0, '2015-08-26 07:41:37'),
(465, 120, 136, 0, 1, 0, 0, 0, 0, '2015-08-26 08:00:57'),
(466, 121, 136, 0, 1, 0, 0, 0, 0, '2015-08-26 08:04:19'),
(467, 119, 136, 0, 1, 0, 0, 0, 0, '2015-08-26 08:07:27'),
(468, 80, 135, 1, 1, 0, 2, 5555, 5555, '2015-08-26 08:51:43'),
(469, 63, 153, 0, 1, 0, 0, 0, 0, '2015-08-26 09:18:28'),
(470, 61, 135, 0, 1, 0, 0, 0, 0, '2015-08-26 09:59:52'),
(471, 81, 135, 0, 1, 0, 0, 0, 0, '2015-08-26 10:08:25'),
(472, 19, 128, 0, 1, 0, 0, 0, 0, '2015-08-26 11:08:11'),
(766, 95, 141, 0, 1, 0, 0, 0, 0, '2015-08-28 05:41:47'),
(474, 114, 146, 0, 1, 0, 0, 0, 0, '2015-08-26 12:58:24'),
(475, 113, 146, 0, 1, 0, 0, 0, 0, '2015-08-26 13:02:28'),
(476, 98, 146, 0, 1, 0, 0, 0, 0, '2015-08-26 13:04:49'),
(477, 68, 146, 0, 1, 0, 0, 0, 0, '2015-08-26 13:07:16'),
(478, 114, 156, 0, 1, 0, 0, 0, 0, '2015-08-26 15:59:34'),
(479, 108, 156, 0, 1, 0, 0, 0, 0, '2015-08-26 16:01:05'),
(480, 109, 156, 0, 1, 0, 0, 0, 0, '2015-08-26 16:04:57'),
(481, 128, 156, 0, 1, 0, 0, 0, 0, '2015-08-26 16:06:38'),
(482, 103, 156, 0, 1, 0, 0, 0, 0, '2015-08-26 16:07:15'),
(483, 107, 156, 0, 1, 0, 0, 0, 0, '2015-08-26 16:07:44'),
(484, 118, 156, 0, 1, 0, 0, 0, 0, '2015-08-26 16:13:13'),
(485, 127, 156, 0, 1, 0, 0, 0, 0, '2015-08-26 16:15:53'),
(486, 117, 156, 0, 1, 0, 0, 0, 0, '2015-08-26 16:18:47'),
(487, 73, 90, 0, 1, 0, 0, 0, 0, '2015-08-26 16:49:26'),
(488, 98, 90, 1, 1, 1, 1, 0, 1735, '2015-08-26 16:54:10'),
(489, 20, 129, 0, 1, 0, 0, 0, 0, '2015-08-26 16:56:57'),
(490, 113, 129, 0, 1, 0, 0, 0, 0, '2015-08-26 16:57:41'),
(491, 119, 129, 0, 1, 0, 0, 0, 0, '2015-08-26 17:00:47'),
(492, 82, 90, 0, 1, 0, 0, 0, 0, '2015-08-26 17:01:50'),
(493, 20, 90, 1, 1, 0, 2, 455, 0, '2015-08-26 17:03:54'),
(494, 19, 90, 1, 1, 0, 2, 454, 0, '2015-08-26 17:06:08'),
(495, 82, 105, 0, 1, 0, 0, 0, 0, '2015-08-26 17:13:30'),
(496, 74, 105, 0, 1, 0, 0, 0, 0, '2015-08-26 17:14:37'),
(497, 58, 105, 0, 1, 0, 0, 0, 0, '2015-08-26 17:15:25'),
(498, 64, 157, 0, 1, 0, 0, 0, 0, '2015-08-26 17:15:46'),
(499, 34, 105, 0, 1, 0, 0, 0, 0, '2015-08-26 17:17:32'),
(500, 129, 159, 0, 1, 0, 0, 0, 0, '2015-08-26 17:34:57'),
(501, 63, 158, 0, 1, 0, 0, 0, 0, '2015-08-26 17:35:44'),
(502, 64, 158, 0, 1, 0, 0, 0, 0, '2015-08-26 17:39:53'),
(503, 63, 157, 0, 1, 0, 0, 0, 0, '2015-08-26 17:47:14'),
(504, 97, 158, 0, 1, 0, 0, 0, 0, '2015-08-26 17:48:09'),
(505, 27, 157, 0, 1, 0, 0, 0, 0, '2015-08-26 18:03:33'),
(506, 30, 157, 0, 1, 0, 0, 0, 0, '2015-08-26 18:08:37'),
(507, 39, 157, 0, 1, 0, 0, 0, 0, '2015-08-26 18:10:18'),
(508, 29, 157, 1, 1, 0, 0, 0, 0, '2015-08-26 18:13:05'),
(509, 34, 157, 1, 1, 0, 0, 0, 0, '2015-08-26 18:15:04'),
(510, 101, 157, 0, 1, 0, 0, 0, 0, '2015-08-26 18:20:06'),
(511, 31, 157, 0, 1, 0, 0, 0, 0, '2015-08-26 18:24:35'),
(512, 123, 157, 0, 1, 0, 0, 0, 0, '2015-08-26 18:27:37'),
(513, 61, 157, 0, 1, 0, 0, 0, 0, '2015-08-26 18:28:29'),
(514, 98, 157, 0, 1, 0, 0, 0, 0, '2015-08-26 18:30:24'),
(515, 25, 157, 0, 1, 0, 0, 0, 0, '2015-08-26 18:33:00'),
(516, 92, 128, 0, 1, 0, 0, 0, 0, '2015-08-27 04:28:12'),
(517, 25, 146, 0, 1, 0, 0, 0, 0, '2015-08-27 04:59:50'),
(518, 27, 146, 0, 1, 0, 0, 0, 0, '2015-08-27 05:01:44'),
(519, 35, 136, 0, 1, 0, 0, 0, 0, '2015-08-27 05:08:52'),
(520, 63, 105, 0, 1, 0, 0, 0, 0, '2015-08-27 05:10:33'),
(521, 111, 105, 0, 1, 0, 0, 0, 0, '2015-08-27 05:14:27'),
(522, 125, 105, 0, 1, 0, 0, 0, 0, '2015-08-27 05:15:56'),
(523, 124, 105, 0, 1, 0, 0, 0, 0, '2015-08-27 05:16:27'),
(524, 123, 105, 0, 1, 0, 0, 0, 0, '2015-08-27 05:17:30'),
(525, 115, 105, 0, 1, 0, 0, 0, 0, '2015-08-27 05:18:35'),
(526, 102, 146, 0, 1, 0, 0, 0, 0, '2015-08-27 05:26:17'),
(527, 64, 90, 0, 1, 0, 0, 0, 0, '2015-08-27 05:29:56'),
(528, 66, 110, 0, 1, 0, 0, 0, 0, '2015-08-27 05:34:53'),
(529, 131, 1, 0, 1, 0, 0, 0, 0, '2015-08-27 05:36:46'),
(530, 130, 163, 0, 1, 0, 0, 0, 0, '2015-08-27 05:37:56'),
(531, 131, 163, 1, 1, 0, 0, 0, 0, '2015-08-27 05:38:21'),
(532, 98, 1, 0, 1, 0, 0, 0, 0, '2015-08-27 05:41:02'),
(533, 64, 110, 0, 1, 0, 0, 0, 0, '2015-08-27 05:41:13'),
(534, 117, 161, 0, 1, 0, 0, 0, 0, '2015-08-27 05:42:01'),
(535, 112, 163, 0, 1, 0, 0, 0, 0, '2015-08-27 05:42:30'),
(536, 27, 163, 1, 1, 0, 0, 0, 0, '2015-08-27 05:44:22'),
(537, 43, 161, 0, 1, 0, 0, 0, 0, '2015-08-27 05:45:22'),
(538, 101, 161, 1, 1, 1, 1, 0, 366, '2015-08-27 05:49:17'),
(539, 28, 163, 0, 1, 0, 0, 0, 0, '2015-08-27 05:50:41'),
(540, 27, 110, 0, 1, 0, 0, 0, 0, '2015-08-27 05:51:14'),
(541, 40, 110, 0, 1, 0, 0, 0, 0, '2015-08-27 05:55:24'),
(542, 110, 163, 0, 1, 0, 0, 0, 0, '2015-08-27 05:56:17'),
(543, 21, 163, 1, 1, 0, 0, 0, 0, '2015-08-27 06:02:34'),
(544, 77, 159, 0, 1, 0, 0, 0, 0, '2015-08-27 06:14:51'),
(545, 130, 110, 0, 1, 0, 0, 0, 0, '2015-08-27 06:15:02'),
(546, 107, 96, 0, 1, 0, 0, 0, 0, '2015-08-27 06:24:56'),
(547, 97, 159, 0, 1, 0, 0, 0, 0, '2015-08-27 06:26:19'),
(548, 21, 146, 1, 1, 0, 2, 112, 110, '2015-08-27 06:29:38'),
(549, 77, 146, 0, 1, 0, 0, 0, 0, '2015-08-27 06:38:02'),
(550, 82, 163, 0, 1, 0, 0, 0, 0, '2015-08-27 06:38:06'),
(551, 121, 146, 0, 1, 0, 0, 0, 0, '2015-08-27 06:39:06'),
(552, 57, 163, 0, 1, 0, 0, 0, 0, '2015-08-27 06:39:09'),
(553, 61, 132, 0, 1, 0, 0, 0, 0, '2015-08-27 06:40:30'),
(554, 65, 132, 0, 1, 0, 0, 0, 0, '2015-08-27 06:41:55'),
(555, 79, 135, 0, 1, 0, 0, 0, 0, '2015-08-27 06:42:41'),
(556, 122, 146, 0, 1, 0, 0, 0, 0, '2015-08-27 06:43:48'),
(557, 63, 146, 0, 1, 0, 0, 0, 0, '2015-08-27 06:43:58'),
(558, 71, 135, 0, 1, 0, 0, 0, 0, '2015-08-27 06:45:07'),
(559, 91, 136, 0, 1, 0, 0, 0, 0, '2015-08-27 06:48:12'),
(560, 28, 146, 1, 1, 0, 2, 1126, 0, '2015-08-27 06:48:19'),
(561, 83, 110, 0, 1, 0, 0, 0, 0, '2015-08-27 06:50:56'),
(562, 117, 132, 0, 1, 0, 0, 0, 0, '2015-08-27 06:51:20'),
(563, 79, 110, 0, 1, 0, 0, 0, 0, '2015-08-27 06:51:48'),
(564, 69, 110, 0, 1, 0, 0, 0, 0, '2015-08-27 06:52:48'),
(565, 89, 146, 1, 1, 0, 2, 296, 0, '2015-08-27 06:53:28'),
(566, 77, 164, 0, 1, 0, 0, 0, 0, '2015-08-27 06:53:37'),
(567, 78, 128, 0, 1, 0, 0, 0, 0, '2015-08-27 06:55:06'),
(568, 102, 96, 0, 1, 0, 0, 0, 0, '2015-08-27 06:58:24'),
(569, 86, 146, 0, 1, 0, 0, 0, 0, '2015-08-27 06:59:58'),
(570, 103, 96, 0, 1, 0, 0, 0, 0, '2015-08-27 07:03:16'),
(571, 87, 164, 0, 1, 0, 0, 0, 0, '2015-08-27 07:03:42'),
(572, 105, 96, 0, 1, 0, 0, 0, 0, '2015-08-27 07:04:05'),
(573, 66, 164, 0, 1, 0, 0, 0, 0, '2015-08-27 07:04:48'),
(574, 71, 159, 0, 1, 0, 0, 0, 0, '2015-08-27 07:05:16'),
(575, 106, 96, 0, 1, 0, 0, 0, 0, '2015-08-27 07:05:16'),
(576, 108, 96, 0, 1, 0, 0, 0, 0, '2015-08-27 07:07:45'),
(577, 42, 146, 1, 1, 0, 2, 140, 138, '2015-08-27 07:08:30'),
(578, 67, 164, 0, 1, 0, 0, 0, 0, '2015-08-27 07:08:43'),
(579, 112, 132, 0, 1, 0, 0, 0, 0, '2015-08-27 07:09:46'),
(580, 74, 159, 0, 1, 0, 0, 0, 0, '2015-08-27 07:09:49'),
(581, 114, 132, 0, 1, 0, 0, 0, 0, '2015-08-27 07:13:36'),
(582, 46, 146, 1, 1, 0, 2, 148, 0, '2015-08-27 07:13:42'),
(583, 128, 164, 0, 1, 0, 0, 0, 0, '2015-08-27 07:17:18'),
(584, 112, 96, 0, 1, 0, 0, 0, 0, '2015-08-27 07:17:23'),
(585, 91, 165, 0, 1, 0, 0, 0, 0, '2015-08-27 07:21:03'),
(586, 77, 132, 0, 1, 0, 0, 0, 0, '2015-08-27 07:21:16'),
(587, 51, 146, 1, 1, 0, 2, 278, 276, '2015-08-27 07:25:06'),
(588, 124, 146, 0, 1, 0, 0, 0, 0, '2015-08-27 07:27:09'),
(589, 130, 164, 0, 1, 0, 0, 0, 0, '2015-08-27 07:27:13'),
(590, 70, 164, 0, 1, 0, 0, 0, 0, '2015-08-27 07:28:04'),
(591, 104, 96, 0, 1, 0, 0, 0, 0, '2015-08-27 07:30:34'),
(592, 65, 146, 0, 1, 0, 0, 0, 0, '2015-08-27 07:31:14'),
(593, 39, 165, 1, 1, 0, 2, 4350, 0, '2015-08-27 07:31:42'),
(594, 25, 164, 0, 1, 0, 0, 0, 0, '2015-08-27 07:32:13'),
(595, 110, 96, 0, 1, 0, 0, 0, 0, '2015-08-27 07:33:31'),
(596, 131, 164, 0, 1, 0, 0, 0, 0, '2015-08-27 07:38:58'),
(597, 82, 110, 0, 1, 0, 0, 0, 0, '2015-08-27 07:40:55'),
(598, 104, 132, 0, 1, 0, 0, 0, 0, '2015-08-27 07:41:09'),
(599, 108, 132, 0, 1, 0, 0, 0, 0, '2015-08-27 07:51:09'),
(600, 124, 96, 0, 1, 0, 0, 0, 0, '2015-08-27 07:51:53'),
(601, 123, 96, 0, 1, 0, 0, 0, 0, '2015-08-27 07:52:26'),
(602, 122, 96, 0, 1, 0, 0, 0, 0, '2015-08-27 07:52:52'),
(603, 110, 132, 0, 1, 0, 0, 0, 0, '2015-08-27 07:54:21'),
(604, 51, 1, 1, 1, 1, 1, 0, 270, '2015-08-27 07:58:24'),
(605, 39, 136, 0, 1, 0, 0, 0, 0, '2015-08-27 08:00:21'),
(606, 57, 90, 0, 1, 0, 0, 0, 0, '2015-08-27 08:00:48'),
(607, 102, 159, 0, 1, 0, 0, 0, 0, '2015-08-27 08:01:44'),
(608, 33, 161, 0, 1, 0, 0, 0, 0, '2015-08-27 08:03:43'),
(765, 97, 105, 0, 1, 0, 0, 0, 0, '2015-08-28 05:00:31'),
(610, 63, 167, 0, 1, 0, 0, 0, 0, '2015-08-27 08:07:11'),
(611, 108, 167, 0, 1, 0, 0, 0, 0, '2015-08-27 08:08:32'),
(612, 96, 132, 0, 1, 0, 0, 0, 0, '2015-08-27 08:09:23'),
(613, 63, 132, 0, 1, 0, 0, 0, 0, '2015-08-27 08:10:12'),
(764, 46, 105, 0, 1, 0, 0, 0, 0, '2015-08-28 04:58:40'),
(615, 70, 136, 0, 1, 0, 0, 0, 0, '2015-08-27 08:13:30'),
(616, 27, 161, 0, 1, 0, 0, 0, 0, '2015-08-27 08:13:54'),
(617, 87, 132, 0, 1, 0, 0, 0, 0, '2015-08-27 08:18:11'),
(618, 87, 128, 0, 1, 0, 0, 0, 0, '2015-08-27 08:18:49'),
(619, 86, 105, 0, 1, 0, 0, 0, 0, '2015-08-27 08:19:09'),
(620, 97, 136, 0, 1, 0, 0, 0, 0, '2015-08-27 08:19:37'),
(621, 82, 135, 0, 1, 0, 0, 0, 0, '2015-08-27 08:24:04'),
(622, 59, 105, 0, 1, 0, 0, 0, 0, '2015-08-27 08:34:45'),
(623, 109, 136, 0, 1, 0, 0, 0, 0, '2015-08-27 08:35:41'),
(624, 64, 169, 0, 1, 0, 0, 0, 0, '2015-08-27 08:36:08'),
(625, 71, 136, 0, 1, 0, 0, 0, 0, '2015-08-27 08:38:58'),
(626, 77, 167, 0, 1, 0, 0, 0, 0, '2015-08-27 08:40:55'),
(627, 131, 136, 0, 1, 0, 0, 0, 0, '2015-08-27 08:40:58'),
(628, 22, 167, 0, 1, 0, 0, 0, 0, '2015-08-27 08:42:20'),
(629, 80, 136, 0, 1, 0, 0, 0, 0, '2015-08-27 08:43:07'),
(630, 54, 167, 0, 1, 0, 0, 0, 0, '2015-08-27 08:43:45'),
(631, 97, 167, 0, 1, 0, 0, 0, 0, '2015-08-27 08:45:15'),
(632, 23, 146, 0, 1, 0, 0, 0, 0, '2015-08-27 08:45:50'),
(633, 131, 146, 0, 1, 0, 0, 0, 0, '2015-08-27 08:47:28'),
(634, 95, 136, 0, 1, 0, 0, 0, 0, '2015-08-27 08:47:44'),
(635, 74, 136, 0, 1, 0, 0, 0, 0, '2015-08-27 08:49:38'),
(636, 57, 169, 0, 1, 0, 0, 0, 0, '2015-08-27 08:50:35'),
(637, 67, 107, 0, 1, 0, 0, 0, 0, '2015-08-27 08:50:58'),
(638, 69, 136, 0, 1, 0, 0, 0, 0, '2015-08-27 08:54:52'),
(639, 116, 132, 0, 1, 0, 0, 0, 0, '2015-08-27 08:55:06'),
(640, 77, 136, 0, 1, 0, 0, 0, 0, '2015-08-27 08:55:23'),
(641, 118, 132, 0, 1, 0, 0, 0, 0, '2015-08-27 08:55:54'),
(642, 119, 132, 0, 1, 0, 0, 0, 0, '2015-08-27 08:56:28'),
(643, 78, 136, 0, 1, 0, 0, 0, 0, '2015-08-27 08:57:17'),
(644, 25, 169, 0, 1, 0, 0, 0, 0, '2015-08-27 08:57:31'),
(645, 105, 140, 1, 1, 0, 2, 3152, 0, '2015-08-27 09:01:59'),
(646, 64, 136, 0, 1, 0, 0, 0, 0, '2015-08-27 09:02:04'),
(647, 65, 136, 0, 1, 0, 0, 0, 0, '2015-08-27 09:03:58'),
(648, 63, 136, 0, 1, 0, 0, 0, 0, '2015-08-27 09:04:14'),
(649, 113, 140, 1, 1, 0, 2, 657, 655, '2015-08-27 09:04:46'),
(650, 50, 90, 0, 1, 0, 0, 0, 0, '2015-08-27 09:05:05'),
(651, 21, 136, 0, 1, 0, 0, 0, 0, '2015-08-27 09:05:43'),
(652, 114, 140, 1, 1, 1, 1, 0, 821, '2015-08-27 09:05:57'),
(653, 68, 110, 0, 1, 0, 0, 0, 0, '2015-08-27 09:07:38'),
(654, 100, 136, 0, 1, 0, 0, 0, 0, '2015-08-27 09:09:26'),
(655, 122, 140, 1, 1, 0, 2, 101, 0, '2015-08-27 09:10:27'),
(656, 46, 170, 0, 1, 0, 0, 0, 0, '2015-08-27 09:10:44'),
(657, 110, 140, 1, 1, 0, 2, 3076, 0, '2015-08-27 09:11:54'),
(658, 109, 128, 0, 1, 0, 0, 0, 0, '2015-08-27 09:14:09'),
(659, 93, 135, 0, 1, 0, 0, 0, 0, '2015-08-27 09:15:31'),
(660, 58, 135, 0, 1, 0, 0, 0, 0, '2015-08-27 09:15:47'),
(661, 83, 90, 0, 1, 0, 0, 0, 0, '2015-08-27 09:15:54'),
(662, 25, 110, 0, 1, 0, 0, 0, 0, '2015-08-27 09:17:42'),
(663, 70, 110, 0, 1, 0, 0, 0, 0, '2015-08-27 09:19:37'),
(664, 97, 107, 0, 1, 0, 0, 0, 0, '2015-08-27 09:25:46'),
(665, 32, 105, 0, 1, 0, 0, 0, 0, '2015-08-27 09:27:56'),
(666, 101, 105, 1, 1, 1, 1, 0, 371, '2015-08-27 09:28:47'),
(667, 123, 171, 0, 1, 0, 0, 0, 0, '2015-08-27 09:30:44'),
(668, 49, 150, 0, 1, 0, 0, 0, 0, '2015-08-27 09:31:07'),
(669, 23, 171, 0, 1, 0, 0, 0, 0, '2015-08-27 09:31:39'),
(670, 117, 96, 0, 1, 0, 0, 0, 0, '2015-08-27 09:32:47'),
(671, 50, 105, 1, 1, 0, 2, 260, 0, '2015-08-27 09:33:11'),
(672, 91, 171, 0, 1, 0, 0, 0, 0, '2015-08-27 09:34:31'),
(673, 81, 169, 0, 1, 0, 0, 0, 0, '2015-08-27 09:35:46'),
(674, 79, 105, 0, 1, 0, 0, 0, 0, '2015-08-27 09:36:42'),
(675, 53, 136, 0, 1, 0, 0, 0, 0, '2015-08-27 09:38:45'),
(676, 77, 176, 0, 1, 0, 0, 0, 0, '2015-08-27 09:41:21'),
(677, 92, 102, 0, 1, 0, 0, 0, 0, '2015-08-27 09:41:24'),
(678, 96, 171, 0, 1, 0, 0, 0, 0, '2015-08-27 09:43:37'),
(679, 116, 118, 0, 1, 0, 0, 0, 0, '2015-08-27 09:45:24'),
(680, 28, 136, 0, 1, 0, 0, 0, 0, '2015-08-27 09:45:34'),
(681, 90, 171, 0, 1, 0, 0, 0, 0, '2015-08-27 09:46:21'),
(682, 97, 110, 0, 1, 0, 0, 0, 0, '2015-08-27 09:46:28'),
(683, 116, 136, 0, 1, 0, 0, 0, 0, '2015-08-27 09:47:25'),
(684, 27, 150, 0, 1, 0, 0, 0, 0, '2015-08-27 09:47:28'),
(685, 36, 1, 1, 1, 0, 2, 300, 0, '2015-08-27 09:47:41'),
(686, 110, 118, 0, 1, 0, 0, 0, 0, '2015-08-27 09:47:54'),
(687, 89, 171, 0, 1, 0, 0, 0, 0, '2015-08-27 09:48:36'),
(688, 123, 135, 0, 1, 0, 0, 0, 0, '2015-08-27 09:50:36'),
(689, 94, 171, 0, 1, 0, 0, 0, 0, '2015-08-27 09:52:08'),
(690, 117, 102, 1, 1, 1, 1, 0, 997, '2015-08-27 09:57:07'),
(691, 47, 176, 0, 1, 0, 0, 0, 0, '2015-08-27 09:59:00'),
(692, 51, 105, 1, 1, 1, 1, 0, 277, '2015-08-27 10:02:59'),
(693, 37, 136, 0, 1, 0, 0, 0, 0, '2015-08-27 10:03:26'),
(694, 27, 171, 0, 1, 0, 0, 0, 0, '2015-08-27 10:10:27'),
(695, 108, 118, 0, 1, 0, 0, 0, 0, '2015-08-27 10:13:22'),
(696, 25, 179, 0, 1, 0, 0, 0, 0, '2015-08-27 10:19:25'),
(697, 61, 171, 0, 1, 0, 0, 0, 0, '2015-08-27 10:21:52'),
(698, 89, 161, 0, 1, 0, 0, 0, 0, '2015-08-27 10:24:03'),
(699, 49, 90, 0, 1, 0, 0, 0, 0, '2015-08-27 10:24:24'),
(700, 125, 176, 0, 1, 0, 0, 0, 0, '2015-08-27 10:24:26'),
(701, 97, 128, 0, 1, 0, 0, 0, 0, '2015-08-27 10:24:29'),
(702, 87, 171, 0, 1, 0, 0, 0, 0, '2015-08-27 10:25:39'),
(703, 56, 107, 0, 1, 0, 0, 0, 0, '2015-08-27 10:26:38'),
(704, 39, 179, 0, 1, 0, 0, 0, 0, '2015-08-27 10:28:15'),
(705, 98, 171, 0, 1, 0, 0, 0, 0, '2015-08-27 10:28:48'),
(706, 77, 171, 0, 1, 0, 0, 0, 0, '2015-08-27 10:31:41'),
(707, 98, 161, 0, 1, 0, 0, 0, 0, '2015-08-27 10:32:27'),
(708, 56, 171, 0, 1, 0, 0, 0, 0, '2015-08-27 10:34:34'),
(709, 79, 171, 1, 1, 0, 0, 0, 0, '2015-08-27 10:36:51'),
(710, 37, 90, 0, 1, 0, 0, 0, 0, '2015-08-27 10:40:43'),
(711, 70, 171, 0, 1, 0, 0, 0, 0, '2015-08-27 10:44:04'),
(712, 95, 171, 0, 1, 0, 0, 0, 0, '2015-08-27 10:44:17'),
(713, 43, 171, 0, 1, 0, 0, 0, 0, '2015-08-27 10:51:36'),
(714, 42, 171, 0, 1, 0, 0, 0, 0, '2015-08-27 10:53:02'),
(715, 44, 171, 0, 1, 0, 0, 0, 0, '2015-08-27 10:57:42'),
(716, 79, 102, 0, 1, 0, 0, 0, 0, '2015-08-27 10:59:52'),
(717, 52, 171, 0, 1, 0, 0, 0, 0, '2015-08-27 11:00:38'),
(718, 61, 102, 0, 1, 0, 0, 0, 0, '2015-08-27 11:02:11'),
(763, 42, 105, 0, 1, 0, 0, 0, 0, '2015-08-28 04:58:16'),
(720, 31, 171, 0, 1, 0, 0, 0, 0, '2015-08-27 11:04:18'),
(721, 72, 173, 0, 1, 0, 0, 0, 0, '2015-08-27 11:08:46'),
(722, 66, 135, 0, 1, 0, 0, 0, 0, '2015-08-27 11:09:56'),
(723, 50, 171, 0, 1, 0, 0, 0, 0, '2015-08-27 11:13:24'),
(724, 51, 171, 0, 1, 0, 0, 0, 0, '2015-08-27 11:17:38'),
(725, 94, 128, 0, 1, 0, 0, 0, 0, '2015-08-27 11:21:42'),
(726, 29, 171, 0, 1, 0, 0, 0, 0, '2015-08-27 11:22:06'),
(762, 27, 105, 0, 1, 0, 0, 0, 0, '2015-08-28 04:57:17'),
(728, 66, 90, 0, 1, 0, 0, 0, 0, '2015-08-27 11:36:27'),
(729, 113, 171, 1, 1, 1, 1, 0, 652, '2015-08-27 11:54:41'),
(730, 64, 128, 0, 1, 0, 0, 0, 0, '2015-08-27 11:59:58'),
(731, 61, 128, 0, 1, 0, 0, 0, 0, '2015-08-27 12:01:31'),
(732, 66, 128, 0, 1, 0, 0, 0, 0, '2015-08-27 12:03:10'),
(733, 88, 128, 0, 1, 0, 0, 0, 0, '2015-08-27 12:05:29'),
(734, 129, 128, 0, 1, 0, 0, 0, 0, '2015-08-27 12:07:51'),
(735, 65, 128, 0, 1, 0, 0, 0, 0, '2015-08-27 12:11:06'),
(736, 29, 128, 0, 1, 0, 0, 0, 0, '2015-08-27 12:16:08'),
(737, 112, 140, 0, 1, 0, 0, 0, 0, '2015-08-27 12:16:34'),
(738, 113, 102, 1, 1, 1, 1, 0, 656, '2015-08-27 12:41:14'),
(739, 25, 161, 0, 1, 0, 0, 0, 0, '2015-08-27 12:41:15'),
(740, 79, 90, 0, 1, 0, 0, 0, 0, '2015-08-27 12:43:12'),
(741, 27, 102, 1, 1, 1, 1, 0, 344, '2015-08-27 12:43:27'),
(742, 42, 102, 1, 1, 1, 1, 0, 139, '2015-08-27 12:44:05'),
(743, 120, 102, 1, 1, 0, 2, 50, 0, '2015-08-27 12:49:46'),
(744, 21, 102, 1, 1, 1, 1, 0, 111, '2015-08-27 12:50:35'),
(745, 90, 102, 0, 1, 0, 0, 0, 0, '2015-08-27 12:51:22'),
(746, 129, 102, 1, 1, 0, 2, 2765, 0, '2015-08-27 12:51:47'),
(747, 23, 102, 1, 1, 1, 1, 0, 567, '2015-08-27 12:54:09'),
(748, 114, 102, 0, 1, 0, 0, 0, 0, '2015-08-27 12:59:01'),
(749, 66, 173, 0, 1, 0, 0, 0, 0, '2015-08-27 13:18:19'),
(750, 76, 90, 0, 1, 0, 0, 0, 0, '2015-08-27 13:22:23'),
(751, 39, 135, 0, 1, 0, 0, 0, 0, '2015-08-27 13:35:21'),
(761, 72, 169, 0, 1, 0, 0, 0, 0, '2015-08-28 01:52:56'),
(753, 45, 146, 0, 1, 0, 0, 0, 0, '2015-08-27 13:41:45'),
(754, 63, 133, 1, 1, 0, 0, 0, 0, '2015-08-27 13:43:54'),
(755, 105, 169, 0, 1, 0, 0, 0, 0, '2015-08-27 13:51:30'),
(760, 97, 169, 0, 1, 0, 0, 0, 0, '2015-08-28 01:42:50'),
(757, 117, 110, 0, 1, 0, 0, 0, 0, '2015-08-27 14:03:55'),
(758, 127, 110, 0, 1, 0, 0, 0, 0, '2015-08-27 14:04:38'),
(759, 98, 110, 0, 1, 0, 0, 0, 0, '2015-08-27 14:05:54'),
(787, 103, 117, 0, 1, 0, 0, 0, 0, '2015-09-09 16:42:15'),
(788, 66, 117, 0, 1, 0, 0, 0, 0, '2015-09-09 17:03:08'),
(789, 105, 1, 0, 1, 0, 0, 0, 0, '2015-09-10 09:28:58'),
(790, 64, 171, 0, 1, 0, 0, 0, 0, '2015-09-10 14:53:17'),
(791, 59, 112, 0, 1, 0, 0, 0, 0, '2015-09-10 15:00:19'),
(792, 65, 171, 0, 1, 0, 0, 0, 0, '2015-09-10 15:13:55'),
(793, 43, 112, 0, 1, 0, 0, 0, 0, '2015-09-10 15:26:25'),
(794, 27, 112, 0, 1, 0, 0, 0, 0, '2015-09-10 15:37:43'),
(795, 129, 112, 0, 1, 0, 0, 0, 0, '2015-09-10 15:42:02'),
(796, 114, 112, 0, 1, 0, 0, 0, 0, '2015-09-10 15:42:41'),
(797, 98, 112, 0, 1, 0, 0, 0, 0, '2015-09-10 15:50:17'),
(798, 103, 188, 0, 1, 0, 0, 0, 0, '2015-09-11 11:10:34'),
(799, 108, 1, 0, 1, 0, 0, 0, 0, '2015-09-18 08:08:44'),
(800, 129, 1, 0, 1, 0, 0, 0, 0, '2015-09-18 08:10:22'),
(801, 52, 1, 0, 1, 0, 0, 0, 0, '2015-09-18 08:11:19'),
(802, 41, 1, 0, 1, 0, 0, 0, 0, '2015-09-20 08:35:56'),
(803, 63, 190, 0, 1, 0, 0, 0, 0, '2015-09-23 09:38:07'),
(804, 100, 190, 0, 1, 0, 0, 0, 0, '2015-09-23 09:50:32'),
(805, 123, 1, 0, 1, 0, 0, 0, 0, '2015-09-27 09:56:08'),
(806, 127, 1, 0, 1, 0, 0, 0, 0, '2015-10-04 20:25:26'),
(807, 118, 1, 0, 1, 0, 0, 0, 0, '2015-10-06 00:32:15'),
(808, 106, 192, 0, 1, 0, 0, 0, 0, '2015-10-06 18:55:41'),
(809, 105, 192, 0, 1, 0, 0, 0, 0, '2015-10-07 15:08:06'),
(810, 50, 192, 0, 1, 0, 0, 0, 0, '2015-10-07 15:10:56'),
(811, 39, 192, 0, 1, 0, 0, 0, 0, '2015-10-07 15:11:04'),
(812, 125, 112, 0, 1, 0, 0, 0, 0, '2015-10-08 06:58:05'),
(813, 132, 1, 1, 1, 0, 2, 36, 0, '2015-10-13 12:44:36'),
(814, 132, 2, 0, 1, 0, 0, 0, 0, '2015-10-13 17:18:24'),
(815, 107, 1, 0, 1, 0, 0, 0, 0, '2015-10-14 03:18:36'),
(816, 83, 1, 0, 1, 0, 0, 0, 0, '2015-10-14 03:34:26'),
(817, 133, 1, 1, 1, 1, 1, 0, 2700, '2015-10-14 04:23:38'),
(818, 149, 102, 0, 1, 0, 0, 0, 0, '2015-10-14 07:54:13'),
(819, 149, 132, 0, 1, 0, 0, 0, 0, '2015-10-14 07:55:39'),
(820, 146, 132, 0, 1, 0, 0, 0, 0, '2015-10-14 07:56:06'),
(821, 144, 2, 1, 1, 0, 2, 2405, 1800, '2015-10-14 07:56:56'),
(822, 138, 2, 0, 1, 0, 0, 0, 0, '2015-10-14 07:57:33'),
(823, 133, 102, 1, 1, 1, 1, 0, 3625, '2015-10-14 07:58:00'),
(824, 138, 102, 0, 1, 0, 0, 0, 0, '2015-10-14 08:00:07'),
(825, 144, 102, 0, 1, 0, 0, 0, 0, '2015-10-14 08:00:28'),
(826, 152, 102, 0, 1, 0, 0, 0, 0, '2015-10-14 08:27:41'),
(827, 152, 132, 0, 1, 0, 0, 0, 0, '2015-10-14 08:27:53'),
(828, 133, 2, 1, 1, 1, 1, 0, 3600, '2015-10-14 08:39:58'),
(829, 146, 2, 1, 1, 1, 1, 0, 357, '2015-10-14 08:53:43'),
(830, 22, 193, 0, 1, 0, 0, 0, 0, '2015-10-14 14:38:41'),
(831, 121, 193, 0, 1, 0, 0, 0, 0, '2015-10-14 14:39:33'),
(832, 55, 193, 0, 1, 0, 0, 0, 0, '2015-10-14 14:40:01'),
(833, 74, 193, 0, 1, 0, 0, 0, 0, '2015-10-14 14:40:32'),
(834, 54, 193, 0, 1, 0, 0, 0, 0, '2015-10-14 14:41:20'),
(835, 143, 2, 0, 1, 0, 0, 0, 0, '2015-10-14 15:54:32'),
(836, 149, 2, 1, 1, 1, 1, 0, 57, '2015-10-14 16:07:46'),
(837, 137, 2, 0, 1, 0, 0, 0, 0, '2015-10-14 16:20:36'),
(838, 152, 2, 1, 1, 1, 1, 0, 181, '2015-10-14 16:21:53'),
(839, 146, 1, 1, 1, 1, 1, 0, 360, '2015-10-15 05:14:27'),
(840, 145, 1, 1, 1, 1, 1, 0, 101, '2015-10-15 05:14:35'),
(841, 143, 1, 0, 1, 0, 0, 0, 0, '2015-10-15 05:15:47'),
(842, 149, 1, 1, 1, 1, 1, 0, 51, '2015-10-15 07:20:13'),
(843, 144, 1, 1, 1, 1, 1, 0, 2400, '2015-10-15 07:29:11'),
(844, 135, 107, 0, 1, 0, 0, 0, 0, '2015-10-15 08:41:55'),
(845, 149, 107, 0, 1, 0, 0, 0, 0, '2015-10-15 08:42:22'),
(846, 150, 107, 0, 1, 0, 0, 0, 0, '2015-10-15 08:42:31'),
(847, 147, 107, 0, 1, 0, 0, 0, 0, '2015-10-15 08:44:20'),
(848, 134, 107, 0, 1, 0, 0, 0, 0, '2015-10-15 10:56:51'),
(849, 140, 107, 0, 1, 0, 0, 0, 0, '2015-10-15 10:57:22'),
(850, 152, 107, 0, 1, 0, 0, 0, 0, '2015-10-15 10:57:49'),
(851, 149, 194, 0, 1, 0, 0, 0, 0, '2015-10-15 11:27:06'),
(852, 134, 194, 0, 1, 0, 0, 0, 0, '2015-10-15 11:30:46'),
(853, 149, 146, 0, 1, 0, 0, 0, 0, '2015-10-15 13:58:38'),
(854, 151, 146, 0, 1, 0, 0, 0, 0, '2015-10-15 14:00:13'),
(855, 135, 146, 0, 1, 0, 0, 0, 0, '2015-10-15 14:37:59'),
(856, 150, 1, 1, 1, 1, 1, 0, 18, '2015-10-15 15:08:42'),
(857, 147, 1, 1, 1, 1, 1, 0, 29, '2015-10-15 15:43:41'),
(858, 151, 1, 1, 1, 1, 1, 0, 27, '2015-10-15 19:31:11'),
(859, 137, 1, 1, 1, 1, 1, 0, 27, '2015-10-15 20:39:59'),
(860, 139, 1, 1, 1, 1, 1, 0, 32, '2015-10-15 20:40:28'),
(861, 135, 1, 1, 1, 1, 1, 0, 51, '2015-10-15 20:43:21'),
(862, 142, 1, 0, 1, 0, 0, 0, 0, '2015-10-15 20:45:15'),
(863, 152, 1, 1, 1, 1, 1, 0, 180, '2015-10-15 20:45:29'),
(864, 148, 1, 1, 1, 1, 1, 0, 21, '2015-10-15 20:46:14'),
(865, 134, 1, 1, 1, 1, 1, 0, 3011, '2015-10-15 20:47:36'),
(866, 150, 128, 0, 1, 0, 0, 0, 0, '2015-10-16 07:31:54'),
(867, 134, 128, 0, 1, 0, 0, 0, 0, '2015-10-16 07:35:08'),
(868, 149, 195, 0, 1, 0, 0, 0, 0, '2015-10-16 14:37:18'),
(869, 134, 195, 0, 1, 0, 0, 0, 0, '2015-10-16 14:39:08'),
(870, 151, 195, 0, 1, 0, 0, 0, 0, '2015-10-16 14:40:23'),
(871, 133, 195, 0, 1, 0, 0, 0, 0, '2015-10-16 14:40:51'),
(872, 140, 195, 0, 1, 0, 0, 0, 0, '2015-10-16 14:42:08'),
(873, 152, 195, 0, 1, 0, 0, 0, 0, '2015-10-16 14:42:56'),
(874, 144, 195, 0, 1, 0, 0, 0, 0, '2015-10-16 14:50:16'),
(875, 21, 195, 0, 1, 0, 0, 0, 0, '2015-10-16 14:53:06'),
(876, 64, 195, 0, 1, 0, 0, 0, 0, '2015-10-16 14:55:13'),
(877, 80, 195, 0, 1, 0, 0, 0, 0, '2015-10-16 14:56:26'),
(878, 77, 195, 0, 1, 0, 0, 0, 0, '2015-10-16 14:58:32'),
(879, 128, 195, 0, 1, 0, 0, 0, 0, '2015-10-16 14:59:40'),
(880, 104, 195, 0, 1, 0, 0, 0, 0, '2015-10-16 16:35:46'),
(881, 108, 195, 0, 1, 0, 0, 0, 0, '2015-10-16 16:37:45'),
(882, 77, 105, 0, 1, 0, 0, 0, 0, '2015-10-17 17:06:52'),
(883, 143, 129, 0, 1, 0, 0, 0, 0, '2015-10-18 07:38:48'),
(884, 142, 129, 0, 1, 0, 0, 0, 0, '2015-10-18 07:39:47'),
(885, 138, 129, 0, 1, 0, 0, 0, 0, '2015-10-18 07:41:11'),
(886, 133, 129, 0, 1, 0, 0, 0, 0, '2015-10-18 07:42:10'),
(887, 143, 193, 0, 1, 0, 0, 0, 0, '2015-10-18 11:02:38'),
(888, 140, 1, 1, 1, 0, 0, 0, 0, '2015-10-19 10:21:51'),
(889, 145, 2, 1, 1, 0, 2, 108, 102, '2015-10-19 14:54:39'),
(890, 147, 2, 1, 1, 0, 2, 39, 25, '2015-10-19 14:57:11'),
(891, 150, 2, 1, 1, 1, 1, 0, 24, '2015-10-19 14:59:15'),
(892, 151, 2, 1, 1, 0, 2, 30, 22, '2015-10-19 14:59:46'),
(893, 135, 2, 1, 1, 1, 1, 0, 73, '2015-10-19 15:00:05'),
(894, 139, 2, 1, 1, 1, 1, 0, 30, '2015-10-19 15:00:31'),
(895, 149, 196, 1, 1, 1, 1, 0, 35, '2015-10-20 08:10:53'),
(896, 150, 196, 1, 1, 1, 1, 0, 19, '2015-10-20 08:12:28'),
(897, 146, 197, 0, 1, 0, 0, 0, 0, '2015-10-20 08:15:14'),
(898, 152, 197, 0, 1, 0, 0, 0, 0, '2015-10-20 08:15:45'),
(899, 82, 197, 0, 1, 0, 0, 0, 0, '2015-10-20 08:18:10'),
(900, 147, 196, 1, 1, 1, 1, 0, 26, '2015-10-20 08:21:46'),
(901, 151, 196, 1, 1, 1, 1, 0, 23, '2015-10-20 08:22:34'),
(902, 135, 196, 1, 1, 1, 1, 0, 47, '2015-10-20 08:23:53'),
(903, 148, 196, 1, 1, 1, 1, 0, 22, '2015-10-20 08:24:45'),
(904, 137, 196, 1, 1, 1, 1, 0, 28, '2015-10-20 08:25:35'),
(905, 139, 196, 1, 1, 1, 1, 0, 31, '2015-10-20 08:26:19'),
(906, 133, 196, 1, 1, 1, 1, 0, 1819, '2015-10-20 08:27:46'),
(907, 144, 196, 1, 1, 1, 1, 0, 838, '2015-10-20 08:29:30'),
(908, 19, 153, 0, 1, 0, 0, 0, 0, '2015-10-20 08:48:54'),
(909, 23, 153, 0, 1, 0, 0, 0, 0, '2015-10-20 08:50:22'),
(910, 102, 161, 0, 1, 0, 0, 0, 0, '2015-10-20 11:40:22'),
(911, 149, 103, 1, 1, 0, 2, 60, 55, '2015-10-20 11:54:06'),
(912, 139, 103, 1, 1, 0, 2, 33, 0, '2015-10-20 11:55:21'),
(913, 149, 199, 0, 1, 0, 0, 0, 0, '2015-10-20 13:40:09'),
(914, 134, 199, 1, 1, 0, 2, 3501, 3000, '2015-10-20 13:42:44'),
(915, 150, 198, 1, 1, 1, 1, 0, 25, '2015-10-20 14:22:32'),
(916, 149, 161, 0, 1, 0, 0, 0, 0, '2015-10-20 15:57:16'),
(917, 147, 161, 0, 1, 0, 0, 0, 0, '2015-10-20 15:58:44'),
(918, 64, 133, 0, 1, 0, 0, 0, 0, '2015-10-20 22:32:28'),
(919, 150, 133, 0, 1, 0, 0, 0, 0, '2015-10-20 22:33:44'),
(920, 137, 133, 0, 1, 0, 0, 0, 0, '2015-10-20 22:35:32'),
(921, 143, 133, 0, 1, 0, 0, 0, 0, '2015-10-20 22:37:23'),
(922, 134, 133, 0, 1, 0, 0, 0, 0, '2015-10-20 22:39:31'),
(923, 152, 133, 0, 1, 0, 0, 0, 0, '2015-10-20 22:40:29'),
(924, 146, 133, 0, 1, 0, 0, 0, 0, '2015-10-20 22:41:59'),
(925, 27, 133, 0, 1, 0, 0, 0, 0, '2015-10-20 22:46:14'),
(926, 39, 133, 0, 1, 0, 0, 0, 0, '2015-10-20 22:47:54'),
(927, 31, 133, 0, 1, 0, 0, 0, 0, '2015-10-20 22:49:54'),
(928, 99, 133, 0, 1, 0, 0, 0, 0, '2015-10-20 22:51:01'),
(929, 123, 133, 0, 1, 0, 0, 0, 0, '2015-10-20 22:54:10'),
(930, 66, 133, 0, 1, 0, 0, 0, 0, '2015-10-20 22:55:59'),
(931, 129, 133, 0, 1, 0, 0, 0, 0, '2015-10-20 22:57:25');
INSERT INTO `uirelation` (`id`, `item_id`, `user_id`, `favourite`, `viewed`, `notification`, `bid`, `bidded_amount`, `previous_biding`, `created_date`) VALUES
(932, 152, 135, 0, 1, 0, 0, 0, 0, '2015-10-21 04:48:11'),
(933, 146, 200, 0, 1, 0, 0, 0, 0, '2015-10-21 06:37:00'),
(934, 134, 201, 0, 1, 0, 0, 0, 0, '2015-10-21 07:19:59'),
(935, 133, 131, 1, 1, 0, 2, 3626, 3610, '2015-10-21 07:28:01'),
(936, 138, 131, 0, 1, 0, 0, 0, 0, '2015-10-21 07:31:01'),
(937, 144, 131, 1, 1, 1, 1, 0, 2403, '2015-10-21 07:35:26'),
(938, 142, 131, 0, 1, 0, 0, 0, 0, '2015-10-21 07:39:10'),
(939, 140, 201, 0, 1, 0, 0, 0, 0, '2015-10-21 08:29:52'),
(940, 146, 201, 0, 1, 0, 0, 0, 0, '2015-10-21 08:31:32'),
(941, 135, 199, 0, 1, 0, 0, 0, 0, '2015-10-21 09:36:35'),
(942, 149, 90, 1, 1, 1, 1, 0, 59, '2015-10-21 09:41:55'),
(943, 146, 199, 1, 1, 0, 2, 361, 358, '2015-10-21 09:44:17'),
(944, 150, 90, 1, 1, 1, 1, 0, 26, '2015-10-21 09:45:29'),
(945, 147, 90, 1, 1, 1, 1, 0, 35, '2015-10-21 09:49:02'),
(946, 135, 90, 1, 1, 0, 2, 74, 69, '2015-10-21 09:51:15'),
(947, 152, 90, 0, 1, 0, 0, 0, 0, '2015-10-21 09:58:47'),
(948, 150, 199, 0, 1, 0, 0, 0, 0, '2015-10-21 11:25:33'),
(949, 133, 199, 0, 1, 0, 0, 0, 0, '2015-10-21 11:27:51'),
(950, 133, 200, 0, 1, 0, 0, 0, 0, '2015-10-21 14:15:15'),
(951, 150, 118, 0, 1, 0, 0, 0, 0, '2015-10-22 02:00:39'),
(952, 144, 118, 0, 1, 0, 0, 0, 0, '2015-10-22 02:01:55'),
(953, 138, 118, 0, 1, 0, 0, 0, 0, '2015-10-22 02:02:21'),
(954, 133, 118, 0, 1, 0, 0, 0, 0, '2015-10-22 02:03:40'),
(955, 97, 202, 0, 1, 0, 0, 0, 0, '2015-10-22 04:27:55'),
(956, 140, 90, 1, 1, 1, 1, 0, 811, '2015-10-22 06:10:51'),
(957, 134, 2, 1, 1, 1, 1, 0, 3499, '2015-10-22 07:13:53'),
(958, 151, 90, 0, 1, 0, 0, 0, 0, '2015-10-22 08:47:26'),
(959, 137, 90, 0, 1, 0, 0, 0, 0, '2015-10-22 08:55:01'),
(960, 148, 90, 1, 1, 1, 1, 0, 27, '2015-10-22 08:56:33'),
(961, 84, 110, 0, 1, 0, 0, 0, 0, '2015-10-22 08:56:51'),
(962, 135, 198, 1, 1, 1, 1, 0, 72, '2015-10-22 09:33:55'),
(963, 133, 198, 0, 1, 0, 0, 0, 0, '2015-10-22 09:38:19'),
(964, 147, 198, 1, 1, 1, 1, 0, 38, '2015-10-22 09:40:29'),
(965, 149, 198, 1, 1, 1, 1, 0, 58, '2015-10-22 09:44:26'),
(966, 145, 102, 0, 1, 0, 0, 0, 0, '2015-10-22 10:39:36'),
(967, 152, 198, 0, 1, 0, 0, 0, 0, '2015-10-22 10:58:08'),
(968, 142, 198, 0, 1, 0, 0, 0, 0, '2015-10-22 10:58:41'),
(969, 145, 198, 0, 1, 0, 0, 0, 0, '2015-10-22 11:00:31'),
(970, 146, 198, 0, 1, 0, 0, 0, 0, '2015-10-22 11:02:29'),
(971, 140, 198, 0, 1, 0, 0, 0, 0, '2015-10-22 11:04:42'),
(972, 151, 198, 0, 1, 0, 0, 0, 0, '2015-10-22 11:07:21'),
(973, 150, 146, 0, 1, 0, 0, 0, 0, '2015-10-22 11:07:27'),
(974, 147, 146, 0, 1, 0, 0, 0, 0, '2015-10-22 11:08:05'),
(975, 30, 90, 0, 1, 0, 0, 0, 0, '2015-10-22 11:12:16'),
(976, 34, 90, 0, 1, 0, 0, 0, 0, '2015-10-22 11:22:02'),
(977, 144, 103, 1, 1, 1, 1, 0, 2401, '2015-10-22 12:02:03'),
(978, 145, 103, 1, 1, 1, 1, 0, 103, '2015-10-22 12:02:48'),
(979, 150, 103, 1, 1, 0, 2, 27, 22, '2015-10-22 12:04:06'),
(980, 147, 103, 1, 1, 1, 1, 0, 37, '2015-10-22 12:05:03'),
(981, 151, 103, 1, 1, 1, 1, 0, 28, '2015-10-22 12:05:22'),
(982, 135, 103, 1, 1, 1, 1, 0, 65, '2015-10-22 12:05:50'),
(983, 148, 103, 1, 1, 0, 2, 28, 0, '2015-10-22 12:06:23'),
(984, 137, 103, 1, 1, 0, 2, 29, 0, '2015-10-22 12:07:02'),
(985, 152, 103, 0, 1, 0, 2, 182, 0, '2015-10-22 12:08:33'),
(986, 140, 2, 1, 1, 1, 2, 0, 815, '2015-10-22 12:17:10'),
(987, 140, 103, 1, 1, 1, 1, 0, 812, '2015-10-22 12:17:21'),
(988, 135, 102, 1, 1, 1, 1, 0, 55, '2015-10-22 12:30:15'),
(989, 150, 102, 0, 1, 0, 0, 0, 0, '2015-10-22 12:34:41'),
(990, 133, 90, 0, 1, 0, 0, 0, 0, '2015-10-22 13:05:32'),
(991, 146, 90, 0, 1, 0, 0, 0, 0, '2015-10-22 13:06:12'),
(992, 134, 198, 0, 1, 0, 0, 0, 0, '2015-10-22 13:08:16'),
(993, 133, 103, 0, 1, 0, 0, 0, 0, '2015-10-22 13:08:18'),
(994, 113, 201, 0, 1, 0, 0, 0, 0, '2015-10-22 14:21:52'),
(995, 115, 201, 0, 1, 0, 0, 0, 0, '2015-10-22 14:22:33'),
(996, 80, 201, 0, 1, 0, 0, 0, 0, '2015-10-22 14:24:30'),
(997, 145, 146, 0, 1, 0, 0, 0, 0, '2015-10-22 14:37:20'),
(998, 142, 171, 0, 1, 0, 0, 0, 0, '2015-10-22 15:54:02'),
(999, 149, 171, 0, 1, 0, 0, 0, 0, '2015-10-22 15:56:11'),
(1000, 150, 171, 0, 1, 0, 0, 0, 0, '2015-10-22 16:24:26'),
(1001, 147, 171, 0, 1, 0, 0, 0, 0, '2015-10-22 16:25:40'),
(1002, 135, 171, 0, 1, 0, 0, 0, 0, '2015-10-22 16:28:49'),
(1003, 137, 171, 0, 1, 0, 0, 0, 0, '2015-10-22 16:31:13'),
(1004, 133, 171, 0, 1, 0, 0, 0, 0, '2015-10-22 16:32:15'),
(1005, 143, 171, 0, 1, 0, 0, 0, 0, '2015-10-22 16:33:17'),
(1006, 33, 133, 0, 1, 0, 0, 0, 0, '2015-10-22 20:16:13'),
(1007, 30, 133, 0, 1, 0, 0, 0, 0, '2015-10-22 20:16:43'),
(1008, 97, 133, 0, 1, 0, 0, 0, 0, '2015-10-22 20:18:51'),
(1009, 94, 112, 0, 1, 0, 0, 0, 0, '2015-10-23 07:13:57'),
(1010, 142, 112, 0, 1, 0, 0, 0, 0, '2015-10-23 07:21:40'),
(1011, 76, 199, 0, 1, 0, 0, 0, 0, '2015-10-23 10:19:39'),
(1012, 92, 199, 0, 1, 0, 0, 0, 0, '2015-10-23 10:21:16'),
(1013, 61, 133, 0, 1, 0, 0, 0, 0, '2015-10-24 17:45:24'),
(1014, 98, 201, 0, 1, 0, 0, 0, 0, '2015-10-28 04:45:06'),
(1015, 157, 198, 1, 1, 1, 1, 0, 41, '2015-10-28 05:12:07'),
(1016, 154, 1, 1, 1, 1, 1, 0, 368, '2015-10-28 05:38:30'),
(1017, 156, 1, 1, 1, 0, 2, 2000, 0, '2015-10-28 05:39:11'),
(1018, 153, 1, 1, 1, 0, 2, 126, 121, '2015-10-28 05:39:43'),
(1019, 159, 1, 0, 1, 0, 0, 0, 0, '2015-10-28 05:57:12'),
(1020, 156, 102, 0, 1, 0, 0, 0, 0, '2015-10-28 06:08:19'),
(1021, 158, 102, 1, 1, 1, 1, 0, 2803, '2015-10-28 06:43:50'),
(1022, 159, 102, 0, 1, 0, 0, 0, 0, '2015-10-28 06:44:03'),
(1023, 160, 102, 0, 1, 0, 0, 0, 0, '2015-10-28 06:44:12'),
(1024, 158, 103, 0, 1, 0, 0, 0, 0, '2015-10-28 06:54:47'),
(1025, 161, 102, 0, 1, 0, 0, 0, 0, '2015-10-28 06:56:55'),
(1026, 153, 102, 0, 1, 0, 0, 0, 0, '2015-10-28 06:57:07'),
(1027, 157, 102, 1, 1, 1, 1, 0, 65, '2015-10-28 06:57:35'),
(1028, 155, 90, 1, 1, 0, 2, 899, 0, '2015-10-28 07:14:46'),
(1029, 159, 103, 0, 1, 0, 0, 0, 0, '2015-10-28 07:20:20'),
(1030, 158, 198, 1, 1, 0, 2, 5385, 4202, '2015-10-28 07:33:49'),
(1031, 154, 103, 0, 1, 0, 0, 0, 0, '2015-10-28 07:42:33'),
(1032, 155, 103, 0, 1, 0, 0, 0, 0, '2015-10-28 07:43:09'),
(1033, 153, 198, 1, 1, 1, 1, 0, 125, '2015-10-28 07:43:57'),
(1034, 157, 103, 0, 1, 0, 0, 0, 0, '2015-10-28 07:44:20'),
(1035, 154, 198, 1, 1, 1, 1, 0, 357, '2015-10-28 07:45:11'),
(1036, 159, 198, 1, 1, 0, 2, 8576, 0, '2015-10-28 09:13:16'),
(1037, 158, 1, 1, 1, 1, 1, 0, 4203, '2015-10-28 09:15:59'),
(1038, 158, 90, 0, 1, 0, 0, 0, 0, '2015-10-28 10:41:26'),
(1039, 156, 90, 0, 1, 0, 0, 0, 0, '2015-10-28 10:43:50'),
(1040, 160, 198, 1, 1, 0, 2, 3500, 0, '2015-10-28 11:39:06'),
(1041, 157, 1, 1, 1, 1, 1, 0, 42, '2015-10-28 13:44:12'),
(1042, 155, 1, 1, 1, 1, 1, 0, 816, '2015-10-28 13:46:55'),
(1043, 156, 203, 0, 1, 0, 0, 0, 0, '2015-10-28 14:19:56'),
(1044, 160, 1, 0, 1, 0, 0, 0, 0, '2015-10-28 14:59:15'),
(1045, 161, 1, 1, 1, 0, 2, 3179, 0, '2015-10-28 15:00:42'),
(1046, 155, 198, 1, 1, 1, 1, 0, 817, '2015-10-28 15:41:35'),
(1047, 161, 146, 0, 1, 0, 0, 0, 0, '2015-10-28 18:08:17'),
(1048, 153, 146, 0, 1, 0, 0, 0, 0, '2015-10-28 18:09:48'),
(1049, 160, 146, 0, 1, 0, 0, 0, 0, '2015-10-28 18:12:32'),
(1050, 157, 146, 0, 1, 0, 0, 0, 0, '2015-10-28 18:13:43'),
(1051, 156, 131, 0, 1, 0, 0, 0, 0, '2015-10-28 18:47:22'),
(1052, 161, 206, 0, 1, 0, 0, 0, 0, '2015-10-29 05:41:33'),
(1053, 64, 206, 0, 1, 0, 0, 0, 0, '2015-10-29 05:45:46'),
(1054, 80, 206, 0, 1, 0, 0, 0, 0, '2015-10-29 05:48:25'),
(1055, 91, 206, 0, 1, 0, 0, 0, 0, '2015-10-29 05:51:00'),
(1056, 61, 206, 0, 1, 0, 0, 0, 0, '2015-10-29 05:52:56'),
(1057, 77, 206, 0, 1, 0, 0, 0, 0, '2015-10-29 05:55:12'),
(1058, 128, 206, 0, 1, 0, 0, 0, 0, '2015-10-29 05:55:55'),
(1059, 67, 206, 0, 1, 0, 0, 0, 0, '2015-10-29 05:57:17'),
(1060, 159, 161, 0, 1, 0, 0, 0, 0, '2015-10-29 11:51:43'),
(1061, 161, 107, 0, 1, 0, 0, 0, 0, '2015-10-29 12:30:24'),
(1062, 153, 107, 0, 1, 0, 0, 0, 0, '2015-10-29 12:30:58'),
(1063, 155, 107, 0, 1, 0, 0, 0, 0, '2015-10-29 12:34:09'),
(1064, 159, 107, 0, 1, 0, 0, 0, 0, '2015-10-29 12:35:41'),
(1065, 155, 206, 0, 1, 0, 0, 0, 0, '2015-10-29 12:50:18'),
(1066, 156, 199, 0, 1, 0, 0, 0, 0, '2015-10-30 07:16:53'),
(1067, 161, 199, 0, 1, 0, 0, 0, 0, '2015-10-30 07:17:21'),
(1068, 154, 90, 0, 1, 0, 0, 0, 0, '2015-10-30 07:25:02'),
(1069, 157, 90, 1, 1, 0, 2, 90, 60, '2015-10-30 07:26:06'),
(1070, 158, 132, 0, 1, 0, 0, 0, 0, '2015-10-30 08:09:35'),
(1071, 155, 102, 0, 1, 0, 0, 0, 0, '2015-10-30 10:02:19'),
(1072, 134, 102, 0, 1, 0, 0, 0, 0, '2015-10-30 10:57:09'),
(1073, 161, 132, 0, 1, 0, 0, 0, 0, '2015-10-30 11:02:44'),
(1074, 158, 118, 0, 1, 0, 0, 0, 0, '2015-10-30 11:38:10'),
(1075, 154, 118, 1, 1, 0, 2, 451, 411, '2015-10-30 11:38:54'),
(1076, 157, 118, 0, 1, 0, 0, 0, 0, '2015-10-30 11:39:48'),
(1077, 153, 118, 0, 1, 0, 0, 0, 0, '2015-10-30 11:47:54'),
(1078, 154, 102, 1, 1, 1, 1, 0, 412, '2015-10-30 11:51:36'),
(1079, 159, 118, 0, 1, 0, 0, 0, 0, '2015-10-30 11:56:12'),
(1080, 155, 118, 0, 1, 0, 0, 0, 0, '2015-10-30 12:04:34'),
(1081, 161, 198, 0, 1, 0, 0, 0, 0, '2015-10-30 12:34:06'),
(1082, 160, 96, 0, 1, 0, 0, 0, 0, '2015-10-30 18:37:01'),
(1083, 154, 96, 0, 1, 0, 0, 0, 0, '2015-10-30 18:40:07'),
(1084, 157, 96, 0, 1, 0, 0, 0, 0, '2015-10-30 18:43:29'),
(1085, 155, 96, 0, 1, 0, 0, 0, 0, '2015-10-30 18:45:05'),
(1086, 153, 96, 0, 1, 0, 0, 0, 0, '2015-10-30 18:47:35'),
(1087, 161, 96, 0, 1, 0, 0, 0, 0, '2015-10-30 18:48:47'),
(1088, 156, 96, 0, 1, 0, 0, 0, 0, '2015-10-30 18:50:51'),
(1089, 159, 96, 0, 1, 0, 0, 0, 0, '2015-10-30 18:52:28'),
(1090, 165, 1, 1, 1, 0, 2, 901, 0, '2015-10-31 09:22:11'),
(1091, 163, 198, 0, 1, 0, 0, 0, 0, '2015-10-31 09:28:38'),
(1092, 162, 1, 0, 1, 0, 0, 0, 0, '2015-10-31 09:51:03'),
(1093, 162, 133, 0, 1, 0, 0, 0, 0, '2015-10-31 12:10:06'),
(1094, 166, 133, 0, 1, 0, 0, 0, 0, '2015-10-31 12:11:46'),
(1095, 169, 133, 0, 1, 0, 0, 0, 0, '2015-10-31 12:12:58'),
(1096, 170, 118, 0, 1, 0, 0, 0, 0, '2015-10-31 13:33:05'),
(1097, 162, 206, 0, 1, 0, 0, 0, 0, '2015-11-01 10:55:38'),
(1098, 169, 206, 0, 1, 0, 0, 0, 0, '2015-11-01 10:57:06'),
(1099, 167, 132, 0, 1, 0, 0, 0, 0, '2015-11-02 05:30:38'),
(1100, 170, 132, 1, 1, 0, 2, 32, 0, '2015-11-02 05:36:30'),
(1101, 164, 132, 1, 1, 1, 1, 0, 46, '2015-11-02 05:39:39'),
(1102, 170, 1, 0, 1, 0, 0, 0, 0, '2015-11-02 05:42:07'),
(1103, 163, 102, 0, 1, 0, 0, 0, 0, '2015-11-02 07:40:17'),
(1104, 170, 102, 0, 1, 0, 0, 0, 0, '2015-11-02 07:40:36'),
(1105, 162, 102, 0, 1, 0, 0, 0, 0, '2015-11-02 07:41:08'),
(1106, 168, 198, 0, 1, 0, 0, 0, 0, '2015-11-02 10:32:23'),
(1107, 165, 198, 0, 1, 0, 0, 0, 0, '2015-11-02 10:33:14'),
(1108, 162, 207, 0, 1, 0, 0, 0, 0, '2015-11-02 11:42:33'),
(1109, 133, 207, 0, 1, 0, 0, 0, 0, '2015-11-02 11:51:02'),
(1110, 163, 136, 0, 1, 0, 0, 0, 0, '2015-11-02 14:20:31'),
(1111, 165, 136, 0, 1, 0, 0, 0, 0, '2015-11-02 14:21:43'),
(1112, 171, 136, 0, 1, 0, 0, 0, 0, '2015-11-02 14:22:36'),
(1113, 170, 198, 0, 1, 0, 0, 0, 0, '2015-11-02 15:32:46'),
(1114, 171, 198, 0, 1, 0, 0, 0, 0, '2015-11-02 15:33:23'),
(1115, 167, 198, 0, 1, 0, 0, 0, 0, '2015-11-02 15:34:55'),
(1116, 164, 198, 0, 1, 0, 0, 0, 0, '2015-11-02 15:36:21'),
(1117, 164, 131, 0, 1, 0, 0, 0, 0, '2015-11-03 03:01:36'),
(1118, 163, 131, 0, 1, 0, 0, 0, 0, '2015-11-03 03:02:27'),
(1119, 165, 131, 0, 1, 0, 0, 0, 0, '2015-11-03 03:03:30'),
(1120, 167, 131, 0, 1, 0, 0, 0, 0, '2015-11-03 03:04:44'),
(1121, 154, 131, 0, 1, 0, 0, 0, 0, '2015-11-03 03:06:33'),
(1122, 163, 107, 0, 1, 0, 0, 0, 0, '2015-11-03 08:50:57'),
(1123, 165, 107, 0, 1, 0, 0, 0, 0, '2015-11-03 08:51:58'),
(1124, 171, 107, 0, 1, 0, 0, 0, 0, '2015-11-03 08:52:39'),
(1125, 168, 107, 0, 1, 0, 0, 0, 0, '2015-11-03 08:53:23'),
(1126, 166, 1, 0, 1, 0, 0, 0, 0, '2015-11-03 14:38:03'),
(1127, 171, 1, 0, 1, 0, 0, 0, 0, '2015-11-03 14:38:41'),
(1128, 169, 1, 0, 1, 0, 0, 0, 0, '2015-11-03 14:39:46'),
(1129, 164, 1, 1, 1, 0, 2, 47, 0, '2015-11-03 18:39:43'),
(1130, 170, 90, 0, 1, 0, 0, 0, 0, '2015-11-03 19:39:21'),
(1131, 171, 90, 0, 1, 0, 0, 0, 0, '2015-11-03 19:41:02'),
(1132, 168, 1, 1, 1, 0, 2, 142, 0, '2015-11-04 06:03:18'),
(1133, 163, 1, 1, 1, 0, 2, 3501, 0, '2015-11-04 06:06:10'),
(1134, 162, 115, 0, 1, 0, 0, 0, 0, '2015-11-04 08:09:12'),
(1135, 163, 115, 0, 1, 0, 0, 0, 0, '2015-11-04 08:09:56'),
(1136, 169, 115, 0, 1, 0, 0, 0, 0, '2015-11-04 08:10:38'),
(1137, 168, 132, 0, 1, 0, 0, 0, 0, '2015-11-04 09:01:06'),
(1138, 169, 207, 0, 1, 0, 0, 0, 0, '2015-11-04 10:35:15'),
(1139, 158, 207, 0, 1, 0, 0, 0, 0, '2015-11-04 10:38:23'),
(1140, 162, 103, 0, 1, 0, 0, 0, 0, '2015-11-04 11:58:59'),
(1141, 166, 103, 0, 1, 0, 0, 0, 0, '2015-11-04 11:59:59'),
(1142, 169, 103, 0, 1, 0, 0, 0, 0, '2015-11-04 12:01:54'),
(1143, 167, 1, 1, 1, 0, 2, 285, 0, '2015-11-04 12:05:28'),
(1144, 170, 96, 0, 1, 0, 0, 0, 0, '2015-11-05 06:54:25'),
(1145, 165, 96, 0, 1, 0, 0, 0, 0, '2015-11-05 06:55:13'),
(1146, 162, 90, 0, 1, 0, 0, 0, 0, '2015-11-05 07:34:27'),
(1147, 156, 207, 0, 1, 0, 0, 0, 0, '2015-11-05 07:48:05'),
(1148, 171, 105, 0, 1, 0, 0, 0, 0, '2015-11-05 08:01:29'),
(1149, 162, 146, 0, 1, 0, 0, 0, 0, '2015-11-05 10:19:26'),
(1150, 171, 146, 0, 1, 0, 0, 0, 0, '2015-11-05 10:22:37'),
(1151, 169, 146, 0, 1, 0, 0, 0, 0, '2015-11-05 10:24:14'),
(1152, 164, 129, 0, 1, 0, 0, 0, 0, '2015-11-05 21:25:50'),
(1153, 165, 129, 0, 1, 0, 0, 0, 0, '2015-11-05 21:29:04'),
(1154, 162, 199, 0, 1, 0, 0, 0, 0, '2015-11-06 05:13:11'),
(1155, 163, 199, 0, 1, 0, 0, 0, 0, '2015-11-06 05:15:59'),
(1156, 165, 90, 0, 1, 0, 0, 0, 0, '2015-11-06 10:15:25'),
(1157, 163, 132, 0, 1, 0, 0, 0, 0, '2015-11-06 12:30:42'),
(1158, 153, 90, 0, 1, 0, 0, 0, 0, '2015-11-07 19:51:05'),
(1159, 172, 209, 0, 1, 0, 0, 0, 0, '2015-11-09 17:18:09'),
(1160, 172, 1, 0, 1, 0, 0, 0, 0, '2015-11-15 13:35:40'),
(1161, 144, 210, 0, 1, 0, 0, 0, 0, '2015-11-15 20:16:39'),
(1162, 154, 210, 0, 1, 0, 0, 0, 0, '2015-11-15 20:21:35'),
(1163, 167, 210, 0, 1, 0, 0, 0, 0, '2015-11-15 20:24:49'),
(1164, 164, 210, 0, 1, 0, 0, 0, 0, '2015-11-15 20:28:26'),
(1165, 133, 210, 0, 1, 0, 0, 0, 0, '2015-11-15 20:33:04'),
(1166, 156, 210, 0, 1, 0, 0, 0, 0, '2015-11-15 20:36:47'),
(1167, 174, 199, 0, 1, 0, 0, 0, 0, '2015-11-19 10:47:27'),
(1168, 186, 102, 1, 1, 0, 2, 2350, 2201, '2015-11-20 08:34:04'),
(1169, 187, 102, 0, 1, 0, 0, 0, 0, '2015-11-20 08:34:26'),
(1170, 175, 102, 0, 1, 0, 0, 0, 0, '2015-11-20 08:34:36'),
(1171, 176, 102, 0, 1, 0, 0, 0, 0, '2015-11-20 08:34:47'),
(1172, 177, 102, 0, 1, 0, 0, 0, 0, '2015-11-20 08:35:56'),
(1173, 178, 102, 0, 1, 0, 0, 0, 0, '2015-11-20 08:36:12'),
(1174, 183, 1, 1, 1, 0, 2, 405, 0, '2015-11-20 10:41:45'),
(1175, 175, 118, 0, 1, 0, 0, 0, 0, '2015-11-20 10:56:28'),
(1176, 183, 118, 0, 1, 0, 0, 0, 0, '2015-11-20 10:56:58'),
(1177, 183, 140, 0, 1, 0, 0, 0, 0, '2015-11-20 11:22:00'),
(1178, 174, 198, 0, 1, 0, 0, 0, 0, '2015-11-21 12:37:58'),
(1179, 187, 198, 0, 1, 0, 0, 0, 0, '2015-11-21 12:38:42'),
(1180, 178, 198, 0, 1, 0, 0, 0, 0, '2015-11-21 12:40:45'),
(1181, 177, 1, 1, 1, 0, 2, 1750, 0, '2015-11-22 07:27:03'),
(1182, 186, 1, 1, 1, 1, 1, 0, 2215, '2015-11-23 04:23:29'),
(1183, 178, 90, 0, 1, 0, 0, 0, 0, '2015-11-23 08:19:27'),
(1184, 177, 90, 0, 1, 0, 0, 0, 0, '2015-11-23 08:20:13'),
(1185, 176, 198, 0, 1, 0, 0, 0, 0, '2015-11-24 13:52:52'),
(1186, 179, 198, 0, 1, 0, 0, 0, 0, '2015-11-24 14:20:32'),
(1187, 178, 1, 1, 1, 0, 2, 40, 0, '2015-11-24 21:07:44'),
(1188, 185, 1, 1, 1, 0, 2, 339, 0, '2015-11-24 22:41:16'),
(1189, 185, 0, 0, 1, 0, 0, 0, 0, '2015-11-24 22:47:58'),
(1190, 178, 0, 0, 1, 0, 0, 0, 0, '2015-11-24 22:49:39'),
(1191, 176, 1, 1, 1, 0, 2, 11, 0, '2015-11-25 05:14:28'),
(1192, 181, 1, 1, 1, 0, 2, 165, 0, '2015-11-25 05:15:59'),
(1193, 182, 1, 1, 1, 0, 2, 33, 0, '2015-11-25 05:16:27'),
(1194, 174, 1, 1, 1, 0, 2, 46, 0, '2015-11-25 05:17:21'),
(1195, 179, 1, 1, 1, 0, 2, 100, 0, '2015-11-25 05:18:30'),
(1196, 180, 1, 1, 1, 0, 2, 125, 0, '2015-11-25 05:18:51'),
(1197, 187, 1, 0, 1, 0, 0, 0, 0, '2015-11-25 05:25:04'),
(1198, 184, 199, 0, 1, 0, 0, 0, 0, '2015-11-25 11:34:00'),
(1199, 186, 199, 0, 1, 0, 0, 0, 0, '2015-11-25 11:34:32'),
(1200, 179, 199, 0, 1, 0, 0, 0, 0, '2015-11-25 12:18:38'),
(1201, 187, 199, 1, 1, 0, 2, 879, 0, '2015-11-27 09:08:48'),
(1202, 188, 199, 1, 1, 0, 2, 3737, 0, '2015-11-27 09:11:06'),
(1203, 188, 1, 0, 1, 0, 0, 0, 0, '2015-11-28 18:26:50'),
(1204, 175, 1, 0, 1, 0, 0, 0, 0, '2015-11-29 05:43:38'),
(1205, 174, 90, 0, 1, 0, 0, 0, 0, '2015-12-01 08:00:28'),
(1206, 176, 112, 0, 1, 0, 0, 0, 0, '2015-12-04 08:36:20'),
(1207, 173, 112, 0, 1, 0, 0, 0, 0, '2015-12-04 08:37:07'),
(1208, 187, 112, 0, 1, 0, 0, 0, 0, '2015-12-04 08:39:31'),
(1209, 175, 112, 0, 1, 0, 0, 0, 0, '2015-12-04 08:45:31'),
(1210, 185, 210, 0, 1, 0, 0, 0, 0, '2015-12-11 14:59:44'),
(1211, 183, 210, 0, 1, 0, 0, 0, 0, '2015-12-11 15:00:04'),
(1212, 158, 210, 0, 1, 0, 0, 0, 0, '2015-12-11 15:02:51'),
(1213, 172, 216, 0, 1, 0, 0, 0, 0, '2015-12-15 13:22:00'),
(1214, 155, 210, 0, 1, 0, 0, 0, 0, '2015-12-17 17:47:22'),
(1215, 153, 210, 0, 1, 0, 0, 0, 0, '2015-12-17 17:51:22'),
(1216, 172, 218, 0, 1, 0, 0, 0, 0, '2015-12-18 07:17:59'),
(1217, 179, 219, 0, 1, 0, 0, 0, 0, '2015-12-23 11:44:59'),
(1218, 175, 219, 0, 1, 0, 0, 0, 0, '2015-12-23 11:45:45'),
(1219, 184, 219, 0, 1, 0, 0, 0, 0, '2015-12-26 06:31:42'),
(1220, 188, 219, 0, 1, 0, 0, 0, 0, '2015-12-26 06:34:08'),
(1221, 177, 219, 0, 1, 0, 0, 0, 0, '2015-12-26 06:46:07'),
(1222, 156, 219, 0, 1, 0, 0, 0, 0, '2015-12-26 06:50:25'),
(1223, 176, 219, 0, 1, 0, 0, 0, 0, '2015-12-26 07:16:05'),
(1224, 186, 219, 0, 1, 0, 0, 0, 0, '2015-12-28 07:17:41'),
(1225, 187, 219, 0, 1, 0, 0, 0, 0, '2015-12-28 07:19:16'),
(1226, 185, 219, 0, 1, 0, 0, 0, 0, '2015-12-28 07:22:51'),
(1227, 160, 209, 0, 1, 0, 0, 0, 0, '2016-01-07 01:05:59'),
(1228, 158, 209, 0, 1, 0, 0, 0, 0, '2016-01-07 01:06:10'),
(1229, 184, 1, 0, 1, 0, 0, 0, 0, '2016-01-08 05:47:22'),
(1230, 189, 1, 1, 1, 0, 2, 9790, 0, '2016-01-15 06:24:12'),
(1231, 193, 1, 1, 1, 0, 2, 603, 0, '2016-01-15 06:57:29'),
(1232, 190, 110, 0, 1, 0, 0, 0, 0, '2016-01-15 07:15:23'),
(1233, 191, 131, 0, 1, 0, 0, 0, 0, '2016-01-15 13:56:19'),
(1234, 201, 131, 0, 1, 0, 0, 0, 0, '2016-01-15 13:56:52'),
(1235, 201, 222, 0, 1, 0, 0, 0, 0, '2016-01-15 14:05:10'),
(1236, 189, 131, 0, 1, 0, 0, 0, 0, '2016-01-15 14:06:17'),
(1237, 190, 222, 0, 1, 0, 0, 0, 0, '2016-01-15 14:09:06'),
(1238, 206, 131, 0, 1, 0, 0, 0, 0, '2016-01-15 14:11:32'),
(1239, 201, 1, 1, 1, 0, 2, 3411, 0, '2016-01-15 14:12:15'),
(1240, 190, 131, 1, 1, 1, 1, 0, 311, '2016-01-15 14:12:31'),
(1241, 206, 222, 0, 1, 0, 0, 0, 0, '2016-01-15 14:13:13'),
(1242, 207, 222, 0, 1, 0, 0, 0, 0, '2016-01-15 14:14:03'),
(1243, 205, 223, 0, 1, 0, 0, 0, 0, '2016-01-15 14:15:44'),
(1244, 203, 222, 0, 1, 0, 0, 0, 0, '2016-01-15 14:15:54'),
(1245, 206, 223, 0, 1, 0, 0, 0, 0, '2016-01-15 14:16:27'),
(1246, 194, 223, 0, 1, 0, 0, 0, 0, '2016-01-15 14:17:29'),
(1247, 195, 223, 0, 1, 0, 0, 0, 0, '2016-01-15 14:18:47'),
(1248, 208, 223, 0, 1, 0, 0, 0, 0, '2016-01-15 14:19:10'),
(1249, 161, 223, 0, 1, 0, 0, 0, 0, '2016-01-15 14:21:45'),
(1250, 204, 223, 0, 1, 0, 0, 0, 0, '2016-01-15 14:25:21'),
(1251, 204, 1, 0, 1, 0, 0, 0, 0, '2016-01-15 14:35:44'),
(1252, 191, 1, 1, 1, 0, 2, 678, 370, '2016-01-15 14:36:22'),
(1253, 203, 1, 0, 1, 0, 0, 0, 0, '2016-01-15 16:50:41'),
(1254, 205, 1, 1, 1, 0, 2, 66, 0, '2016-01-15 16:50:58'),
(1255, 208, 1, 0, 1, 0, 0, 0, 0, '2016-01-15 16:51:24'),
(1256, 198, 1, 1, 1, 0, 2, 105, 0, '2016-01-15 16:51:45'),
(1257, 197, 1, 1, 1, 0, 2, 99, 85, '2016-01-15 16:52:49'),
(1258, 206, 1, 1, 1, 0, 2, 999, 0, '2016-01-15 16:53:49'),
(1259, 199, 1, 0, 1, 0, 0, 0, 0, '2016-01-15 16:54:04'),
(1260, 196, 1, 0, 1, 0, 0, 0, 0, '2016-01-15 16:57:53'),
(1261, 200, 1, 1, 1, 0, 2, 126, 0, '2016-01-15 16:58:06'),
(1262, 195, 1, 1, 1, 0, 2, 81, 0, '2016-01-15 16:58:47'),
(1263, 194, 1, 1, 1, 0, 2, 2351, 0, '2016-01-15 17:00:30'),
(1264, 194, 131, 0, 1, 0, 0, 0, 0, '2016-01-15 17:02:59'),
(1265, 201, 118, 0, 1, 0, 0, 0, 0, '2016-01-15 17:43:22'),
(1266, 189, 118, 0, 1, 0, 0, 0, 0, '2016-01-15 17:43:55'),
(1267, 205, 222, 0, 1, 0, 0, 0, 0, '2016-01-16 02:23:43'),
(1268, 194, 222, 0, 1, 0, 0, 0, 0, '2016-01-16 02:24:47'),
(1269, 204, 133, 0, 1, 0, 0, 0, 0, '2016-01-16 03:05:37'),
(1270, 205, 133, 0, 1, 0, 0, 0, 0, '2016-01-16 03:06:49'),
(1271, 208, 133, 0, 1, 0, 0, 0, 0, '2016-01-16 03:08:47'),
(1272, 191, 222, 0, 1, 0, 0, 0, 0, '2016-01-16 04:47:35'),
(1273, 189, 222, 0, 1, 0, 0, 0, 0, '2016-01-16 04:48:06'),
(1274, 202, 222, 0, 1, 0, 0, 0, 0, '2016-01-16 04:49:36'),
(1275, 190, 1, 1, 1, 0, 2, 312, 308, '2016-01-16 06:03:31'),
(1276, 207, 1, 0, 1, 0, 0, 0, 0, '2016-01-16 06:05:07'),
(1277, 189, 198, 0, 1, 0, 0, 0, 0, '2016-01-16 07:27:55'),
(1278, 195, 198, 0, 1, 0, 0, 0, 0, '2016-01-16 07:29:45'),
(1279, 209, 96, 1, 1, 1, 1, 0, 1400, '2016-01-16 07:59:27'),
(1280, 210, 96, 1, 1, 1, 1, 0, 1138, '2016-01-16 08:01:44'),
(1281, 206, 96, 0, 1, 0, 0, 0, 0, '2016-01-16 08:06:26'),
(1282, 209, 1, 0, 1, 0, 0, 0, 0, '2016-01-16 08:08:44'),
(1283, 196, 103, 0, 1, 0, 0, 0, 0, '2016-01-16 09:38:26'),
(1284, 189, 224, 0, 1, 0, 0, 0, 0, '2016-01-16 10:27:59'),
(1285, 211, 1, 0, 1, 0, 0, 0, 0, '2016-01-16 12:47:24'),
(1286, 192, 223, 0, 1, 0, 0, 0, 0, '2016-01-16 13:52:14'),
(1287, 202, 223, 0, 1, 0, 0, 0, 0, '2016-01-16 16:42:15'),
(1288, 209, 223, 0, 1, 0, 0, 0, 0, '2016-01-16 16:46:34'),
(1289, 210, 223, 0, 1, 0, 0, 0, 0, '2016-01-16 16:49:15'),
(1290, 211, 223, 0, 1, 0, 0, 0, 0, '2016-01-16 16:50:25'),
(1291, 159, 223, 0, 1, 0, 0, 0, 0, '2016-01-16 16:54:14'),
(1292, 187, 223, 0, 1, 0, 0, 0, 0, '2016-01-16 16:56:06'),
(1293, 180, 223, 0, 1, 0, 0, 0, 0, '2016-01-16 16:57:42'),
(1294, 186, 223, 0, 1, 0, 0, 0, 0, '2016-01-16 16:59:21'),
(1295, 188, 223, 0, 1, 0, 0, 0, 0, '2016-01-16 17:00:58'),
(1296, 211, 96, 1, 1, 0, 2, 1424, 1375, '2016-01-17 04:04:15'),
(1297, 199, 198, 0, 1, 0, 0, 0, 0, '2016-01-17 10:24:46'),
(1298, 209, 198, 0, 1, 0, 0, 0, 0, '2016-01-17 10:26:01'),
(1299, 211, 198, 0, 1, 0, 0, 0, 0, '2016-01-17 10:26:47'),
(1300, 203, 131, 0, 1, 0, 0, 0, 0, '2016-01-17 12:12:25'),
(1301, 195, 222, 0, 1, 0, 0, 0, 0, '2016-01-17 18:44:10'),
(1302, 210, 222, 0, 1, 0, 0, 0, 0, '2016-01-17 18:45:26'),
(1303, 211, 222, 0, 1, 0, 0, 0, 0, '2016-01-17 18:46:48'),
(1304, 190, 223, 0, 1, 0, 0, 0, 0, '2016-01-18 01:36:36'),
(1305, 208, 131, 0, 1, 0, 0, 0, 0, '2016-01-18 02:48:04'),
(1306, 157, 222, 0, 1, 0, 0, 0, 0, '2016-01-18 03:19:50'),
(1307, 178, 222, 0, 1, 0, 0, 0, 0, '2016-01-18 03:22:05'),
(1308, 197, 129, 0, 1, 0, 0, 0, 0, '2016-01-18 07:22:15'),
(1309, 190, 129, 0, 1, 0, 0, 0, 0, '2016-01-18 07:22:59'),
(1310, 202, 129, 0, 1, 0, 0, 0, 0, '2016-01-18 07:24:14'),
(1311, 201, 129, 0, 1, 0, 0, 0, 0, '2016-01-18 07:25:34'),
(1312, 191, 129, 0, 1, 0, 0, 0, 0, '2016-01-18 07:26:51'),
(1313, 193, 129, 0, 1, 0, 0, 0, 0, '2016-01-18 07:27:01'),
(1314, 189, 129, 0, 1, 0, 0, 0, 0, '2016-01-18 07:29:23'),
(1315, 210, 153, 0, 1, 0, 0, 0, 0, '2016-01-18 09:25:26'),
(1316, 207, 135, 0, 1, 0, 0, 0, 0, '2016-01-18 09:26:51'),
(1317, 209, 153, 0, 1, 0, 0, 0, 0, '2016-01-18 09:35:34'),
(1318, 206, 153, 0, 1, 0, 0, 0, 0, '2016-01-18 09:42:40'),
(1319, 204, 153, 0, 1, 0, 0, 0, 0, '2016-01-18 09:43:26'),
(1320, 211, 153, 0, 1, 0, 0, 0, 0, '2016-01-18 09:50:42'),
(1321, 203, 153, 0, 1, 0, 0, 0, 0, '2016-01-18 10:02:22'),
(1322, 191, 227, 0, 1, 0, 0, 0, 0, '2016-01-18 11:10:08'),
(1323, 189, 228, 0, 1, 0, 0, 0, 0, '2016-01-18 11:13:03'),
(1324, 204, 228, 0, 1, 0, 0, 0, 0, '2016-01-18 11:13:45'),
(1325, 201, 227, 0, 1, 0, 0, 0, 0, '2016-01-18 11:14:10'),
(1326, 209, 90, 0, 1, 0, 0, 0, 0, '2016-01-18 11:14:44'),
(1327, 206, 90, 0, 1, 0, 0, 0, 0, '2016-01-18 11:15:40'),
(1328, 203, 228, 0, 1, 0, 0, 0, 0, '2016-01-18 11:18:09'),
(1329, 206, 228, 0, 1, 0, 0, 0, 0, '2016-01-18 11:20:51'),
(1330, 192, 228, 0, 1, 0, 0, 0, 0, '2016-01-18 11:21:19'),
(1331, 196, 228, 0, 1, 0, 0, 0, 0, '2016-01-18 11:25:58'),
(1332, 207, 228, 0, 1, 0, 0, 0, 0, '2016-01-18 11:28:37'),
(1333, 209, 228, 0, 1, 0, 0, 0, 0, '2016-01-18 11:30:03'),
(1334, 204, 135, 0, 1, 0, 0, 0, 0, '2016-01-18 12:04:57'),
(1335, 206, 226, 0, 1, 0, 0, 0, 0, '2016-01-18 12:46:56'),
(1336, 211, 131, 1, 1, 1, 1, 0, 1100, '2016-01-18 16:52:17'),
(1337, 195, 228, 0, 1, 0, 0, 0, 0, '2016-01-18 17:49:01'),
(1338, 210, 90, 0, 1, 0, 0, 0, 0, '2016-01-18 20:56:45'),
(1339, 201, 188, 1, 1, 1, 1, 0, 3400, '2016-01-19 08:42:03'),
(1340, 204, 188, 0, 1, 0, 0, 0, 0, '2016-01-19 08:53:15'),
(1341, 207, 188, 0, 1, 0, 0, 0, 0, '2016-01-19 08:55:19'),
(1342, 205, 188, 0, 1, 0, 0, 0, 0, '2016-01-19 08:56:00'),
(1343, 190, 188, 0, 1, 0, 0, 0, 0, '2016-01-19 09:00:46'),
(1344, 194, 188, 0, 1, 0, 0, 0, 0, '2016-01-19 09:06:00'),
(1345, 196, 188, 0, 1, 0, 0, 0, 0, '2016-01-19 09:10:23'),
(1346, 197, 188, 1, 1, 1, 1, 0, 87, '2016-01-19 09:18:06'),
(1347, 206, 188, 0, 1, 0, 0, 0, 0, '2016-01-19 09:24:51'),
(1348, 211, 188, 0, 1, 0, 0, 0, 0, '2016-01-19 09:35:44'),
(1349, 210, 1, 0, 1, 0, 0, 0, 0, '2016-01-19 18:21:09'),
(1350, 199, 209, 0, 1, 0, 0, 0, 0, '2016-01-19 20:13:54'),
(1351, 211, 209, 0, 1, 0, 0, 0, 0, '2016-01-19 20:14:26'),
(1352, 200, 188, 0, 1, 0, 0, 0, 0, '2016-01-20 03:40:59'),
(1353, 207, 133, 0, 1, 0, 0, 0, 0, '2016-01-20 04:01:12'),
(1354, 196, 157, 0, 1, 0, 0, 0, 0, '2016-01-20 05:37:31'),
(1355, 197, 157, 0, 1, 0, 0, 0, 0, '2016-01-20 05:44:14'),
(1356, 198, 157, 0, 1, 0, 0, 0, 0, '2016-01-20 05:45:36'),
(1357, 211, 157, 0, 1, 0, 0, 0, 0, '2016-01-20 05:47:39'),
(1358, 210, 157, 0, 1, 0, 0, 0, 0, '2016-01-20 05:48:22'),
(1359, 189, 136, 0, 1, 0, 0, 0, 0, '2016-01-20 06:35:28'),
(1360, 191, 140, 0, 1, 0, 0, 0, 0, '2016-01-20 08:22:38'),
(1361, 189, 140, 0, 1, 0, 0, 0, 0, '2016-01-20 08:23:16'),
(1362, 196, 140, 0, 1, 0, 0, 0, 0, '2016-01-20 08:44:08'),
(1363, 202, 140, 0, 1, 0, 0, 0, 0, '2016-01-20 08:44:23'),
(1364, 193, 140, 0, 1, 0, 0, 0, 0, '2016-01-20 08:45:14'),
(1365, 210, 135, 0, 1, 0, 0, 0, 0, '2016-01-20 09:24:22'),
(1366, 188, 227, 0, 1, 0, 0, 0, 0, '2016-01-20 18:51:47'),
(1367, 193, 202, 0, 1, 0, 0, 0, 0, '2016-01-20 19:55:43'),
(1368, 201, 202, 0, 1, 0, 0, 0, 0, '2016-01-20 19:56:18'),
(1369, 204, 105, 0, 1, 0, 0, 0, 0, '2016-01-21 06:13:28'),
(1370, 206, 105, 0, 1, 0, 0, 0, 0, '2016-01-21 06:14:09'),
(1371, 202, 1, 1, 1, 0, 2, 642, 0, '2016-01-21 06:24:14'),
(1372, 207, 227, 0, 1, 0, 0, 0, 0, '2016-01-21 11:46:06'),
(1373, 183, 227, 0, 1, 0, 0, 0, 0, '2016-01-21 11:49:15'),
(1374, 211, 105, 0, 1, 0, 0, 0, 0, '2016-01-21 13:19:07'),
(1375, 194, 105, 0, 1, 0, 0, 0, 0, '2016-01-21 13:20:37'),
(1376, 190, 96, 0, 1, 0, 0, 0, 0, '2016-01-21 16:04:30'),
(1377, 191, 223, 0, 1, 0, 0, 0, 0, '2016-01-21 16:43:25'),
(1378, 201, 223, 0, 1, 0, 0, 0, 0, '2016-01-21 16:43:47'),
(1379, 190, 227, 0, 1, 0, 0, 0, 0, '2016-01-22 08:10:28'),
(1380, 196, 227, 0, 1, 0, 0, 0, 0, '2016-01-22 08:11:54'),
(1381, 189, 128, 0, 1, 0, 0, 0, 0, '2016-01-22 10:58:23'),
(1382, 201, 128, 0, 1, 0, 0, 0, 0, '2016-01-22 10:59:31'),
(1383, 211, 128, 0, 1, 0, 0, 0, 0, '2016-01-22 11:07:00'),
(1384, 190, 135, 0, 1, 0, 0, 0, 0, '2016-01-22 11:48:08'),
(1385, 208, 199, 0, 1, 0, 0, 0, 0, '2016-01-22 12:36:58'),
(1386, 192, 1, 0, 1, 0, 0, 0, 0, '2016-01-23 08:02:43'),
(1387, 192, 128, 0, 1, 0, 0, 0, 0, '2016-01-23 08:02:48'),
(1388, 191, 128, 0, 1, 0, 0, 0, 0, '2016-01-23 08:08:28'),
(1389, 209, 232, 0, 1, 0, 0, 0, 0, '2016-01-23 08:54:05'),
(1390, 206, 230, 0, 1, 0, 0, 0, 0, '2016-01-24 03:59:36'),
(1391, 209, 230, 1, 1, 0, 2, 1401, 1385, '2016-01-24 04:01:10'),
(1392, 210, 230, 1, 1, 0, 2, 1150, 1131, '2016-01-24 04:01:48'),
(1393, 211, 230, 1, 1, 1, 1, 0, 1410, '2016-01-24 04:02:23'),
(1394, 211, 135, 0, 1, 0, 0, 0, 0, '2016-01-25 09:39:05'),
(1395, 196, 234, 0, 1, 0, 0, 0, 0, '2016-01-25 11:54:14'),
(1396, 205, 234, 0, 1, 0, 0, 0, 0, '2016-01-25 11:56:33'),
(1397, 204, 234, 0, 1, 0, 0, 0, 0, '2016-01-25 11:56:47'),
(1398, 206, 234, 0, 1, 0, 0, 0, 0, '2016-01-25 11:59:30'),
(1399, 190, 234, 0, 1, 0, 0, 0, 0, '2016-01-25 12:00:28'),
(1400, 192, 234, 0, 1, 0, 0, 0, 0, '2016-01-25 12:00:51'),
(1401, 197, 234, 0, 1, 0, 0, 0, 0, '2016-01-25 12:01:40'),
(1402, 209, 234, 0, 1, 0, 0, 0, 0, '2016-01-25 12:02:49'),
(1403, 196, 236, 0, 1, 0, 0, 0, 0, '2016-01-25 15:50:29'),
(1404, 189, 235, 0, 1, 0, 0, 0, 0, '2016-01-25 15:51:02'),
(1405, 196, 225, 0, 1, 0, 0, 0, 0, '2016-01-25 17:02:44'),
(1406, 197, 225, 0, 1, 0, 0, 0, 0, '2016-01-25 17:03:30'),
(1407, 191, 235, 0, 1, 0, 0, 0, 0, '2016-01-26 09:27:26'),
(1408, 193, 235, 0, 1, 0, 0, 0, 0, '2016-01-26 09:29:08'),
(1409, 201, 235, 1, 1, 0, 0, 0, 0, '2016-01-26 09:32:15'),
(1410, 204, 235, 0, 1, 0, 0, 0, 0, '2016-01-26 09:37:43'),
(1411, 205, 235, 0, 1, 0, 0, 0, 0, '2016-01-26 09:38:20'),
(1412, 190, 235, 0, 1, 0, 0, 0, 0, '2016-01-26 09:39:09'),
(1413, 206, 237, 0, 1, 0, 0, 0, 0, '2016-01-26 14:11:26'),
(1414, 211, 237, 1, 1, 1, 1, 0, 1150, '2016-01-26 14:16:32'),
(1415, 204, 237, 0, 1, 0, 0, 0, 0, '2016-01-26 14:17:08'),
(1416, 194, 237, 0, 1, 0, 0, 0, 0, '2016-01-26 15:26:42'),
(1417, 197, 198, 0, 1, 0, 0, 0, 0, '2016-01-27 08:43:48'),
(1418, 196, 90, 1, 1, 0, 2, 1980, 0, '2016-01-27 08:51:59'),
(1419, 198, 225, 0, 1, 0, 0, 0, 0, '2016-01-27 12:14:57'),
(1420, 194, 225, 0, 1, 0, 0, 0, 0, '2016-01-27 12:19:22'),
(1421, 192, 225, 0, 1, 0, 0, 0, 0, '2016-01-27 12:20:51'),
(1422, 204, 225, 0, 1, 0, 0, 0, 0, '2016-01-27 12:22:55'),
(1423, 205, 103, 0, 1, 0, 0, 0, 0, '2016-01-27 12:24:08'),
(1424, 210, 103, 0, 1, 0, 0, 0, 0, '2016-01-27 12:25:02'),
(1425, 211, 103, 0, 1, 0, 0, 0, 0, '2016-01-27 12:25:40'),
(1426, 199, 225, 0, 1, 0, 0, 0, 0, '2016-01-27 12:26:53'),
(1427, 202, 103, 0, 1, 0, 0, 0, 0, '2016-01-27 12:29:17'),
(1428, 210, 225, 0, 1, 0, 0, 0, 0, '2016-01-27 12:30:39'),
(1429, 209, 225, 0, 1, 0, 0, 0, 0, '2016-01-27 12:31:23'),
(1430, 196, 96, 0, 1, 0, 0, 0, 0, '2016-01-27 12:32:00'),
(1431, 197, 96, 0, 1, 0, 0, 0, 0, '2016-01-27 12:32:33'),
(1432, 194, 96, 0, 1, 0, 0, 0, 0, '2016-01-27 12:33:28'),
(1433, 202, 235, 0, 1, 0, 0, 0, 0, '2016-01-28 08:00:41'),
(1434, 158, 235, 0, 1, 0, 0, 0, 0, '2016-01-28 08:03:12'),
(1435, 154, 235, 0, 1, 0, 0, 0, 0, '2016-01-28 08:03:42'),
(1436, 193, 131, 0, 1, 0, 0, 0, 0, '2016-01-29 03:15:53'),
(1437, 199, 238, 0, 1, 0, 0, 0, 0, '2016-01-30 16:05:07'),
(1438, 0, 0, 0, 1, 0, 0, 0, 0, '2016-02-01 08:46:35'),
(1439, 212, 1, 1, 1, 1, 1, 0, 276, '2016-02-01 11:31:40'),
(1440, 191, 135, 0, 1, 0, 0, 0, 0, '2016-02-01 15:00:45'),
(1441, 216, 1, 1, 1, 0, 2, 6050, 5600, '2016-02-02 09:11:27'),
(1442, 213, 1, 1, 1, 0, 2, 1176, 600, '2016-02-03 09:01:21'),
(1443, 215, 1, 1, 1, 1, 1, 0, 369, '2016-02-03 09:01:46'),
(1444, 212, 188, 1, 1, 1, 1, 0, 51, '2016-02-03 09:02:06'),
(1445, 191, 188, 1, 1, 1, 1, 0, 120, '2016-02-03 09:02:58'),
(1446, 219, 1, 1, 1, 1, 1, 0, 370, '2016-02-03 09:03:13'),
(1447, 214, 223, 0, 1, 0, 0, 0, 0, '2016-02-03 09:21:18'),
(1448, 216, 223, 0, 1, 0, 0, 0, 0, '2016-02-03 09:23:41'),
(1449, 217, 135, 0, 1, 0, 0, 0, 0, '2016-02-03 10:38:23'),
(1450, 216, 131, 0, 1, 0, 0, 0, 0, '2016-02-03 11:40:58'),
(1451, 216, 222, 0, 1, 0, 0, 0, 0, '2016-02-03 15:54:55'),
(1452, 213, 96, 1, 1, 1, 1, 0, 500, '2016-02-04 03:49:30'),
(1453, 215, 96, 1, 1, 1, 1, 0, 101, '2016-02-04 03:51:54'),
(1454, 216, 96, 0, 1, 0, 0, 0, 0, '2016-02-04 03:53:30'),
(1455, 212, 210, 1, 1, 1, 1, 0, 52, '2016-02-04 06:07:05'),
(1456, 191, 210, 0, 1, 0, 0, 0, 0, '2016-02-04 06:07:47'),
(1457, 202, 210, 0, 1, 0, 0, 0, 0, '2016-02-04 06:12:07'),
(1458, 212, 102, 1, 1, 1, 1, 0, 250, '2016-02-04 07:47:42'),
(1459, 191, 102, 1, 1, 1, 1, 0, 520, '2016-02-04 07:47:50'),
(1460, 213, 102, 1, 1, 1, 1, 0, 899, '2016-02-04 07:48:04'),
(1461, 216, 102, 1, 1, 1, 1, 0, 6000, '2016-02-04 07:48:13'),
(1462, 212, 112, 1, 1, 0, 2, 277, 53, '2016-02-04 08:29:57'),
(1463, 218, 112, 0, 1, 0, 0, 0, 0, '2016-02-04 08:33:14'),
(1464, 219, 112, 1, 1, 0, 2, 371, 70, '2016-02-04 09:16:14'),
(1465, 215, 112, 1, 1, 0, 2, 370, 66, '2016-02-04 09:17:14'),
(1466, 214, 112, 1, 1, 1, 1, 0, 75, '2016-02-04 09:34:54'),
(1467, 217, 112, 0, 1, 0, 0, 0, 0, '2016-02-04 09:36:38'),
(1468, 218, 96, 0, 1, 0, 0, 0, 0, '2016-02-04 11:19:03'),
(1469, 214, 135, 0, 1, 0, 0, 0, 0, '2016-02-04 13:11:25'),
(1470, 212, 118, 1, 1, 1, 1, 0, 100, '2016-02-05 07:03:37'),
(1471, 191, 118, 1, 1, 1, 1, 0, 135, '2016-02-05 07:04:14'),
(1472, 219, 107, 0, 1, 0, 0, 0, 0, '2016-02-05 13:25:42'),
(1473, 215, 107, 0, 1, 0, 0, 0, 0, '2016-02-05 13:26:01'),
(1474, 212, 107, 0, 1, 0, 0, 0, 0, '2016-02-05 13:27:14'),
(1475, 218, 107, 0, 1, 0, 0, 0, 0, '2016-02-05 13:31:05'),
(1476, 219, 96, 1, 1, 1, 1, 0, 155, '2016-02-05 17:05:50'),
(1477, 215, 102, 1, 1, 1, 1, 0, 365, '2016-02-06 08:19:02'),
(1478, 219, 102, 1, 1, 1, 1, 0, 365, '2016-02-06 08:22:31'),
(1479, 212, 135, 0, 1, 0, 0, 0, 0, '2016-02-06 10:49:02'),
(1480, 213, 227, 0, 1, 0, 0, 0, 0, '2016-02-06 18:39:13'),
(1481, 212, 227, 0, 1, 0, 0, 0, 0, '2016-02-06 18:40:43'),
(1482, 213, 131, 1, 1, 1, 1, 0, 300, '2016-02-07 05:47:27'),
(1483, 214, 131, 1, 1, 1, 1, 0, 100, '2016-02-07 05:48:37'),
(1484, 212, 131, 0, 1, 0, 0, 0, 0, '2016-02-08 08:03:17'),
(1485, 216, 227, 0, 1, 0, 0, 0, 0, '2016-02-08 18:57:56'),
(1486, 191, 240, 1, 1, 1, 1, 0, 170, '2016-02-09 13:52:03'),
(1487, 218, 1, 1, 1, 0, 2, 99, 0, '2016-02-09 14:21:26'),
(1488, 217, 1, 1, 1, 0, 2, 63, 0, '2016-02-09 14:22:17'),
(1489, 214, 96, 1, 1, 1, 1, 0, 101, '2016-02-10 08:35:30'),
(1490, 213, 240, 0, 1, 0, 0, 0, 0, '2016-02-11 06:41:58'),
(1491, 207, 167, 0, 1, 0, 0, 0, 0, '2016-02-11 18:27:22'),
(1492, 214, 1, 1, 1, 0, 2, 238, 220, '2016-02-12 08:51:30'),
(1493, 214, 102, 1, 1, 1, 1, 0, 235, '2016-02-12 08:51:49'),
(1494, 191, 112, 0, 1, 0, 0, 0, 0, '2016-02-12 10:57:20'),
(1495, 213, 112, 0, 1, 0, 0, 0, 0, '2016-02-12 11:01:09'),
(1496, 216, 112, 0, 1, 0, 0, 0, 0, '2016-02-12 11:10:54'),
(1497, 214, 222, 0, 1, 0, 0, 0, 0, '2016-02-12 16:13:07'),
(1498, 217, 222, 0, 1, 0, 0, 0, 0, '2016-02-12 16:15:27'),
(1499, 213, 222, 0, 1, 0, 0, 0, 0, '2016-02-12 16:15:53'),
(1500, 215, 234, 0, 1, 0, 0, 0, 0, '2016-02-13 04:21:56'),
(1501, 218, 234, 0, 1, 0, 0, 0, 0, '2016-02-13 04:22:40'),
(1502, 216, 234, 0, 1, 0, 0, 0, 0, '2016-02-13 04:24:19'),
(1503, 217, 131, 0, 1, 0, 0, 0, 0, '2016-02-13 20:16:55'),
(1504, 219, 210, 0, 1, 0, 0, 0, 0, '2016-02-14 18:04:39'),
(1505, 216, 244, 0, 1, 0, 0, 0, 0, '2016-03-08 20:11:49'),
(1506, 212, 244, 0, 1, 0, 0, 0, 0, '2016-03-08 20:13:09'),
(1507, 191, 244, 0, 1, 0, 0, 0, 0, '2016-03-08 20:41:01'),
(1508, 213, 244, 0, 1, 0, 0, 0, 0, '2016-03-08 20:42:25'),
(1509, 214, 244, 0, 1, 0, 0, 0, 0, '2016-03-08 20:46:32'),
(1510, 175, 249, 0, 1, 0, 0, 0, 0, '2016-04-16 11:50:08'),
(1511, 191, 249, 0, 1, 0, 0, 0, 0, '2016-04-16 11:52:59'),
(1512, 204, 249, 0, 1, 0, 0, 0, 0, '2016-04-16 11:54:02'),
(1513, 219, 181, 0, 1, 0, 0, 0, 0, '2016-04-16 16:14:50'),
(1514, 214, 181, 0, 1, 0, 0, 0, 0, '2016-04-17 12:15:30'),
(1515, 213, 181, 0, 1, 0, 0, 0, 0, '2016-04-17 12:17:17');

-- --------------------------------------------------------

--
-- Table structure for table `usd_text`
--

CREATE TABLE IF NOT EXISTS `usd_text` (
  `id` int(11) NOT NULL AUTO_INCREMENT,
  `text` varchar(250) NOT NULL,
  `created_date` timestamp NOT NULL DEFAULT CURRENT_TIMESTAMP,
  PRIMARY KEY (`id`)
) ENGINE=MyISAM  DEFAULT CHARSET=latin1 AUTO_INCREMENT=2 ;

--
-- Dumping data for table `usd_text`
--

INSERT INTO `usd_text` (`id`, `text`, `created_date`) VALUES
(1, 'Bank Rate for US$1= 68.26 rupees as on 12th February 2016 is in use for this auction', '2015-08-21 21:30:06');

-- --------------------------------------------------------

--
-- Table structure for table `users`
--

CREATE TABLE IF NOT EXISTS `users` (
  `id` int(11) unsigned NOT NULL AUTO_INCREMENT,
  `ip_address` varchar(15) NOT NULL,
  `username` varchar(100) NOT NULL,
  `password` varchar(255) NOT NULL,
  `salt` varchar(255) DEFAULT NULL,
  `email` varchar(100) NOT NULL,
  `activation_code` varchar(40) DEFAULT NULL,
  `forgotten_password_code` varchar(40) DEFAULT NULL,
  `forgotten_password_time` int(11) unsigned DEFAULT NULL,
  `remember_code` varchar(40) DEFAULT NULL,
  `created_on` int(11) unsigned NOT NULL,
  `last_login` int(11) unsigned DEFAULT NULL,
  `active` tinyint(1) unsigned DEFAULT NULL,
  `first_name` varchar(50) DEFAULT NULL,
  `last_name` varchar(50) DEFAULT NULL,
  `company` varchar(100) DEFAULT NULL,
  `phone` varchar(15) DEFAULT NULL,
  `country` varchar(50) NOT NULL,
  `city` varchar(50) NOT NULL,
  `verified` tinyint(1) NOT NULL DEFAULT '0',
  `amount` int(11) NOT NULL,
  `pin` int(4) NOT NULL,
  PRIMARY KEY (`id`)
) ENGINE=InnoDB  DEFAULT CHARSET=utf8 AUTO_INCREMENT=250 ;

--
-- Dumping data for table `users`
--

INSERT INTO `users` (`id`, `ip_address`, `username`, `password`, `salt`, `email`, `activation_code`, `forgotten_password_code`, `forgotten_password_time`, `remember_code`, `created_on`, `last_login`, `active`, `first_name`, `last_name`, `company`, `phone`, `country`, `city`, `verified`, `amount`, `pin`) VALUES
(1, '127.0.0.1', 'admin@admin.com', '$2a$07$SeBknntpZror9uyftVopmu61qg0ms8Qv1yV6FG.kQOSM.9QhmTo36', '', 'admin@admin.com', '', NULL, NULL, 'B8EFhnI/svLIKQwyYLTas.', 1268889823, 1463559264, 1, 'Admin', 'istrator', 'ADMIN', '9769102406', 'tdryt', 'djggukhijj', 1, 981537, 0),
(2, '127.0.0.1', 'a@admin.com', '$2y$08$50nebi8g.DwI1scnAP1Ae.zxpBnk0iZhCwHOJs1hFaCNiBwCW2w1W', NULL, 'a@admin.com', NULL, NULL, NULL, '8csGMfr4jU6OcrjD1RMVpO', 1268889823, 1447832230, 1, 'Admin', 'istrator', 'ADMIN', '456789', 'dfghb', 'gvhbjnk', 1, 258230, 687),
(85, '192.168.1.15', 'ab@admin.com', '$2y$08$JycwiUswH2tGsHCW.tKkROwPTWlaYXXGhh0K/ER.cCeC32dTest8q', NULL, 'ab@admin.com', NULL, NULL, NULL, 'EzSv6J1gBhOFpZ17kU6e3O', 1423314459, 1431346704, 1, 'vishal', 'zagde', NULL, '28649696', 'sjhdngrdjfk', 'ksndkjgvdjnf', 0, 184001, 0),
(86, '183.87.43.60', 'vzagde@yahoo.com', '$2y$08$JycwiUswH2tGsHCW.tKkROwPTWlaYXXGhh0K/ER.cCeC32dTest8q', NULL, 'vzagde@yahoo.com', NULL, NULL, NULL, 'K/onjLEaIRBAJB3IzxfiHO', 1425124334, 1439335389, 1, 'vishal', 'zagde', NULL, '9769102406', 'india', 'mumbai', 1, 50000, 0),
(87, '183.87.43.60', 'abc@admin.com', '$2y$08$JycwiUswH2tGsHCW.tKkROwPTWlaYXXGhh0K/ER.cCeC32dTest8q', NULL, 'abc@admin.com', NULL, NULL, NULL, 'AyjY8f/fAotD1FF0KncJm.', 1425379206, 1431177036, 1, 'usjkfh', 'jskdmhfn', NULL, '89876545', 'jksadhf', 'sjkdmfds', 0, 1000000, 0),
(88, '183.87.43.60', 'vzgde110@gmail.com', '$2y$08$JycwiUswH2tGsHCW.tKkROwPTWlaYXXGhh0K/ER.cCeC32dTest8q', NULL, 'vzgde110@gmail.com', NULL, NULL, NULL, NULL, 1431172149, 1431172149, 1, 'test', 'User', 'Kk international ', '9769102406', 'India', 'Mumbai', 1, 0, 0),
(89, '183.87.43.60', 'raje@admin.com', '$2y$08$JycwiUswH2tGsHCW.tKkROwPTWlaYXXGhh0K/ER.cCeC32dTest8q', NULL, 'raje@admin.com', NULL, NULL, NULL, 'brLwZhI2l6R6TDyjMkRNXO', 1439335498, 1439335555, 1, 'hdhdh', 'hdhdh', NULL, '9769102406', 'india', 'mumbai', 0, 0, 0),
(90, '1.39.45.212', 'amishjhaveri2007@yahoo.com', '$2y$08$EUvnGSHmqctrL9vw8aGzzOEq/MQHpbtKK6B4WA/MHfPwuN2spEhMO', NULL, 'amishjhaveri2007@yahoo.com', NULL, NULL, NULL, 'MKSnqBrWqqH9zh/lp4FYBO', 1439470615, 1453903584, 1, 'Amish', 'Jhaveri  ', NULL, '9821264251', 'India  ', 'Mumbai  ', 1, 5957, 0),
(91, '1.39.46.200', 'real@pearlsarkar.com', '$2y$08$JycwiUswH2tGsHCW.tKkROwPTWlaYXXGhh0K/ER.cCeC32dTest8q', NULL, 'real@pearlsarkar.com', NULL, NULL, NULL, 'C/tTSoJ1XcpKFE6HMUYA9O', 1439811947, 1439891819, 1, 'pearl', 'sarkar', NULL, '9820066540', 'India ', 'mumbai ', 1, 0, 0),
(92, '183.87.43.60', 'abcd@admin.com', '$2y$08$JycwiUswH2tGsHCW.tKkROwPTWlaYXXGhh0K/ER.cCeC32dTest8q', NULL, 'abcd@admin.com', NULL, NULL, NULL, NULL, 1439972442, 1439972442, 1, 'admin', 'admin', NULL, '9769102406', 'India', 'Mumbai', 0, 0, 0),
(93, '183.87.43.60', 'ad@amin.com', '$2y$08$JycwiUswH2tGsHCW.tKkROwPTWlaYXXGhh0K/ER.cCeC32dTest8q', NULL, 'ad@amin.com', NULL, NULL, NULL, NULL, 1439975942, 1439975942, 1, 'admin', 'admin', NULL, '9769102406', 'India', 'Mumbai', 0, 0, 0),
(94, '183.87.43.60', 'vzagde110@gmail.com', '$2y$08$POreiLEYoUn16.L2SmOcseHF41hckzWTx52YKoKf2CHXglnIkrQDa', NULL, 'vzagde110@gmail.com', NULL, NULL, NULL, 'R6f6PH6NNsEbX73WGo8Id.', 1439975954, 1440192227, 1, 'Ben', 'Edmunds', NULL, '0', '0', '0', 0, 0, 0),
(95, '183.87.43.60', 'vishal@kreaserv.in', '$2y$08$JycwiUswH2tGsHCW.tKkROwPTWlaYXXGhh0K/ER.cCeC32dTest8q', NULL, 'vishal@kreaserv.in', NULL, NULL, NULL, NULL, 1439976286, 1439976286, 1, 'asdfsaf', 'asfas', NULL, '9769102406', 'India', 'Mumbai', 0, 0, 0),
(96, '115.244.192.49', 'bay_pearls@yahoo.co.in', '$2y$08$XA1x4xQ6D7YIdyEPVVYGkuNkPsabxgwf1Amilt0Wly5kcbLk5g36O', NULL, 'bay_pearls@yahoo.co.in', NULL, NULL, NULL, 'cdJ9ldQNAGiKvA0Zh7qqSe', 1439998847, 1455281668, 1, 'bhavin', 'jhaveri', 'Bay pearls', '+919773806', 'india ', 'mumbai ', 1, 6016, 0),
(97, '183.87.43.60', 'vishal@kreaserv.com', '$2y$08$JycwiUswH2tGsHCW.tKkROwPTWlaYXXGhh0K/ER.cCeC32dTest8q', NULL, 'vishal@kreaserv.com', NULL, NULL, NULL, NULL, 1440072998, 1440072998, 1, 'VIshal', 'Zagde', 'Kreaserv', '9769102406', 'India', 'Mumbai', 0, 0, 0),
(98, '183.87.43.60', 'aniq@kreaserv.in', '$2y$08$JycwiUswH2tGsHCW.tKkROwPTWlaYXXGhh0K/ER.cCeC32dTest8q', NULL, 'aniq@kreaserv.in', NULL, NULL, NULL, NULL, 1440073242, 1440073242, 1, 'VIshal', 'Zagde', 'Kreaserv', '9769102406', 'India', 'Mumbai', 0, 0, 0),
(100, '183.87.43.60', 'babitagupta786@gmail.com', '$2y$08$JycwiUswH2tGsHCW.tKkROwPTWlaYXXGhh0K/ER.cCeC32dTest8q', NULL, 'babitagupta786@gmail.com', NULL, NULL, NULL, 'UGRLqB09XixcztLD03QbEe', 1440074601, 1440145639, 1, 'Babita', 'Gupta', 'Kreaserv', '9819275964', 'India', 'Mumbai', 0, 0, 0),
(101, '101.58.9.248', 'sarkar334@yahoo.co.in', '$2y$08$z9nASFAWLRK4IGyk.MTwt.OeFy5/h0YCMvGFagZQkN7Pe.33NJ6jK', NULL, 'sarkar334@yahoo.co.in', NULL, NULL, NULL, 'MsaFDMNKiKgnup3vsqh2YO', 1440077079, 1447820168, 1, 'Siddharth ', 'sarkar', 'sarkar exports ', '9322251480', 'india', 'Mumbai', 1, 5000, 0),
(102, '111.93.8.211', 'hiral.sarkar96@gmail.com', '$2y$08$lzPks50joj79jgTo4N5gKewTQMQzMYLjmtQwrSoD/a7tt53ohI.dO', NULL, 'hiral.sarkar96@gmail.com', NULL, NULL, NULL, 'M97zRkDIP2pgX/85GVWlX.', 1440090526, 1455279834, 1, 'Hiral', 'Sarkar ', 'Hirco Enterprises Pvt Ltd ', '9819978737', 'India ', 'Mumbai ', 1, 47650, 0),
(103, '111.93.8.211', 'kallapallivinita@gmail.com', '$2y$08$PNaKPdVEzZqzgZUUwG/67eZSXxViWtWUDoKuGLE6HLVm.7w/xoUaS', NULL, 'kallapallivinita@gmail.com', NULL, NULL, NULL, 'wFSAeEeaquGHNJ5KCAaPHu', 1440091080, 1455783922, 1, 'Vinita', 'Kadlapalli', 'Janet Exports India Pvt Ltd', '8080003552', 'India', 'Mumbai', 1, 4641, 0),
(104, '106.194.36.189', 'hiral.sarkar@yahoo.in', '$2y$08$JycwiUswH2tGsHCW.tKkROwPTWlaYXXGhh0K/ER.cCeC32dTest8q', NULL, 'hiral.sarkar@yahoo.in', NULL, NULL, NULL, 'w7g6KNIUuJq.qyYcdoQCtO', 1440093549, 1440093629, 1, 'Neeta', 'Gavankar', 'Pearl Royale', '0223077242', 'India', 'Mumbai', 0, 0, 0),
(105, '106.194.5.153', 'tajtrader@gmail.com', '$2y$08$s1N9REEjqIGv/0nOYBwamuEcUj6WJzs5G04ltWoFA4Xqix9tfuLrC', NULL, 'tajtrader@gmail.com', NULL, NULL, NULL, 'tY5KsvfdarntIo6urd7Hie', 1440152438, 1453382307, 1, 'Ashish ', 'Jhaveri ', NULL, '9821158254', 'India ', 'MUMBAI ', 1, 4629, 0),
(107, '106.194.43.183', 'keyurjain@gmail.com', '$2y$08$BqLeU75QS.XkMgrTrO8KMeNMcvjN.8qQ83GPYHV9nVXBo0xg8DIey', NULL, 'keyurjain@gmail.com', NULL, NULL, NULL, '8J77S9cu3ANbO5JaEgyclu', 1440164374, 1454678596, 1, 'Keyur', 'Jain', 'Freyaa enterprise', '9967566779', 'India', 'Mumbai', 1, 20000, 0),
(108, '124.123.64.48', 'babapearls@yahoo.com', '$2y$08$JycwiUswH2tGsHCW.tKkROwPTWlaYXXGhh0K/ER.cCeC32dTest8q', NULL, 'babapearls@yahoo.com', NULL, NULL, NULL, 'w79YZ6DcSsm0tgdXX6rJJe', 1440164731, 1440337328, 1, 'anil', 'purohit', 'baba pearls', '9391062318', 'india', 'hyderabad', 1, 5000, 0),
(109, '106.220.224.213', 'thandav1253@gmail.com', '$2y$08$JycwiUswH2tGsHCW.tKkROwPTWlaYXXGhh0K/ER.cCeC32dTest8q', NULL, 'thandav1253@gmail.com', NULL, NULL, NULL, 'rZBdwIE64lPeHRWuB8vwJu', 1440165037, 1440814984, 1, 'thandav', 'krishna', 'shri Vijay laxmi diamonds', '9618843626', 'India', 'Hyderabad', 1, 5000, 0),
(110, '120.60.19.106', 'gayatripearls31@gmail.com', '$2y$08$9ytrrpdboUe75MGTxVMumOI/jZ9S/vhS0IdnF2RzaSeIs9Wiad2fe', NULL, 'gayatripearls31@gmail.com', NULL, NULL, NULL, '0BAqlUdrvQlQOag466dWau', 1440217675, 1452927431, 1, 'Kirti', 'Joshi', 'Gayatri pearls', '9821288287', 'India', 'Mumbai', 0, 0, 0),
(112, '27.107.185.240', 'boorugu.mrao@gmail.com', '$2y$08$RHXG.njJeEsg7PmXQhVY.uBUk3jd2YY66cnXQnwXyFLTkHqJWNCWG', NULL, 'boorugu.mrao@gmail.com', NULL, NULL, NULL, 'oQjtw6o2zHYHNuvFQacZ5.', 1440237788, 1455274220, 1, 'Mahabaleshwar', 'Boorugu', 'boorugu M.R.', '9849014365', 'india', 'hyderabad', 1, 8982, 0),
(113, '106.220.21.165', 'nayanmr93@gmail.com', '$2y$08$JycwiUswH2tGsHCW.tKkROwPTWlaYXXGhh0K/ER.cCeC32dTest8q', NULL, 'nayanmr93@gmail.com', NULL, NULL, NULL, 'UoAzSPQmK.KPS2Rju.SJxO', 1440245100, 1440245156, 1, 'Nayan', 'Gupta', 'Mangatrai banjara hills', '9701550000', 'India', 'Hyderabad', 0, 0, 0),
(114, '124.123.126.253', 'sachindinodiya@yahoo.com', '$2y$08$JycwiUswH2tGsHCW.tKkROwPTWlaYXXGhh0K/ER.cCeC32dTest8q', NULL, 'sachindinodiya@yahoo.com', NULL, NULL, NULL, NULL, 1440254728, 1440254728, 1, 'sachin', 'dinodiya', 'mangatrai patthargatti ', '9849161398', 'india ', 'hyderabad ', 1, 0, 0),
(115, '124.123.126.253', 'rgguptamr@gmail.com', '$2y$08$IwS694mnhQtKzRQY3.msBeSEImB7NNJEsjTp3WgQU8rS6Tz9EJ67y', NULL, 'rgguptamr@gmail.com', NULL, NULL, NULL, 'RGlpHnQYQC0UvlwiJtuFBe', 1440254807, 1446632031, 1, 'Radheshyam', 'Gupta', 'Magatrai pearls', '9848011600', 'India', 'Hyderabad', 1, 50000, 0),
(116, '1.39.45.157', 'subuyemula@gmail.com', '$2y$08$JycwiUswH2tGsHCW.tKkROwPTWlaYXXGhh0K/ER.cCeC32dTest8q', NULL, 'subuyemula@gmail.com', NULL, NULL, NULL, 'rD0nWZAk3PBaSl7EMgDPVe', 1440318579, 1440325364, 1, 'Subhash', 'Yemula', '', '9819414556', 'India', 'Mumbai', 0, 0, 0),
(117, '59.183.189.143', 'kadakiaharshil@gmail.com', '$2y$08$rflrgTMTxMllcj9Oi/gTN.pbGJvoS/fnIZhBIUBTIzy1deizpDX6G', NULL, 'kadakiaharshil@gmail.com', NULL, NULL, NULL, 'hxFnfnkV43eG/TRb5wUSeO', 1440318786, 1441850685, 1, 'Harshil', 'Kadakia', 'Harshilk', '9820901292', 'India', 'Mumbai', 0, 0, 0),
(118, '114.143.38.93', 'orientalpearl.in@gmail.com', '$2y$08$ZCceKR2M6h6OhwMPj1mRJ.vtNnuSCIGte.SEgqBQ0C6BJyFp/ABdy', NULL, 'orientalpearl.in@gmail.com', NULL, NULL, NULL, 'H/mf4A9CEuN6DDzFySNanO', 1440324878, 1454697618, 1, 'Kartik', 'Master', 'Oriental Pearl', '+919821476', 'India', 'Mumbai', 1, 19549, 0),
(119, '183.87.43.60', 'info@kreaserv.in', '$2y$08$JycwiUswH2tGsHCW.tKkROwPTWlaYXXGhh0K/ER.cCeC32dTest8q', NULL, 'info@kreaserv.in', NULL, NULL, NULL, NULL, 1440326049, 1440326049, 1, 'VIshal', 'Zagde', 'Kreaserv', '9769102406', 'India', 'Mumbai', 0, 0, 0),
(124, '183.87.43.60', 'kreaserv@hotmail.com', '$2y$08$JycwiUswH2tGsHCW.tKkROwPTWlaYXXGhh0K/ER.cCeC32dTest8q', NULL, 'kreaserv@hotmail.com', NULL, NULL, NULL, NULL, 1440326518, 1440326518, 1, 'knfsjk', 'jhdskfj', 'jhsdkfs', '9769102406', 'India', 'Mumbai', 0, 0, 0),
(125, '49.248.48.150', 'sunny@mirackle.com', '$2y$08$JycwiUswH2tGsHCW.tKkROwPTWlaYXXGhh0K/ER.cCeC32dTest8q', NULL, 'sunny@mirackle.com', NULL, NULL, NULL, NULL, 1440328362, 1440328362, 1, 'Sunny', 'Khakse', 'Mirackle', '8446212878', 'India ', 'Nagpur ', 0, 0, 0),
(126, '49.248.48.150', 'khakse.sunny@gmail.com', '$2y$08$JycwiUswH2tGsHCW.tKkROwPTWlaYXXGhh0K/ER.cCeC32dTest8q', NULL, 'khakse.sunny@gmail.com', NULL, NULL, NULL, '5r0W6ESV2TjbFSBmhGaXY.', 1440329008, 1440352797, 1, 'Sunny', 'Khakse', 'Mirackle ', '8446212878', 'India ', 'Nagpur ', 0, 0, 0),
(127, '124.123.62.115', 'sudhir_Pitti@yahoo.co.in', '$2y$08$JycwiUswH2tGsHCW.tKkROwPTWlaYXXGhh0K/ER.cCeC32dTest8q', NULL, 'sudhir_Pitti@yahoo.co.in', NULL, NULL, NULL, NULL, 1440392371, 1440392371, 1, 'Sudhir', 'Pitti', 'Pitti Jewellers', '9391603353', 'India', 'Hyderabad', 0, 0, 0),
(128, '1.39.9.89', 'jagrutisarkar@yahoo.in', '$2y$08$pLiERnrAtFtCXqJaH23yyOmzozy7MTejSI.bRr3T/QtjDXwDhx15i', NULL, 'jagrutisarkar@yahoo.in', NULL, NULL, NULL, 'hsDx7Ck9x72hlJD.QQE0pO', 1440392661, 1453899131, 1, 'jagruti ', 'sarkar', 'janet export india pvt.ltd.', '9819173570', 'india', 'Mumbai', 1, 5000, 0),
(129, '1.39.9.108', 'jigarpearl85@gmail.com', '$2y$08$LdNxj/jrdoQJFXulZiH9buJ26K69c7JZDbyQbv4uzgEzji8BO6n/O', NULL, 'jigarpearl85@gmail.com', NULL, NULL, NULL, 'Jq8QlRMqujB4/unJjDZH3O', 1440392743, 1455701842, 1, 'jigar', 'shah', '', '9819457130', 'india', 'mumbai', 0, 0, 0),
(130, '1.39.61.133', 'diamondmurali@gmail.com', '$2y$08$JycwiUswH2tGsHCW.tKkROwPTWlaYXXGhh0K/ER.cCeC32dTest8q', NULL, 'diamondmurali@gmail.com', NULL, NULL, NULL, 'jadu9asJIgc6nYwbLRdzZO', 1440394931, 1440436397, 1, 'Murali', 'Devaraj ', 'KANAKALAKSHMI DIAMONDS', '9842213000', 'india ', 'Coimbatore ', 0, 0, 0),
(131, '49.203.124.239', 'niravmaster09@yahoo.co.in', '$2y$08$AKorpSklIEQ8kR0UlbzJ9.bCJtdZDUQoAuDYssG4t0yY1yt39XSEm', NULL, 'niravmaster09@yahoo.co.in', NULL, NULL, NULL, 'GcqKZ7rGHq8oRyMQw6BMdu', 1440398624, 1455394497, 1, 'nirav', 'master', 'ziven jewellers', '8976622590', 'india', 'Mumbai', 1, 6263, 0),
(132, '27.4.33.61', 'dhwanisarkar@gmail.com', '$2y$08$tohFVtCi0VCbT0u/bTayMuq7HPZbSXN.jaJscCIfqHzD5wMtJiNPa', NULL, 'dhwanisarkar@gmail.com', NULL, NULL, NULL, 'tTzOf5kUDELkRzgigv08Qe', 1440400371, 1448441527, 1, 'dhwani', 'sarkar', 'Hirco enterprises Pvt. Ltd.', '9920964324', 'india', 'mumbai', 1, 4968, 0),
(133, '183.87.44.245', 'jayeshpshah63@gmail.com', '$2y$08$/L6n0fdkCC1dyT0OjgXMZeGNgqiZpm3u8heKWC4GUskcrB5LaO3xO', NULL, 'jayeshpshah63@gmail.com', NULL, NULL, NULL, 'ILlmE/3l4Vjqp.IHeJ0kvO', 1440400767, 1453262373, 1, 'Jayesh', 'Shah', 'Aakash Pearls', '9324427220', 'India', 'Mumbai', 1, 10000, 0),
(134, '103.225.135.32', 'pahujank@gmail.com', '$2y$08$JycwiUswH2tGsHCW.tKkROwPTWlaYXXGhh0K/ER.cCeC32dTest8q', NULL, 'pahujank@gmail.com', NULL, NULL, NULL, '448DrwduymgVpDPMBuTJpe', 1440402586, 1440402815, 1, 'Naresh ', 'Pahuja ', 'Gayatri Gold', '+919890327', 'India', 'Ulhasnagar', 0, 0, 0),
(135, '1.39.10.47', 'harshstar@hotmail.com', '$2y$08$vE/MvUsaQ1kzI8WgIIcFfesiB/emytbCwJY7npVbh6woiOCXFxIIq', NULL, 'harshstar@hotmail.com', NULL, NULL, NULL, 'ya3Fjv7uYjtYxQoWdJMmk.', 1440405077, 1455257844, 1, 'HARSHIT ', 'JHAVERI', 'M/S P.N.JHAVERI', '+919820244', 'INDIA', 'MUMBAI', 1, 50000, 0),
(136, '182.59.247.241', 'siddhu.jhaveri@gmail.com', '$2y$08$LXZbxStgG6KHChDdRxXYpOwZ8iGCYWVH5WyGOtMYW2XpIbKpZLmHe', NULL, 'siddhu.jhaveri@gmail.com', NULL, NULL, NULL, 'FDI0swHr7gyPKlgNbLw0DO', 1440406003, 1453271699, 1, 'Siddharth', 'Jhaveri', 'Siddharth Hemal Jhaveri', '9768150567', 'INDIA', 'Mumbai', 0, 0, 0),
(138, '106.194.22.140', 'mayurjhaveri47@gmail.com', '$2y$08$JycwiUswH2tGsHCW.tKkROwPTWlaYXXGhh0K/ER.cCeC32dTest8q', NULL, 'mayurjhaveri47@gmail.com', NULL, NULL, NULL, 'BLtkKmyRYbWZZ8JAHWHGvO', 1440411418, 1440411494, 1, 'Mayur', 'Jhaveri', 'Broker', '9821899091', 'India', 'Mumbai', 0, 0, 0),
(140, '103.227.98.58', 'johnson@gemstoneuniverse.com', '$2y$08$pp80iI89AlKIgtEARxTHXeBRMB1XHXWWlfC/gFRvUdJs9cksLMHtO', NULL, 'johnson@gemstoneuniverse.com', NULL, NULL, NULL, 'A6Ob3j8RmDNJoootyALwje', 1440417351, 1457939372, 1, 'Johnson', 'Oonnuny', 'Gemstone universes', '9448207777', 'India', 'Bangalore', 1, 30000, 0),
(141, '120.62.16.64', 'kamlesh.javeri@hotmail.com', '$2y$08$JycwiUswH2tGsHCW.tKkROwPTWlaYXXGhh0K/ER.cCeC32dTest8q', NULL, 'kamlesh.javeri@hotmail.com', NULL, NULL, NULL, 'N91s76KTGlCtKl6bcDD7Cu', 1440422504, 1440754555, 1, 'mitul', 'javeri', 'kayvan kamlesh & co', '9892147025', 'India', 'Mumbai', 1, 25000, 0),
(142, '59.183.143.108', 'Shahprashantr@gmail.com', '$2y$08$JycwiUswH2tGsHCW.tKkROwPTWlaYXXGhh0K/ER.cCeC32dTest8q', NULL, 'Shahprashantr@gmail.com', NULL, NULL, NULL, 'rMydYOYNocrGHUdEWRMi4e', 1440431347, 1440431432, 1, 'prashant', 'shah', 'just pearls & jewels', '9322211385', 'INDIA', 'Mumbai', 0, 0, 0),
(143, '27.5.153.22', 'mihir7285@gmail.com', '$2y$08$JycwiUswH2tGsHCW.tKkROwPTWlaYXXGhh0K/ER.cCeC32dTest8q', NULL, 'mihir7285@gmail.com', NULL, NULL, NULL, 'PJ6aRZAP1VyToHOMaP9C0u', 1440437398, 1440776366, 1, 'Bharat ', 'shah', 'mihir enterprise', '09821121960', 'India', 'Mumbai', 0, 0, 0),
(144, '150.107.40.131', 'hemantkansara36@gmail.com', '$2y$08$KRpphxnQFXrB.DWRJyzlCe3iQ257hXnPk.KEDMf/dSh7H/OAQQwei', NULL, 'hemantkansara36@gmail.com', NULL, NULL, NULL, 'KFXGxJB8AJov/1y4eK1d5e', 1440480068, 1441547149, 1, 'Hemant', 'kansars', 'kansara jewellers', '0097339888622', 'kingdom of Bahrain', 'manama', 0, 0, 0),
(145, '182.58.37.229', 'zarnad2@yahoo.co.in', '$2y$08$JycwiUswH2tGsHCW.tKkROwPTWlaYXXGhh0K/ER.cCeC32dTest8q', NULL, 'zarnad2@yahoo.co.in', NULL, NULL, NULL, 'PiNF/Xei1Zc7KiCgfpVQUu', 1440492137, 1440575477, 1, 'zarna', 'raskapurwala', 'personal', '9869278066', 'India', 'mumbai', 0, 0, 0),
(146, '120.60.233.138', 'r.d.gems@hotmail.com', '$2y$08$TTY7jXUvmppJrG5wpimu.O3niyus8Pvb/FHxeAHSX52xZKQSOmiQ6', NULL, 'r.d.gems@hotmail.com', NULL, NULL, NULL, '9F9yDCDw5LrXoLLKx6d3jO', 1440497442, 1446715512, 1, 'jaikumar', 'punjabi', 'r d gems', '9323114226', 'india', 'Mumbai', 1, 10000, 0),
(149, '203.192.195.27', 'devadhis@rediffmail.com', '$2y$08$JycwiUswH2tGsHCW.tKkROwPTWlaYXXGhh0K/ER.cCeC32dTest8q', NULL, 'devadhis@rediffmail.com', NULL, NULL, NULL, 'nr3eWu609PNF6PlLPjDi2O', 1440564618, 1441112987, 1, 'Devang', 'Jhaveri', '', '02223626808', 'India', 'Mumbai', 0, 0, 0),
(150, '101.59.240.167', 'rajjhaveri@rocketmail.com', '$2y$08$JycwiUswH2tGsHCW.tKkROwPTWlaYXXGhh0K/ER.cCeC32dTest8q', NULL, 'rajjhaveri@rocketmail.com', NULL, NULL, NULL, '.Y3LD0qwdFZoy/DEj4BVhe', 1440565942, 1440667445, 1, 'Raj', 'jhaveri', '', '9320499666', 'india', 'mumbai', 0, 0, 0),
(151, '1.39.8.208', 'viralmjhaveri@hotmail.com', '$2y$08$JycwiUswH2tGsHCW.tKkROwPTWlaYXXGhh0K/ER.cCeC32dTest8q', NULL, 'viralmjhaveri@hotmail.com', NULL, NULL, NULL, NULL, 1440577413, 1440577413, 1, 'viral', 'jhaveri', 'hemvir enterprise', '9820286026', 'india', 'mumbai', 0, 0, 0),
(153, '120.61.223.86', 'pearlcentrejewellers@gmail.com', '$2y$08$GVGVgvOzkOlOJuvk2xOqJe9p5biimkStH0matRDOSEZfBELqKWYXW', NULL, 'pearlcentrejewellers@gmail.com', NULL, NULL, NULL, '7rrGZSYZrZw4FI0.uLDQK.', 1440580579, 1453108831, 1, 'Shreyas ', 'Sarkar', 'Pearl Centre', '02223612689', 'India', 'Mumbai', 0, 0, 0),
(156, '120.61.202.17', 'krinalmalji@yahoo.co.in', '$2y$08$JycwiUswH2tGsHCW.tKkROwPTWlaYXXGhh0K/ER.cCeC32dTest8q', NULL, 'krinalmalji@yahoo.co.in', NULL, NULL, NULL, 'xasLHRcU7Tll1utbEUVcSO', 1440604595, 1440675090, 1, 'krinal', 'malji', 'USHAKANT f malji ', '9920158322', 'India ', 'Mumbai ', 0, 0, 0),
(157, '120.61.173.4', 'shah.paresh65@gmail.com', '$2y$08$KZJnh1bQJGHUkXpSrX2q5OmOqoyhXNJap/QOuJ.9YJgcyPOEf4.NS', NULL, 'shah.paresh65@gmail.com', NULL, NULL, NULL, 'gyQqnqcqd3huOvOuMwE5k.', 1440606707, 1453267385, 1, 'paresh', 'shah', 'moni pearls', '9821247158', 'India', 'mumbai', 0, 0, 0),
(158, '120.61.192.113', 'jupee1305@yahoo.com', '$2y$08$JycwiUswH2tGsHCW.tKkROwPTWlaYXXGhh0K/ER.cCeC32dTest8q', NULL, 'jupee1305@yahoo.com', NULL, NULL, NULL, 'ksMPHI6VgWpa6tmzlBfckO', 1440609260, 1440610443, 1, 'Jupee', 'Shah', 'None', '9821068255', 'India ', 'Mumbai ', 0, 0, 0),
(159, '120.63.68.151', 'prshah5959@gmail.com', '$2y$08$JycwiUswH2tGsHCW.tKkROwPTWlaYXXGhh0K/ER.cCeC32dTest8q', NULL, 'prshah5959@gmail.com', NULL, NULL, NULL, 'ZxrAABPP5/.dUyi6rjmmJO', 1440609676, 1440677725, 1, 'Praful', 'Shah', 'PR Shah', '9324106370', 'India', 'mumbai', 0, 0, 0),
(160, '59.182.15.177', 'jvp1953@gmail.com', '$2y$08$JycwiUswH2tGsHCW.tKkROwPTWlaYXXGhh0K/ER.cCeC32dTest8q', NULL, 'jvp1953@gmail.com', NULL, NULL, NULL, 'nDaJ4N4AOgz3E.LmcIm4ne', 1440618177, 1441113570, 1, 'Jitendra ', 'Pandya', 'PANDYA', '9819985030', 'INDIA ', 'Mumbai ', 0, 0, 0),
(161, '120.61.162.167', 'shah_bhavik21@yahoo.com', '$2y$08$YXCrBj4dVbm820OF1aM0CeClOjvXUvMyhcwc..XVeAmTvxwNsZQym', NULL, 'shah_bhavik21@yahoo.com', NULL, NULL, NULL, 'jdmYkH849b7TKo4tNEdeLu', 1440626598, 1446146992, 1, 'bhavik', 'shah', 'sachi gems', '9833447548', 'india', 'mumbai', 1, 50000, 0),
(162, '123.237.155.86', 'neelmani_1961@yahoo.co.in', '$2y$08$JycwiUswH2tGsHCW.tKkROwPTWlaYXXGhh0K/ER.cCeC32dTest8q', NULL, 'neelmani_1961@yahoo.co.in', NULL, NULL, NULL, 'jw1aItoAy7lQ1IE6ukbZsu', 1440636439, 1440670580, 1, 'MANISH', 'JHAVERI', '', '09323099666', 'INDIA', 'MUMBAI', 0, 0, 0),
(163, '106.77.63.209', 'vishal_4015@yahoo.com', '$2y$08$JycwiUswH2tGsHCW.tKkROwPTWlaYXXGhh0K/ER.cCeC32dTest8q', NULL, 'vishal_4015@yahoo.com', NULL, NULL, NULL, 'ITTy0CivMKfrRXL90Temeu', 1440653262, 1440667503, 1, 'Vishal', 'Patel', 'Patel gems and jewellery', '9049565452', 'India', 'Mumbai', 0, 0, 0),
(164, '1.39.11.146', 'jhaverijay@hotmail.com', '$2y$08$JycwiUswH2tGsHCW.tKkROwPTWlaYXXGhh0K/ER.cCeC32dTest8q', NULL, 'jhaverijay@hotmail.com', NULL, NULL, NULL, 'jatC5XPxyc0VLwI6Hff.2O', 1440657410, 1440657802, 1, 'jay', 'jhaveri', 'aj enterprise', '9820837005', 'india', 'Mumbai', 0, 0, 0),
(165, '106.194.41.15', 'kcs211@gmail.com', '$2y$08$2yyoA1kR/4wdej2T/l20CeO/tg1EpSGlpfq7eTVYd.KzSqgsa57Ju', NULL, 'kcs211@gmail.com', NULL, NULL, NULL, 'tZ/cVI1SUWTwMCLJGiq6eO', 1440658434, 1441523506, 1, 'Kalpesh ', 'shah', 'm/search Kalpesh shah', '09320138938', 'India ', 'Mumbai', 1, 50000, 0),
(166, '106.194.79.65', 'ankurshah68@hotmail.com', '$2y$08$JycwiUswH2tGsHCW.tKkROwPTWlaYXXGhh0K/ER.cCeC32dTest8q', NULL, 'ankurshah68@hotmail.com', NULL, NULL, NULL, NULL, 1440662418, 1440662418, 1, 'Ankur ', 'shah', 'Riya gems', '9004373111', 'india ', 'mumbai ', 0, 0, 0),
(167, '1.39.9.244', 'atulparikh1960@gmail.com', '$2y$08$mrJqh3m1FzfKcukiUuQLBu0lq0tFOpmI5JIeiiy91Dzv9ZAx2BfYC', NULL, 'atulparikh1960@gmail.com', NULL, NULL, NULL, 'CwoQFtLuYH5UZ..E163mje', 1440662637, 1455215151, 1, 'atul', 'parikh', 'n r dee gems', '9819299229', 'India ', 'mumbai', 0, 0, 0),
(168, '1.39.8.4', 'madhavimkg32@gmail.com', '$2y$08$JycwiUswH2tGsHCW.tKkROwPTWlaYXXGhh0K/ER.cCeC32dTest8q', NULL, 'madhavimkg32@gmail.com', NULL, NULL, NULL, 'Dmji/jAhLF8sIWZw718tne', 1440662845, 1440663191, 1, 'madhavi', 'gohil', 'PR work', '9619223888', 'india', 'mumbai', 0, 0, 0),
(169, '1.39.10.164', 'saurabhsarkar07@gmail.com', '$2y$08$JycwiUswH2tGsHCW.tKkROwPTWlaYXXGhh0K/ER.cCeC32dTest8q', NULL, 'saurabhsarkar07@gmail.com', NULL, NULL, NULL, 'HPko0RK/438t1vSGyCSVZO', 1440663980, 1440725977, 1, 'Saurabh ', 'sarkar', 'pearl centres ', '9820181120', 'India ', 'Mumbai ', 0, 0, 0),
(170, '1.38.13.2', 'paragp29@gmail.com', '$2y$08$JycwiUswH2tGsHCW.tKkROwPTWlaYXXGhh0K/ER.cCeC32dTest8q', NULL, 'paragp29@gmail.com', NULL, NULL, NULL, 'rTR05pqqdbKbP6YDTvF9iu', 1440666364, 1440685633, 1, 'Parag Rajnikant', 'Parikh', 'Pearls n More', '9819006990', 'India', 'Mumbai', 0, 0, 0),
(171, '27.97.221.34', 'ravikanthboorugu@gmail.com', '$2y$08$SAI/LQaECfeItD7jk4Z75OiRDVGlWge0Q9mSF8tZ2re37rsXwL8gu', NULL, 'ravikanthboorugu@gmail.com', NULL, NULL, NULL, '/YztvO/oSkTvZaNXmEMB7O', 1440667709, 1445529041, 1, 'ravikant', 'boorugu', 'boorugu mr pearls gems jewels', '9247844402', 'india', 'Hyderabad ', 1, 12000, 0),
(172, '1.39.11.240', 'kunalgems@gmail.com', '$2y$08$JycwiUswH2tGsHCW.tKkROwPTWlaYXXGhh0K/ER.cCeC32dTest8q', NULL, 'kunalgems@gmail.com', NULL, NULL, NULL, NULL, 1440667792, 1440667792, 1, 'Narendra ', 'Bhandari', 'Kunal Gems', '9820085415', 'India', 'Mumbai', 0, 0, 0),
(173, '106.220.146.65', 'jayeshshah01@yahoo.com', '$2y$08$JycwiUswH2tGsHCW.tKkROwPTWlaYXXGhh0K/ER.cCeC32dTest8q', NULL, 'jayeshshah01@yahoo.com', NULL, NULL, NULL, 'BY11WFWp1CxnKFRU7bCj5O', 1440667823, 1440842321, 1, 'jayesh', 'shah', 'baba enterprise', '08008005785', 'india', 'mumbai', 0, 0, 0),
(174, '1.39.9.126', 'Santoshjagtap3279@gmail.com', '$2y$08$JycwiUswH2tGsHCW.tKkROwPTWlaYXXGhh0K/ER.cCeC32dTest8q', NULL, 'Santoshjagtap3279@gmail.com', NULL, NULL, NULL, 'MSK9lLNA5tVYMUx89kDXa.', 1440667926, 1440677212, 1, 'Santosh', 'Jagtap', 'sarkar exports', '9820740220', 'India', 'mumbai', 0, 0, 0),
(175, '1.39.11.240', 'narendrabhandari1002@gmal.com', '$2y$08$JycwiUswH2tGsHCW.tKkROwPTWlaYXXGhh0K/ER.cCeC32dTest8q', NULL, 'narendrabhandari1002@gmal.com', NULL, NULL, NULL, NULL, 1440668019, 1440668019, 1, 'Narendra', 'Bhandari', 'Kunal Gems', '9820085415', 'India', 'Mumbai', 0, 0, 0),
(176, '1.39.46.76', 'mjhaveri52@gmail.com', '$2y$08$JycwiUswH2tGsHCW.tKkROwPTWlaYXXGhh0K/ER.cCeC32dTest8q', NULL, 'mjhaveri52@gmail.com', NULL, NULL, NULL, 'jSoOgvnizGLWdwrVQHk27.', 1440668253, 1440688394, 1, 'manoj', 'jhaveri', 'kaiser gems', '9322227306', 'india', 'mumbai', 0, 0, 0),
(177, '1.39.11.240', 'navendrabhandari1002@gmail.com', '$2y$08$JycwiUswH2tGsHCW.tKkROwPTWlaYXXGhh0K/ER.cCeC32dTest8q', NULL, 'navendrabhandari1002@gmail.com', NULL, NULL, NULL, NULL, 1440668443, 1440668443, 1, 'Narendra ', 'Bhandari', 'Kunal Gems', '9820085415', 'India', 'Mumbai', 0, 0, 0),
(178, '1.38.12.17', 'kratichudawala@gmail.com', '$2y$08$JycwiUswH2tGsHCW.tKkROwPTWlaYXXGhh0K/ER.cCeC32dTest8q', NULL, 'kratichudawala@gmail.com', NULL, NULL, NULL, NULL, 1440670370, 1440670370, 1, 'krati', 'chudawala', 'gems and gemmological equipment', '9820615929', 'india', 'mumbai', 0, 0, 0),
(179, '1.38.12.17', 'kratichudawala91@gmail.com', '$2y$08$JycwiUswH2tGsHCW.tKkROwPTWlaYXXGhh0K/ER.cCeC32dTest8q', NULL, 'kratichudawala91@gmail.com', NULL, NULL, NULL, '9Nzjpw/bNPj3q9Lax740a.', 1440670527, 1440687988, 1, 'krati', 'chudawala', 'gems and gemmological equipment', '9820615929', 'india', 'mumbai', 0, 0, 0),
(180, '1.39.11.45', 'ddeliwala@rediffmail.com', '$2y$08$JycwiUswH2tGsHCW.tKkROwPTWlaYXXGhh0K/ER.cCeC32dTest8q', NULL, 'ddeliwala@rediffmail.com', NULL, NULL, NULL, 'AxInIFAK/km6dZo2qIJOBO', 1440671514, 1440733920, 1, 'deven', 'Deven m Deliwala', 'sunrise enterprises', '9820021474', '', 'Mumbai India', 0, 0, 0),
(181, '45.119.12.116', 'kunalgems@ymail.com', '$2y$08$QTEt/IPatQ1CUpJ5v2kUFu0mEQYg8r0YE5Bs6gKf/Ylzq6IRW7XV2', NULL, 'kunalgems@ymail.com', NULL, NULL, NULL, 'HB6cCWoKUmn5WE.y2sMo7u', 1440691819, 1460822869, 1, 'Narendra', 'Bhandari', 'Kunal Gems', '9820085415', 'India', 'Mumbai', 0, 0, 0),
(182, '45.119.12.116', 'kunalgems@ymail.com', '$2y$08$QTEt/IPatQ1CUpJ5v2kUFu0mEQYg8r0YE5Bs6gKf/Ylzq6IRW7XV2', NULL, 'kunalgems@ymail.com', NULL, NULL, NULL, NULL, 1440691819, 1440691819, 1, 'Narendra', 'Bhandari', 'Kunal Gems', '9820085415', 'India', 'Mumbai', 0, 0, 0),
(183, '45.119.12.116', 'kunalgems@ymail.com', '$2y$08$QTEt/IPatQ1CUpJ5v2kUFu0mEQYg8r0YE5Bs6gKf/Ylzq6IRW7XV2', NULL, 'kunalgems@ymail.com', NULL, NULL, NULL, NULL, 1440691819, 1440691819, 1, 'Narendra', 'Bhandari', 'Kunal Gems', '9820085415', 'India', 'Mumbai', 0, 0, 0),
(184, '120.61.201.40', 'tejalparikh2913@gmail.com', '$2y$08$JycwiUswH2tGsHCW.tKkROwPTWlaYXXGhh0K/ER.cCeC32dTest8q', NULL, 'tejalparikh2913@gmail.com', NULL, NULL, NULL, 'JsVTnMm6QtN5llLQy23F2e', 1440691937, 1440745414, 1, 'tejal', 'parikh', 'pearl', '9320222184', 'india', 'mumbai', 0, 0, 0),
(185, '1.39.45.194', 'rakeshshah6611@gmail.com', '$2y$08$uipvxPYT9XzkAUl6iSEsGOFD1Pw6Ke1RT3EaQ0C8XJ7gnumFJxuXG', NULL, 'rakeshshah6611@gmail.com', NULL, NULL, NULL, NULL, 1440831646, 1440831646, 1, 'Rakesh', 'Shah', 'Rakesh Shsh', '9820048669', 'India', 'Mumbai', 0, 0, 0),
(186, '183.87.43.60', 'onkarpol12@gmail.com', '$2y$08$DnBS9IPKOxLVrCUecons.eFf2tWl4B4q6FiqfBqU1fq4a/PrbcibS', NULL, 'onkarpol12@gmail.com', NULL, NULL, NULL, NULL, 1441204155, 1441204155, 1, 'vishal', 'zagde', 'kreaserv', '9769102406', 'India', 'mumbai', 0, 0, 0),
(187, '183.83.99.135', 'rahulgoel35737@gmail.com', '$2y$08$JvM7EalNO5cZX7Pdd.jsXegjN2ydcuDv.MLrXmWhaYnn5JXVZVVHe', NULL, 'rahulgoel35737@gmail.com', NULL, NULL, NULL, 'Ylcn/B1Q5XLDAacheQJZJO', 1441258260, 1441258313, 1, 'Rahul', 'Goel', 'Ramjidas Hazarilal Pearls dealers', '9885035737', 'India', 'Hyderabad', 0, 0, 0),
(188, '1.38.13.1', 'sarkarpearls@gmail.com', '$2y$08$Ike6o.0n.WepEbx259drveItNtbX/2bUI6LklXjqORcWQwL7.chfK', NULL, 'sarkarpearls@gmail.com', NULL, NULL, NULL, 'QX4fo3egIt1HbE2UGp.HSu', 1441969691, 1454490089, 1, 'Bhavik', 'Sarkar', 'Sarkar Pearls', '9821930364', 'India', 'Mumbai', 1, 50000, 0),
(189, '182.56.218.148', 'rbt@Gmail.com', '$2y$08$CVjdGeeQjk/9k.IsHvoK4uBkLgRbAEWnWihwzaARNlIf5qugb9Zuy', NULL, 'rbt@Gmail.com', NULL, NULL, NULL, NULL, 1443000971, 1443000971, 1, 'RRRR', 'BBBB', 'RB T', '22992299', 'India', 'Mumbai', 0, 0, 0),
(190, '182.56.218.148', 'dipanmadhani@gmail.com', '$2y$08$YrQvn17iJgVYS2o0WWeFluE7w9yF7q6RDBHdI9YzELMaqN.VGlub.', NULL, 'dipanmadhani@gmail.com', NULL, NULL, NULL, 'yUpaZMb7DQKMJsf00oXyne', 1443001012, 1443001036, 1, 'Dipan', 'Madhani', 'Techminds', '23887720', 'India', 'Mumbai', 0, 0, 0),
(191, '1.39.9.82', 'ashishshah2011@ymail.com', '$2y$08$Yst1EKngQ1xrLV2jyLu2lOsZTtBrzINYSdglVhQ6BHL78soJKrIM6', NULL, 'ashishshah2011@ymail.com', NULL, NULL, NULL, NULL, 1443462513, 1443462513, 1, 'Ashish', 'Shah', '', '9833437967', 'India ', 'Mumbai ', 0, 0, 0),
(192, '78.110.68.48', 'vckansara@yahoo.com', '$2y$08$SP2eRH.rmUfUDWnC3fp3be4.gf5crVmfbEJaFVqlhuLuRO1MrSo2.', NULL, 'vckansara@yahoo.com', NULL, NULL, NULL, 'gaeIWc/QJkhAaaRDUDe3lu', 1444155815, 1444229982, 1, 'vijay', 'kansara', 'mignas jewellers', '39633784', 'Bahrain', '', 0, 0, 0),
(193, '120.62.13.11', 'purnimapearls@gmail.com', '$2y$08$p5QoCsB69G4lCgaO.CjW1OPcYgeEQ.PchRfjDj1ZNWtdlkdhV6h5K', NULL, 'purnimapearls@gmail.com', NULL, NULL, NULL, 'j06oVPpl25pQE3QhTzjYr.', 1444833310, 1445752933, 1, 'Vaibhav', 'Sarkar', 'Purnima pearls', '9820162300', 'India ', 'Mumbai ', 0, 0, 0),
(194, '1.39.11.238', 'bipinzaveri1942@gmail.com', '$2y$08$ITOjSq3H8gPwGiZ5Q5ipM.BSkRiF9SFp02I1hvsyZ87lGmaUAMx6q', NULL, 'bipinzaveri1942@gmail.com', NULL, NULL, NULL, 'VPhkdKT9nJVpCM6JeJxZ6.', 1444908082, 1444908196, 1, 'Bipin', 'Zaveri', 'Pearls.R.US', '9820147218', 'India', 'Mumbai', 0, 0, 0),
(195, '117.203.9.204', 'agrawalnawalkishore@gmail.com', '$2y$08$J6iBoLe08VknLoo.iyNug.fMdZ8HAWlH2GsdRhBuEpoIWvILD696a', NULL, 'agrawalnawalkishore@gmail.com', NULL, NULL, NULL, 'kgGcQ3Ve6nejlIttl.ZT1u', 1445006064, 1445006400, 1, 'nawal', 'agrawal', 'ratan', '7665555606', 'india', 'jaipur', 0, 0, 0),
(196, '1.39.10.123', 'smaratshah2015@gmail.com', '$2y$08$XQkZllsMycTBHdf5qDk6huvP41CwduGas6quMBwe21cXU1pmMR8bu', NULL, 'smaratshah2015@gmail.com', NULL, NULL, NULL, 'UqzPEiyJaYEo3HxL0LCN3e', 1445327831, 1445510508, 1, 'Samrat', 'Shah', 'Samratgems', '9820968992', 'India', 'Mumbai', 1, 30000, 0),
(197, '1.39.9.194', 'saraansh51@hotmail.com', '$2y$08$es0j2JnvFHMmHO6ubVoXpelv4mlC3aRdjM2TecTuq1Rwg2N/gT4M6', NULL, 'saraansh51@hotmail.com', NULL, NULL, NULL, 'Sm38HkDhyuWhIlS/cFNEfe', 1445328645, 1452867029, 1, 'Saraansh', 'Pankaj', 'Jhaveri', '9833140692', 'India', 'Mumbai', 0, 0, 0),
(198, '122.169.21.129', 'samratshah2015@gmail.com', '$2y$08$oJeyvKmJ2skMcrdj4sxUnuLEZDQKsOrUixi7vXKUzBga8YPXAUPBy', NULL, 'samratshah2015@gmail.com', NULL, NULL, NULL, 'EHlGwqZxSPFSO1QBpDLub.', 1445330957, 1453884093, 1, 'Samrat', 'Shah', 'Samrat gems ', '9820968992', 'India ', 'Mumbai ', 1, 12539, 0),
(199, '27.106.17.26', 'sourabhdhaddha89@gmail.com', '$2y$08$5rpq7dlYq9AMBQpPh2SvteKWltlslq9MwUwP2XLePgmfW/Pl3chce', NULL, 'sourabhdhaddha89@gmail.com', NULL, NULL, NULL, 'GOEZo41r2KvZVhXHoaSsn.', 1445346964, 1458904888, 1, 'Sourabh', 'Dhaddha', 'Goenka Diamond and Jewels Ltd', '9004039497', 'India', 'Mumbai', 1, 20000, 0),
(200, '106.215.166.145', 'neeraj.paboowal@yahoo.com', '$2y$08$lGAwDf90WNo5/mRht3VDvOBMxBR3nF5u4XjOMp0yjgbE8wzV5hooO', NULL, 'neeraj.paboowal@yahoo.com', NULL, NULL, NULL, 'zgUz3WsjYULVCEylWS9Bb.', 1445409139, 1445436878, 1, 'NEERAJ', 'PABOOWAL', 'M/S. SHIVAM', '9829067475', 'INDIA', 'JAIPUR', 0, 0, 0),
(201, '59.183.184.183', 'jhaverirajesh@rocketmail.com', '$2y$08$aMzCrjDXE1zvuBbe9jnDe.RBv8kxlQzdWuOah4N5jV2PkoR7wRr8a', NULL, 'jhaverirajesh@rocketmail.com', NULL, NULL, NULL, 'dAXsLwY3Y/Y0Gf6jLgxq4e', 1445409164, 1455604989, 1, 'rajesh', 'jhaveri', 'ocean pearl', '9820826747', 'india', 'mymbai', 0, 0, 0),
(202, '59.182.148.250', 'naineshjhaveri@yahoo.com', '$2y$08$siSWuS1WQIXQg2XogAWV6ueeOhmZlWKNdLD4vY6QaiQ9b0zizGLIq', NULL, 'naineshjhaveri@yahoo.com', NULL, NULL, NULL, 'FKF7GHuVkgIGrR5sfNrK8.', 1445487732, 1453319655, 1, 'NAINESH', 'JHAVERI', 'MANTHAN JEWELLERS', '+919029389038', 'INDIA', 'MUMBAI', 0, 0, 0),
(203, '124.123.211.62', 'vinodgaikward@gmail.com', '$2y$08$YvcKYAPC8QPepxwPLYIBheOqFqcDm10o9uKuCg0roxpf43ebGIGRC', NULL, 'vinodgaikward@gmail.com', NULL, NULL, NULL, 'bKwSohPM/6v12N1vDgQNIO', 1445851439, 1446041954, 1, 'vinod', 'gaikward', 'tibarumal', '+919949654364', 'India', 'hyderabad', 0, 0, 0),
(204, '124.123.211.62', 'vinogaikward@gmail.com', '$2y$08$5RljqGrFn9ojozFPsf30Fu77AstREnircBMQeX75Q4ap60vl8cRGS', NULL, 'vinogaikward@gmail.com', NULL, NULL, NULL, NULL, 1445870529, 1445870529, 1, 'vinod', 'gaikward', 'tibarumal', '9949654364', 'India', 'hyderabad', 0, 0, 0),
(205, '49.205.220.92', 'vikramkabra@yahoo.com', '$2y$08$iN22pOToSSkPu2AiAigKdOaizXU2Qw3lg7z/lSLeD4yrGAIJrZSSq', NULL, 'vikramkabra@yahoo.com', NULL, NULL, NULL, NULL, 1446028668, 1446028668, 1, 'vikram', 'kabra', 'kabra jewellers', '9849597700', 'india', 'hyderabad', 0, 0, 0),
(206, '59.183.153.56', 'kunal_zaveri@yahoo.com', '$2y$08$/p7UrpfPA0H1fE59q0ZvxuUk.FR4VDIdkMSKoFQknE8lIka21N8Jm', NULL, 'kunal_zaveri@yahoo.com', NULL, NULL, NULL, 'jZ3b97qweNcIzFHUf7CTK.', 1446034357, 1446617107, 1, 'Bipin', 'Zaveri', 'Pearls.R.US', '9820147218', 'India', 'Mumbai', 0, 0, 0),
(207, '1.39.137.78', 'chirag83@live.in', '$2y$08$QWwF3N5ujX9z14vwodMXgewTOSg3FJGV/UdRmF4nna1cPsM4yHaau', NULL, 'chirag83@live.in', NULL, NULL, NULL, 'nEarVFm6/QM2r7VG7R4FUO', 1446464300, 1446709008, 1, 'Chirag', 'Modi', 'Krunal gems', '+919830606601', 'India ', 'Kolkata ', 1, 5000, 0),
(208, '1.39.11.47', 'prshah5959@gmail..com', '$2y$08$z5Q.nUjKnuUeotLgNt3CbelSFgKaDktZo7Rh3kZCC5C9K20/WPsee', NULL, 'prshah5959@gmail..com', NULL, NULL, NULL, NULL, 1446714127, 1446714127, 1, 'praful ', 'shah', 'He is Abhai hydrabad man', '09324106370', 'India', 'Bombay', 0, 0, 0),
(209, '127.0.0.1', 'test_ios@admin.com', '$2a$07$SeBknntpZror9uyftVopmu61qg0ms8Qv1yV6FG.kQOSM.9QhmTo36', '', 'test_ios@admin.com', '', NULL, NULL, '0gHCi03wKd6UvFbXEle3WO', 1268889823, 1453234364, 1, 'IOS', 'Admin', 'ADMIN', '9769102406', 'India', 'Mumbai', 1, 20, 0),
(210, '106.51.225.98', 'ananthphone@gmail.com', '$2y$08$1xAd5dS5PXsYyKXAylUQfudVSpg34BOHGZ.t1UIHx1/Us0cjic0Iq', NULL, 'ananthphone@gmail.com', NULL, NULL, NULL, 'l9qAkg7m0Wy.x2trtmUsK.', 1447617967, 1455473025, 1, 'anantharam', 'shanmugam', '7colorgems', '9980922255', 'india', 'bangalore', 1, 5000, 0),
(211, '120.63.187.160', 'mahi1111993@gmail.com', '$2y$08$IkX7doVyvRsi0LneKPOhxeNnU5Bo4q1uJ1sN/aKBKUk1Vq7GUpLSK', NULL, 'mahi1111993@gmail.com', NULL, NULL, NULL, NULL, 1447835796, 1447835796, 1, 'mahendra', 'vaishnav', 'kala darshan', '7715832407', 'iIndia', 'thane', 0, 0, 0),
(212, '1.39.8.19', 'rct_222@yahoo.co.in', '$2y$08$cgIzl6hmT3RShOUwHKrmaO3cPrKvc2TzeJVsU9GYenDJhE5rZKAMC', NULL, 'rct_222@yahoo.co.in', NULL, NULL, NULL, 'AFPs2aJ.cnI9kv/AEoUyf.', 1448001599, 1448003232, 1, 'Rajendra ', 'Shah', 'R.C. Traders', '9820026720', 'India', 'Mumbai', 1, 5000, 0),
(213, '1.39.10.36', 'kunjalj@hotmail.com', '$2y$08$GNZnzanQNAk3yf2OtJ9XIuecXJBRIP5LHfWNct9.aqUl1f9/4Gv.W', NULL, 'kunjalj@hotmail.com', NULL, NULL, NULL, NULL, 1448257125, 1448257125, 1, 'Kunjal', 'Jhaveri', 'Navpushpa Jewellers', '9820071907', 'India', 'mumbai', 0, 0, 0),
(214, '120.63.187.160', 'mahendravaishnav912gmail.com', '$2y$08$IE01VaqCgKMBp6untHCBY.SiKp/u0KUdGJzSV.jVv/jn0pAsUL66i', NULL, 'mahendravaishnav912gmail.com', NULL, NULL, NULL, NULL, 1448450664, 1448450664, 1, 'mahendra', 'vvaishnav', 'kala darshan gems', '7715832407', 'india', 'thane', 0, 0, 0),
(215, '120.63.187.160', 'mahendravaishnav834@gmail.com', '$2y$08$b6zB.Fa9iDC1nmN9JivvQeVOIBfD5/8k6gj2iPo5PJATjQEcEcH7i', NULL, 'mahendravaishnav834@gmail.com', NULL, NULL, NULL, NULL, 1448458842, 1448458842, 1, 'mahendra', 'vvaishnav', 'kala darshan', '7715832407', 'india', 'thane', 0, 0, 0),
(216, '1.39.47.20', 'kailash.gundecha2015@gmail.com', '$2y$08$5w9mDnUkiKd075.0SXLCpu0i7MdxfxiVl8NOD2UNK11W3cDKCgMUu', NULL, 'kailash.gundecha2015@gmail.com', NULL, NULL, NULL, 'Da6pd2W9o8d9e0SPsf6phu', 1450184784, 1450184990, 1, 'kailash', 'gundecha', 'laxmi jewellers', '9819770796', 'India', 'vashi navi mumbai', 0, 0, 0),
(217, '59.184.32.219', 'nakshatra13 @yahoo.com', '$2y$08$/ghsXVdgi4E1.1ZwzxzOIeCuWy1KE1cEwgMXz22wNPC4oV1w/E6FO', NULL, 'nakshatra13 @yahoo.com', NULL, NULL, NULL, NULL, 1450193153, 1450193153, 1, 'Kiran ', 'Kothare ', 'Nakshatra Gems', '22 25933500', 'India ', 'Mumbai ', 0, 0, 0),
(218, '1.39.9.76', 'bansilalsoni5@gmail.com', '$2y$08$hmF2bhBNPLp33T8YeLp4aeV6huED17Uo0hLSZKHQgq98u3Po.pGTe', NULL, 'bansilalsoni5@gmail.com', NULL, NULL, NULL, '.JMnoK4dkqh4hQjafyJKhu', 1450422878, 1450423028, 1, 'banshilal', 'soni', 'ma gayatri gems and jewellers', '9324958431', 'india', 'thane', 0, 0, 0),
(219, '122.170.17.64', 'khannarajeev53@gmail.com', '$2y$08$zdEXGnFpf/UXsFnIIOg6tOhMHjSrY1WEHrQGMRUj2psbZTpY.vJSa', NULL, 'khannarajeev53@gmail.com', NULL, NULL, NULL, '7HSe7bIO8OCcJaEsjr.Dze', 1450870806, 1451286993, 1, 'Rajeev', 'Khanna', 'Satguru''s ', '9821393439', 'India', 'Mumbai', 0, 0, 0),
(220, '49.248.70.40', 'khannrajeev48@ymail.com', '$2y$08$YmlEiyAfaOijDVF4Y5PI..K/7VzDf7PCUGO5iywpdof2dVrkVgl/i', NULL, 'khannrajeev48@ymail.com', NULL, NULL, NULL, NULL, 1451023908, 1451023908, 1, 'rajeev', 'khanna', 'satguru''s', '9821393439', 'india', 'mumbai', 0, 0, 0),
(221, '103.19.137.17', 'jitenjdhami@gmail.com', '$2y$08$vdX4G08kEuFeH7m82lpKvuXr4lrR9dMx/lhiZ0GeiElL9LYSbkLPa', NULL, 'jitenjdhami@gmail.com', NULL, NULL, NULL, 'xoORn7xuCpJUs03VVKbkVO', 1451128702, 1451128865, 1, 'Jiten', 'Dhami', 'Anita & co', '9821922843', 'India', 'Mumbai', 0, 0, 0),
(222, '125.162.171.226', 'mnn_jhaveri@yahoo.com', '$2y$08$Up..6l0wgAiHPPOmz.XsGeUMV34teEd4rFZlNUTYZ0rYxM.Tb.esm', NULL, 'mnn_jhaveri@yahoo.com', NULL, NULL, NULL, 'zKVe9B3l7HIXuOXhDgvUSe', 1452866532, 1455706877, 1, 'Manan', 'Jhaveri', 'Manan Jhaveri', '9819320646', 'India', 'Mumbai', 0, 0, 0),
(223, '112.215.36.145', 'bablaenterprises@gmail.com', '$2y$08$59dONVHMcWJkDgc5DqDZp.w7iNLOBiDUQSnYU0GfVDyR8EwKd0fnO', NULL, 'bablaenterprises@gmail.com', NULL, NULL, NULL, 'KPtyLXUkEkEcggzwb6da7e', 1452867249, 1454491237, 1, 'Shah', 'GUNJAN ', 'BABLA ENTERPRISES', '9867345574', 'India', 'Mumbai ', 0, 0, 0),
(224, '106.194.47.238', 'skshah999@yahoo.in', '$2y$08$98rvSjmGLYAfS2EDAq7mGu7XzOfsPZkn/rmC6vCf8tkqRIZ6Vzw8i', NULL, 'skshah999@yahoo.in', NULL, NULL, NULL, 'qI85ojp9WANqDehnJC0MQO', 1452938976, 1454154447, 1, 'Shirish', 'Shah', 'Samrat Gems', '9820082956', 'India ', 'Mumbai', 1, 50000, 0),
(225, '122.179.164.190', 'bhavinshah9@hotmail.com', '$2y$08$/.B7uvSNEfwhJZpdigeEbO9kOLD1qtRPSLpR2S0PhP5MPiSzcS9wG', NULL, 'bhavinshah9@hotmail.com', NULL, NULL, NULL, 'XbEllqNdHNutA31fFExRqe', 1453005731, 1453896468, 1, 'Bhavin', 'Shah', 'Janvi enterprises ', '+919820577501', 'India ', 'Mumbai ', 0, 0, 0),
(226, '183.82.226.186', 'kcimpex2@gmail.com', '$2y$08$U526.lpqRKpols0WD94Bcu0WxJNLSnYLhqT9Aj2QL85/sVtPeeMj6', NULL, 'kcimpex2@gmail.com', NULL, NULL, NULL, 'SrvgBLJcxpjsnWgsPO36J.', 1453106019, 1453120708, 1, 'Manish', 'Vyas', 'K.chandrakant & co', '9849491444', 'India', 'Hyderabad', 0, 0, 0),
(227, '122.179.172.196', 'rakeshsoundankar@gmail.com', '$2y$08$38GFYYYCfGjLYLGAXJfGT.7uGRU2Zb2Ee0uoZ38cGztd5/tMWP0zC', NULL, 'rakeshsoundankar@gmail.com', NULL, NULL, NULL, 'Bo2MFv1zSopsAgJSqMYLJ.', 1453114671, 1456770729, 1, 'Rakwsh', 'soundankar', 'rakesh', '+919822317180', 'Indis', 'puna', 0, 0, 0),
(228, '1.39.47.67', 'yogesh_shah@yahoo.com', '$2y$08$OTjOJV6Y3qveZycmci8r7O6NeiWaF.QQxhYiyNXojZscOyTjomsTu', NULL, 'yogesh_shah@yahoo.com', NULL, NULL, NULL, 'guA/MFHtqUQsx/mZyhJ05e', 1453115532, 1453139249, 1, 'Yogesh', 'Shah', '', '9819973198', 'India', 'Mumbai', 0, 0, 0),
(229, '120.61.211.205', 'monishshah105@gmail.com', '$2y$08$0FmV7t4I4ThgYS7.x1rO9eyqT/YLIkVoQYknWo1lhupW98b7y2EXu', NULL, 'monishshah105@gmail.com', NULL, NULL, NULL, NULL, 1453264830, 1453264830, 1, 'Paresh ', 'Shah', 'Monipearl', '9821247158', 'India', 'Mumbai', 0, 0, 0),
(230, '202.177.248.53', 'bhavinjaveri76@gmail.com', '$2y$08$2wpp.ux4Epmf4M6V5FFOe..wOVzq4IyzY0ECObmxr4Q2rrIZoYUpu', NULL, 'bhavinjaveri76@gmail.com', NULL, NULL, NULL, 'o6f/zS6XwFZRkhz7wmI9Xe', 1453529852, 1453882822, 1, 'Bhavin', 'javeri', 'Bay pearls', '9324318081', 'India', 'mumbai', 1, 47449, 0),
(231, '1.39.46.7', 'rakeshshah1166 @gamil.com.', '$2y$08$mkktvT3ROzOjiCapnVtjxOWp2dBIUO7b.6muGqqke/tK7TlCbOYLO', NULL, 'rakeshshah1166 @gamil.com.', NULL, NULL, NULL, NULL, 1453537981, 1453537981, 1, 'Rakesh', 'Shah', 'Rakesh V. Shah', '9820048669', 'india', 'mumbai', 0, 0, 0),
(232, '1.39.46.7', 'shahrakesh1166@gmail.com', '$2y$08$QKSnknm3oKlx4MCU36Oh6uO0iZNmUxohILi85aUJZ/K8sr2Jmm11i', NULL, 'shahrakesh1166@gmail.com', NULL, NULL, NULL, 'swcEyPqwiWst5tzBKXaLPO', 1453538544, 1457541217, 1, 'Rakesh ', 'Shah', 'Rakesh V. Shah', '9820048669', 'india', 'mumbai', 1, 20000, 0),
(233, '1.39.47.106', 'jainam.1993@gmail.com', '$2y$08$YA0BIkLBhp5rKLTITo7jf.8vGbiJTmfzzbX5vsbzOtbgqUneVHQWm', NULL, 'jainam.1993@gmail.com', NULL, NULL, NULL, 'NRzPlpRXOZYf45Au2MxhGe', 1453717284, 1453717484, 1, 'Jainam', 'Jhaveri', '', '9820375515', 'India', 'Mumbai', 0, 0, 0),
(234, '183.82.186.80', 'mittal_jewellers@yahoo.co.in', '$2y$08$l4BZpMdKASUOuJ3gN9CRuOYofy1fq8M4/pto8.MokCYNPq4//QrxO', NULL, 'mittal_jewellers@yahoo.co.in', NULL, NULL, NULL, 'NiHXHkw36a3bbkNrBw7b3u', 1453722453, 1455337294, 1, 'Aman', 'Mittal', 'Mittal Pearls and Jewellery', '9966301099', 'India', 'Secunderabad', 0, 0, 0),
(235, '122.169.40.185', 'kinjal_5625@yahoo.co.in', '$2y$08$t/MqwkzpSn/HYMg8Rxhz/.zwBDFAoi2LAWeLwvfQoF94iR33Q/PEm', NULL, 'kinjal_5625@yahoo.co.in', NULL, NULL, NULL, '.6h/BSBCQsEUAcrVrMZLLO', 1453726003, 1461341455, 1, 'kinjal', 'patel', 'patel gems and jewellery', '9833232113', 'india', 'mumbai', 0, 0, 0),
(236, '180.188.235.126', 'mayankp1980@yahoo.co.in', '$2y$08$3XbZP/BrZRGOUV0Gnx.jruImOhN3DDGTggyOZ4YdWvy7lk4fVjFLO', NULL, 'mayankp1980@yahoo.co.in', NULL, NULL, NULL, '/guhHQYEFYqflwZx331hs.', 1453736897, 1453736964, 1, 'Mayank ', 'Patel ', 'S.m . creation ', '9820361654', 'India', 'Mumbai ', 0, 0, 0),
(237, '124.123.29.103', 'sushmapitti@gmail.com', '$2y$08$D3uIq1InBmFfIGiv6J7wAenDHekNd37QQ.7h1lzMBVYnuYzfk2cJu', NULL, 'sushmapitti@gmail.com', NULL, NULL, NULL, 'BNrSEacMw/mDF1SHSq1l6.', 1453817300, 1453891749, 1, 'Sudhir', 'Pitti', 'Pitti Jewellers', '9391603353', 'India', 'Hyderabad', 1, 20000, 0),
(238, '1.39.9.104', 'anilpunjabi1@rediffmail.com', '$2y$08$udspT/z558bCF6VQKjeM8eZIiXoZuqv.A/1yvBtpquLsZYfPODXBy', NULL, 'anilpunjabi1@rediffmail.com', NULL, NULL, NULL, 'jaltSmeFGaWcScJEcoHh6O', 1454169737, 1454169847, 1, 'Anil ', 'Punjabi', 'TAHILRAM TIRTHDAS JEWELLERS', '9820317181', 'India', 'Munbai', 0, 0, 0),
(239, '120.63.43.172', 'rakesh shah 6611 @ gmail. com.', '$2y$08$pFNH9JOXlvCvOQKwx2fgMOZi28NdugGeyx6e7tgWBk3q5W3rsFZI6', NULL, 'rakesh shah 6611 @ gmail. com.', NULL, NULL, NULL, NULL, 1454391790, 1454391790, 1, 'rakesh', 'shah ', 'Rakesh v.shah', '+919820048669', 'india', 'mumbai', 0, 0, 0),
(240, '203.219.88.181', 'isamalezy@hotmail.com', '$2y$08$G91gCIArX3A6BbNtezBYBuKmon2GwMJVwvfH37ZZkk4TIyweMpClC', NULL, 'isamalezy@hotmail.com', NULL, NULL, NULL, 'GhuDUg2goLN3EwxeiFJSJu', 1455025503, 1455278735, 1, 'Isam', 'Alezy', 'Natural Pacific Pearls ', '+61421756131', ' Australia ', 'Sydney ', 1, 5000, 0),
(241, '183.87.43.60', 'adawood200999@gmail.com', '$2y$08$10fAb.Ce.l3bqotU6ZXQ8utFPKeAtKAOPM.Is0uTaVXEXdqBu6zUW', NULL, 'adawood200999@gmail.com', NULL, NULL, NULL, 'R6L0JhREZXsph2qHSv0kyO', 1456477552, 1456477614, 1, 'ABC', 'abc', 'abc', '8080813106', 'india', 'Mumbai', 0, 0, 0),
(242, '188.236.184.173', 'almuzyen@hotmaiel.com', '$2y$08$qWOFfpodqFe4vunxTSJQFuuOTU3wjPhOGdKtLudYm.hgYF4UfyCZC', NULL, 'almuzyen@hotmaiel.com', NULL, NULL, NULL, NULL, 1457371208, 1457371208, 1, 'abdullateef ', 'almuzyen', 'q8ypaerls ', '0096597175775', 'Kuwait ', 'Kuwait ', 0, 0, 0),
(243, '159.203.4.15', '0', '$2y$08$YsUPDlXyD9Nr8l6vh.wsze5GHNvDxNpJcg4XYPKCJf9hWM9QKIFge', NULL, '0', NULL, NULL, NULL, NULL, 1457371209, 1457371209, 1, '0', '0', '0', '0', '0', '0', 0, 0, 0),
(244, '188.236.184.173', 'Q8ypaerls@gmail.com', '$2y$08$8rHAda4BH3TpSedOu9120.82XokaowDAyCgL81COzHdWb/Vscq30u', NULL, 'Q8ypaerls@gmail.com', NULL, NULL, NULL, 'UTKfBg62IxleJIMiJxy8Uu', 1457467619, 1458241117, 1, 'abdullateef ', 'almuzyen', 'almuzyen', '0096597175775', 'Kuwait ', 'Kuwait ', 0, 0, 0),
(245, '106.194.92.81', 'bhavyashah80@gmail.com', '$2y$08$IAcQpcRhQoOUUjLyL6bXOe/vGg6Car6pWMHCjVgNKcZMyvruZj3Lq', NULL, 'bhavyashah80@gmail.com', NULL, NULL, NULL, NULL, 1458101968, 1458101968, 1, 'Dakshesh', ' shah', 'jkshah', '9819728955', 'India', 'Mumbai', 0, 0, 0),
(246, '106.194.92.81', 'sbhavya727@gmail.com', '$2y$08$ofK0cfLJdY9TK/WPmHYzY.y5BBibn3gy9GEF3JFjl9yejHJpa/YPi', NULL, 'sbhavya727@gmail.com', NULL, NULL, NULL, '3s1V5NJqyo44grxMJ.bWvO', 1458102068, 1458102103, 1, 'Dakshesh', ' shah', 'jkshah', '9819728955', 'India', 'Mumbai', 0, 0, 0),
(247, '107.139.139.56', 'amandamae1024@gmail.com', '$2y$08$ba6jSlBrqR9oNj1znPzwV.up7UvfeXhXCx0dodDXj8pqfEtuBX2vO', NULL, 'amandamae1024@gmail.com', NULL, NULL, NULL, 'TzZlwBusMUtleH4dhyImUO', 1459628704, 1459628764, 1, 'Amanda', 'Howard', 'Onnicks and co', '8067875423', 'United states', 'Slaton', 0, 0, 0),
(248, '113.193.228.120', 'kavish@mirackle.com', '$2y$08$9sSoTkQkk82/9GhK.97Eauav6OAfMO8LqprUJ0a5cn5uFosuCPGKu', NULL, 'kavish@mirackle.com', NULL, NULL, NULL, 'BGf8.MHh92irbbXkdj20Fe', 1460539674, 1460619279, 1, 'Kavish', 'Desai', 'Mirackle Solutions', '9321393781', 'India', 'Mumbai', 0, 0, 0),
(249, '120.61.218.229', 'soni_1963@yahoo.in', '$2y$08$9/2Rnu7LFjCuAx.nNuia8u9PoXwZw9kblxdIuVOXrFjNGa.em8dV2', NULL, 'soni_1963@yahoo.in', NULL, NULL, NULL, 'gLvk0yDNh2f/MUg79fks.O', 1460806486, 1460854334, 1, 'Sushil', 'soni', 'shwet Ratan impex', '+919820017142', 'india', 'mumbai', 0, 0, 0);

-- --------------------------------------------------------

--
-- Table structure for table `users_groups`
--

CREATE TABLE IF NOT EXISTS `users_groups` (
  `id` int(11) unsigned NOT NULL AUTO_INCREMENT,
  `user_id` int(11) unsigned NOT NULL,
  `group_id` mediumint(8) unsigned NOT NULL,
  PRIMARY KEY (`id`),
  UNIQUE KEY `uc_users_groups` (`user_id`,`group_id`),
  KEY `fk_users_groups_users1_idx` (`user_id`),
  KEY `fk_users_groups_groups1_idx` (`group_id`)
) ENGINE=InnoDB  DEFAULT CHARSET=utf8 AUTO_INCREMENT=249 ;

--
-- Dumping data for table `users_groups`
--

INSERT INTO `users_groups` (`id`, `user_id`, `group_id`) VALUES
(1, 1, 1),
(2, 1, 2),
(85, 85, 2),
(86, 86, 2),
(87, 87, 2),
(88, 88, 2),
(89, 89, 2),
(90, 90, 2),
(91, 91, 2),
(92, 92, 2),
(93, 93, 2),
(94, 94, 2),
(95, 95, 2),
(96, 96, 2),
(97, 97, 2),
(98, 98, 2),
(100, 100, 2),
(101, 101, 2),
(102, 102, 2),
(103, 103, 2),
(104, 104, 2),
(105, 105, 2),
(107, 107, 2),
(108, 108, 2),
(109, 109, 2),
(110, 110, 2),
(112, 112, 2),
(113, 113, 2),
(114, 114, 2),
(115, 115, 2),
(116, 116, 2),
(117, 117, 2),
(118, 118, 2),
(119, 119, 2),
(124, 124, 2),
(125, 125, 2),
(126, 126, 2),
(127, 127, 2),
(128, 128, 2),
(129, 129, 2),
(130, 130, 2),
(131, 131, 2),
(132, 132, 2),
(133, 133, 2),
(134, 134, 2),
(135, 135, 2),
(136, 136, 2),
(138, 138, 2),
(140, 140, 2),
(141, 141, 2),
(142, 142, 2),
(143, 143, 2),
(144, 144, 2),
(145, 145, 2),
(146, 146, 2),
(149, 149, 2),
(150, 150, 2),
(151, 151, 2),
(153, 153, 2),
(156, 156, 2),
(157, 157, 2),
(158, 158, 2),
(159, 159, 2),
(160, 160, 2),
(161, 161, 2),
(162, 162, 2),
(163, 163, 2),
(164, 164, 2),
(165, 165, 2),
(166, 166, 2),
(167, 167, 2),
(168, 168, 2),
(169, 169, 2),
(170, 170, 2),
(171, 171, 2),
(172, 172, 2),
(173, 173, 2),
(174, 174, 2),
(175, 175, 2),
(176, 176, 2),
(177, 177, 2),
(178, 178, 2),
(179, 179, 2),
(180, 180, 2),
(181, 181, 2),
(182, 182, 2),
(183, 183, 2),
(184, 184, 2),
(185, 185, 2),
(186, 186, 2),
(187, 187, 2),
(188, 188, 2),
(189, 189, 2),
(190, 190, 2),
(191, 191, 2),
(192, 192, 2),
(193, 193, 2),
(194, 194, 2),
(195, 195, 2),
(196, 196, 2),
(197, 197, 2),
(198, 198, 2),
(199, 199, 2),
(200, 200, 2),
(201, 201, 2),
(202, 202, 2),
(203, 203, 2),
(204, 204, 2),
(205, 205, 2),
(206, 206, 2),
(207, 207, 2),
(208, 208, 2),
(209, 210, 2),
(210, 211, 2),
(211, 212, 2),
(212, 213, 2),
(213, 214, 2),
(214, 215, 2),
(215, 216, 2),
(216, 217, 2),
(217, 218, 2),
(218, 219, 2),
(219, 220, 2),
(220, 221, 2),
(221, 222, 2),
(222, 223, 2),
(223, 224, 2),
(224, 225, 2),
(225, 226, 2),
(226, 227, 2),
(227, 228, 2),
(228, 229, 2),
(229, 230, 2),
(230, 231, 2),
(231, 232, 2),
(232, 233, 2),
(233, 234, 2),
(234, 235, 2),
(235, 236, 2),
(236, 237, 2),
(237, 238, 2),
(238, 239, 2),
(239, 240, 2),
(240, 241, 2),
(241, 242, 2),
(242, 243, 2),
(243, 244, 2),
(244, 245, 2),
(245, 246, 2),
(246, 247, 2),
(247, 248, 2),
(248, 249, 2);

--
-- Constraints for dumped tables
--

--
-- Constraints for table `users_groups`
--
ALTER TABLE `users_groups`
  ADD CONSTRAINT `fk_users_groups_groups1` FOREIGN KEY (`group_id`) REFERENCES `groups` (`id`) ON DELETE CASCADE ON UPDATE NO ACTION,
  ADD CONSTRAINT `fk_users_groups_users1` FOREIGN KEY (`user_id`) REFERENCES `users` (`id`) ON DELETE CASCADE ON UPDATE NO ACTION;

/*!40101 SET CHARACTER_SET_CLIENT=@OLD_CHARACTER_SET_CLIENT */;
/*!40101 SET CHARACTER_SET_RESULTS=@OLD_CHARACTER_SET_RESULTS */;
/*!40101 SET COLLATION_CONNECTION=@OLD_COLLATION_CONNECTION */;
